[
  {
    "href": "https://link.springer.com/article/10.1007/s11136-004-0830-y",
    "id": "g2k4H4noa2sJ",
    "childNodes": [
      "Using",
      "structural equation modeling",
      "to detect response shifts and true change"
    ]
  },
  {
    "href": "https://search.proquest.com/openview/a778d630df6747e2918f1527a34cbd76/1?pq-origsite=gscholar&cbl=36584",
    "id": "ufgAQtlYbQ4J",
    "childNodes": [
      "Logistics research methods: employing",
      "structural equation modeling",
      "to test for construct validity"
    ]
  },
  {
    "href": "https://www.tandfonline.com/doi/abs/10.1080/10705519609540052",
    "id": "hfVFWRQpA0kJ",
    "childNodes": [
      "CFI versus RMSEA: A comparison of two fit indexes for",
      "structural equation modeling"
    ]
  },
  {
    "href": "https://books.google.com/books?hl=en&lr=&id=VfonDwAAQBAJ&oi=fnd&pg=PA269&dq=+Structural+Equation+Modeling&ots=-NB5lpBiUE&sig=i3aqUx0xugEkm5jyv5mVSRpBI9k",
    "id": "Hhqz_YiVUPYJ",
    "childNodes": [
      "Non-normal and categorical data in",
      "structural equation modeling"
    ]
  },
  {
    "href": "https://www.tandfonline.com/doi/abs/10.1080/10401330701542685",
    "id": "1BWbr3OhGWcJ",
    "childNodes": [
      "How to use",
      "structural equation modeling",
      "in medical education research: A brief guide"
    ]
  },
  {
    "href": "https://pubsonline.informs.org/doi/abs/10.1287/mnsc.33.4.525",
    "id": "wCw4Lx8FIAAJ",
    "childNodes": [
      "An approach for confirmatory measurement and",
      "structural equation modeling",
      "of organizational properties"
    ]
  },
  {
    "href": "https://journals.sagepub.com/doi/abs/10.1177/1094428115621609",
    "id": "Eoq7iwAF-hoJ",
    "childNodes": [
      "Integrating moderation and mediation: A",
      "structural equation modeling",
      "approach"
    ]
  },
  {
    "href": "https://www.tandfonline.com/doi/abs/10.2753/MTP1069-6679160402",
    "id": "gG03aU5dVGAJ",
    "childNodes": [
      "Structural equation modeling",
      "in marketing: Some practical reminders"
    ]
  },
  {
    "href": "https://www.emerald.com/insight/content/doi/10.1016/S1479-8387(04)01111-7",
    "id": "SVnuxafwnlIJ",
    "childNodes": [
      "Structural equation modeling",
      "methods in strategy research: Applications and issues"
    ]
  }
]