[
  {
    "href": "https://www.sciencedirect.com/science/article/pii/S0925527304002968",
    "id": "NInO5smgciYJ",
    "childNodes": [
      "A",
      "structural equation model",
      "of supply chain quality management and organizational performance"
    ]
  },
  {
    "href": "https://pubsonline.informs.org/doi/abs/10.1287/mksc.1040.0070",
    "id": "yI4Cxtc0VhwJ",
    "childNodes": [
      "Multicollinearity and measurement error in",
      "structural equation models",
      ": Implications for theory testing"
    ]
  },
  {
    "href": "https://www.tandfonline.com/doi/abs/10.1207/s15328007sem1203_2",
    "id": "zUbX6DBDVX8J",
    "childNodes": [
      "The relation among fit indexes, power, and sample size in",
      "structural equation modeling"
    ]
  },
  {
    "href": "https://www.sciencedirect.com/science/article/pii/S0957417412002291",
    "id": "K76Ti-BtpKEJ",
    "childNodes": [
      "Structural equation modeling",
      "for multi-stage analysis on Radio Frequency Identification (RFID) diffusion in the health care industry"
    ]
  },
  {
    "href": "https://www.tandfonline.com/doi/abs/10.1080/10705511.2017.1369354",
    "id": "pRl1cIxHStkJ",
    "childNodes": [
      "State space",
      "modeling",
      "in an open source, modular,",
      "structural equation modeling",
      "environment"
    ]
  },
  {
    "href": "https://www.sciencedirect.com/science/article/pii/S0360835214002988",
    "id": "HHkcL-q302gJ",
    "childNodes": [
      "Customer satisfaction and loyalty analysis with classification algorithms and",
      "Structural Equation Modeling"
    ]
  },
  {
    "href": "https://www.sciencedirect.com/science/article/pii/S0040162521005758",
    "id": "lJoGMfP6YF8J",
    "childNodes": [
      "A tailored-fit",
      "model",
      "evaluation strategy for better decisions about",
      "structural equation models"
    ]
  },
  {
    "href": "https://www.tandfonline.com/doi/abs/10.1080/10705511.2013.797827",
    "id": "Byolsm7SzvIJ",
    "childNodes": [
      "Multivariate meta-analysis as",
      "structural equation models"
    ]
  },
  {
    "href": "https://www.sciencedirect.com/science/article/pii/S030439590500607X",
    "id": "L4w0STz3iWYJ",
    "childNodes": [
      "The fear-avoidance",
      "model",
      "of chronic pain: validation and age analysis using",
      "structural equation modeling"
    ]
  },
  {
    "href": "https://link.springer.com/article/10.1007/BF02295644",
    "id": "JjTh-A2QQCkJ",
    "childNodes": [
      "Structural equation modeling",
      "with heavy tailed distributions"
    ]
  }
]