[
  {
    "href": "https://www.sciencedirect.com/science/article/pii/S0377221702005787",
    "id": "TbuE_682IlUJ",
    "childNodes": [
      "The comparative efficacy of imputation methods for missing data in",
      "structural equation modeling"
    ]
  },
  {
    "href": "https://www.academia.edu/download/39285916/PLS-CB.pdf",
    "id": "v6IQZGYseCUJ",
    "childNodes": [
      "A comparison of partial least square",
      "structural equation modeling",
      "(PLS-SEM) and covariance based",
      "structural equation modeling",
      "(CB-SEM) for confirmatory …"
    ]
  },
  {
    "href": "https://link.springer.com/article/10.1007/s11136-005-3975-4",
    "id": "asovSPRgzjUJ",
    "childNodes": [
      "Putting Wilson and Cleary to the test: analysis of a HRQOL conceptual",
      "model",
      "using",
      "structural equation modeling"
    ]
  },
  {
    "href": "https://psycnet.apa.org/journals/neu/22/4/508/",
    "id": "uYpAL_bmhK4J",
    "childNodes": [
      "Executive function in older adults: a",
      "structural equation modeling",
      "approach."
    ]
  },
  {
    "href": "https://www.jstor.org/stable/249498",
    "id": "ODCtWblWgPYJ",
    "childNodes": [
      "Personal computing acceptance factors in small firms: a",
      "structural equation model"
    ]
  },
  {
    "href": "https://www.sciencedirect.com/science/article/pii/S0040162517302949",
    "id": "IKv90FJ-hkoJ",
    "childNodes": [
      "Adoption of Internet of Things in India: A test of competing",
      "models",
      "using a",
      "structured equation modeling",
      "approach"
    ]
  },
  {
    "href": "https://journals.sagepub.com/doi/abs/10.1177/154405910708600804",
    "id": "M5w7Ddm3myUJ",
    "childNodes": [
      "Testing a conceptual",
      "model",
      "of oral health: a",
      "structural equation modeling",
      "approach"
    ]
  },
  {
    "href": "https://www.tandfonline.com/doi/abs/10.1080/10705519809540105",
    "id": "F2lgWtnGceUJ",
    "childNodes": [
      "Interactions of latent variables in",
      "structural equation models"
    ]
  },
  {
    "href": "https://journals.sagepub.com/doi/abs/10.1177/0049124192021002002",
    "id": "ShPv1AXybr0J",
    "childNodes": [
      "Monte Carlo evaluations of goodness of fit indices for",
      "structural equation models"
    ]
  },
  {
    "href": "https://psycnet.apa.org/journals/met/23/2/318/",
    "id": "O3DZJ4EbnWYJ",
    "childNodes": [
      "On congruence and incongruence of measures of fit in",
      "structural equation modeling",
      "."
    ]
  }
]