[
  {
    "href": "https://www.sciencedirect.com/science/article/pii/S0925527306000053",
    "id": "hxDlupMiWMsJ",
    "childNodes": [
      "Product development practices and performance: A",
      "structural equation modeling",
      "-based multi-group analysis"
    ]
  },
  {
    "href": "https://journals.sagepub.com/doi/abs/10.1177/004912418000900101",
    "id": "2rhO-jhtTBcJ",
    "childNodes": [
      "Effect analysis in",
      "structural equation models",
      ": Extensions and simplified methods of computation"
    ]
  },
  {
    "href": "https://link.springer.com/article/10.1007/s11121-014-0489-8",
    "id": "tUw7ntGFghEJ",
    "childNodes": [
      "Sample size considerations in prevention research applications of multilevel",
      "modeling",
      "and",
      "structural equation modeling"
    ]
  },
  {
    "href": "https://books.google.com/books?hl=en&lr=&id=_k42EAAAQBAJ&oi=fnd&pg=PP1&dq=+Structural+Equation+Modeling&ots=9gT6ztOgXi&sig=f5jrPhvJMYd2vsuFELmHSpz3O_4",
    "id": "3m4vOP4bFf4J",
    "childNodes": [
      "Bayesian",
      "structural equation modeling"
    ]
  },
  {
    "href": "https://onlinelibrary.wiley.com/doi/abs/10.1111/j.1467-6494.1986.tb00392.x",
    "id": "gXmn-e2QsSsJ",
    "childNodes": [
      "Structural equation models",
      "and personality research"
    ]
  },
  {
    "href": "https://papers.ssrn.com/Sol3/Papers.Cfm?Abstract_Id=2676480",
    "id": "jKzHkOdhA2QJ",
    "childNodes": [
      "AMOS covariance-based",
      "structural equation modeling",
      "(CB-SEM): Guidelines on its application as a marketing research tool"
    ]
  },
  {
    "href": "https://www.sciencedirect.com/science/article/pii/S0386111224000396",
    "id": "C7gmliMUbe8J",
    "childNodes": [
      "Understanding the influence of environmental factors on driver speed: A",
      "structural equation modeling",
      "analysis"
    ]
  },
  {
    "href": "https://www.jstatsoft.org/article/view/v088i08",
    "id": "wQE4h5lVNYEJ",
    "childNodes": [
      "Plssem: a stata package for",
      "structural equation modeling",
      "with partial least squares"
    ]
  },
  {
    "href": "https://onlinelibrary.wiley.com/doi/abs/10.1002/mar.21640",
    "id": "K64x9YNGO_sJ",
    "childNodes": [
      "Progress in partial least squares",
      "structural equation modeling",
      "use in marketing research in the last decade"
    ]
  },
  {
    "href": "https://www.tandfonline.com/doi/pdf/10.1080/10705519509540020",
    "id": "CTsLSF6FTUAJ",
    "childNodes": [
      "Problems with error in",
      "structural equation models"
    ]
  }
]