[
  {
    "href": "https://www.ncbi.nlm.nih.gov/pmc/articles/PMC5360631/",
    "id": "dlzUnF5xNekJ",
    "childNodes": [
      "Structural equation modeling",
      "in the context of clinical research"
    ]
  },
  {
    "href": "https://psycnet.apa.org/record/2001-10249-003",
    "id": "ewO6TMJiuHIJ",
    "childNodes": [
      "The impact of nonnormality on full information maximum-likelihood estimation for",
      "structural equation models",
      "with missing data."
    ]
  },
  {
    "href": "https://eric.ed.gov/?id=EJ1218390",
    "id": "DdClmDzusw4J",
    "childNodes": [
      "A",
      "Structural Equation Model",
      "of Predictors of Online Learners' Engagement and Satisfaction."
    ]
  },
  {
    "href": "https://www.sciencedirect.com/science/article/pii/S0967070X08000206",
    "id": "OryhqeO1DbAJ",
    "childNodes": [
      "Transit market research using",
      "structural equation modeling",
      "and attitudinal market segmentation"
    ]
  },
  {
    "href": "https://link.springer.com/article/10.1007/s11336-001-0930-9",
    "id": "FCZBJMB8ctsJ",
    "childNodes": [
      "On nonequivalence of several procedures of",
      "structural equation modeling"
    ]
  },
  {
    "href": "https://link.springer.com/chapter/10.1007/978-3-319-71691-6_1",
    "id": "kSQzQvlq38MJ",
    "childNodes": [
      "Rise of the partial least squares",
      "structural equation modeling",
      ": An application in banking"
    ]
  },
  {
    "href": "https://www.emerald.com/insight/content/doi/10.1108/17566261311328828/full/html",
    "id": "c3NCBj6s4ugJ",
    "childNodes": [
      "Gender effects on entrepreneurial intention: a meta‐analytical",
      "structural equation model"
    ]
  },
  {
    "href": "https://www.sciencedirect.com/science/article/pii/S0040162523003505",
    "id": "6VMfuQCUXIMJ",
    "childNodes": [
      "The choice of",
      "structural equation modeling",
      "technique matters: A commentary on Dash and Paul (2021)"
    ]
  },
  {
    "href": "https://www.sciencedirect.com/science/article/pii/S0001457508001516",
    "id": "LlYjk0lmbnMJ",
    "childNodes": [
      "Analysis of traffic accident size for Korean highway using",
      "structural equation models"
    ]
  },
  {
    "href": "https://ageconsearch.umn.edu/record/103989/",
    "id": "Qt6WbdZ9OBgJ",
    "childNodes": [
      "Determinants of willingness to purchase organic food: An exploratory study using",
      "structural equation modeling"
    ]
  }
]