[
  {
    "href": "https://www.sciencedirect.com/science/article/pii/S0959652619325971",
    "id": "IDEIlX3cdFMJ",
    "childNodes": [
      "Consumers' intention-based influence factors of renewable power generation technology utilization: a",
      "structural equation modeling",
      "approach"
    ]
  },
  {
    "href": "https://www.sciencedirect.com/science/article/pii/S0925753511000956",
    "id": "6_-oisg2sn4J",
    "childNodes": [
      "Analysis of business safety performance by",
      "structural equation models"
    ]
  },
  {
    "href": "https://www.sciencedirect.com/science/article/pii/S0091743503001221",
    "id": "vgU1WwLKPqYJ",
    "childNodes": [
      "Social support reduces the impact of partner violence on health: application of",
      "structural equation models"
    ]
  },
  {
    "href": "https://www.tandfonline.com/doi/abs/10.1207/S15328007SEM0902_3",
    "id": "sLCBHcUmq-IJ",
    "childNodes": [
      "Reliability of scales with general",
      "structure",
      ": Point and interval estimation using a",
      "structural equation modeling",
      "approach"
    ]
  },
  {
    "href": "https://link.springer.com/article/10.1007/s41237-019-00085-5",
    "id": "Aj7IRKddu54J",
    "childNodes": [
      "A concept analysis of methodological research on composite-based",
      "structural equation modeling",
      ": bridging PLSPM and GSCA"
    ]
  },
  {
    "href": "https://www.sciencedirect.com/science/article/pii/S1877858514000060",
    "id": "oJOcW1Ks9qIJ",
    "childNodes": [
      "Partial least squares",
      "structural equation modeling",
      "(PLS-SEM): A useful tool for family business researchers"
    ]
  },
  {
    "href": "https://academic.oup.com/biomet/article-abstract/101/1/219/2364921",
    "id": "J5Y6Eqm7p10J",
    "childNodes": [
      "Identifiability of Gaussian",
      "structural equation models",
      "with equal error variances"
    ]
  },
  {
    "href": "https://psycnet.apa.org/fulltext/2012-24038-003.html",
    "id": "LR_KbscwvBsJ",
    "childNodes": [
      "Hopes and cautions in implementing Bayesian",
      "structural equation modeling",
      "."
    ]
  },
  {
    "href": "https://www.sciencedirect.com/science/article/pii/S0360131518302458",
    "id": "7F4tOG65h00J",
    "childNodes": [
      "The technology acceptance",
      "model",
      "(TAM): A meta-analytic",
      "structural equation modeling",
      "approach to explaining teachers' adoption of digital technology in education"
    ]
  },
  {
    "href": "https://onlinelibrary.wiley.com/doi/abs/10.1002/ejsp.2106",
    "id": "6w2vyz-T9uIJ",
    "childNodes": [
      "Mediation analysis with",
      "structural equation models",
      ": Combining theory, design, and statistics"
    ]
  }
]