[
  {
    "href": "https://journals.sagepub.com/doi/abs/10.1191/0265532205lt295oa",
    "id": "gtUO_P2o7CoJ",
    "childNodes": [
      "Generalizability of writing scores: An application of",
      "structural equation modeling"
    ]
  },
  {
    "href": "https://www.tandfonline.com/doi/abs/10.1080/19312450802458935",
    "id": "7ItM_szi0EgJ",
    "childNodes": [
      "Item parceling in",
      "structural equation modeling",
      ": A primer"
    ]
  },
  {
    "href": "https://books.google.com/books?hl=en&lr=&id=PWObEAAAQBAJ&oi=fnd&pg=PA110&dq=+Structural+Equation+Modeling&ots=8mjafDHCqU&sig=B9cdTWLtotq2UZ4N9ImhTJBTiOE",
    "id": "qlVUyE8PatoJ",
    "childNodes": [
      "Simulation methods in",
      "structural equation modeling"
    ]
  },
  {
    "href": "https://www.tandfonline.com/doi/abs/10.1198/016214505000001005",
    "id": "rQUOYb5WKvUJ",
    "childNodes": [
      "Structural equation models",
      ": a review with applications to environmental epidemiology"
    ]
  },
  {
    "href": "https://www.cje.net.cn/EN/abstract/abstract25293.shtml",
    "id": "Xj06gFfC8lsJ",
    "childNodes": [
      "The application of",
      "structural equation modeling",
      "in ecology based on R."
    ]
  },
  {
    "href": "https://www.tandfonline.com/doi/abs/10.1080/14783360601152400",
    "id": "mNB1fnQoOFgJ",
    "childNodes": [
      "Understanding the antecedents to customer loyalty by applying",
      "structural equation modeling"
    ]
  },
  {
    "href": "https://onlinelibrary.wiley.com/doi/abs/10.1111/j.1467-9922.2008.00444.x",
    "id": "6cncHwHPEH0J",
    "childNodes": [
      "Toward a",
      "model",
      "of motivated vocabulary learning: A",
      "structural equation modeling",
      "approach"
    ]
  },
  {
    "href": "https://www.sciencedirect.com/science/article/pii/S0148296301003010",
    "id": "y_pFTzKPWgIJ",
    "childNodes": [
      "Statistical power and",
      "structural equation models",
      "in business research"
    ]
  },
  {
    "href": "https://books.google.com/books?hl=en&lr=&id=iDD71aY6RXkC&oi=fnd&pg=PA27&dq=+Structural+Equation+Modeling&ots=NKvlkbuLr8&sig=-2Q-tZdzROc5GgCJ6cRt6Tnhg2w",
    "id": "-2gJ7rRdHeEJ",
    "childNodes": [
      "Structural equation modeling"
    ]
  },
  {
    "href": "https://www.sciencedirect.com/science/article/pii/0167811691900208",
    "id": "Iwme4U7EPtkJ",
    "childNodes": [
      "On the use of",
      "structural equation models",
      "in experimental designs: Two extensions"
    ]
  }
]