[
  {
    "href": "https://www.sciencedirect.com/science/article/pii/S0360131511000637",
    "id": "vCViT4aec6cJ",
    "childNodes": [
      "An assessment of the influence of perceived enjoyment and attitude on the intention to use technology among pre-service teachers: A",
      "structural equation modeling",
      "…"
    ]
  },
  {
    "href": "https://psycnet.apa.org/fulltext/2019-31855-001.html",
    "id": "oc9nIvvCYwQJ",
    "childNodes": [
      "Adapting fit indices for Bayesian",
      "structural equation modeling",
      ": Comparison to maximum likelihood."
    ]
  },
  {
    "href": "https://www.tandfonline.com/doi/abs/10.1080/10705511.2019.1647785",
    "id": "z3iYlsMyyC0J",
    "childNodes": [
      "Assessing",
      "model",
      "fit in",
      "structural equation modeling",
      "using appropriate test statistics"
    ]
  },
  {
    "href": "https://psycnet.apa.org/journals/met/13/2/150.html?uid=2008-06808-005",
    "id": "xCj_EDbJJK0J",
    "childNodes": [
      "Constrained versus unconstrained estimation in",
      "structural equation modeling",
      "."
    ]
  },
  {
    "href": "https://www.taylorfrancis.com/chapters/edit/10.4324/9780203108550-15/level-structural-equation-modeling-paras-mehta",
    "id": "iZ_9X4MAXk4J",
    "childNodes": [
      "N-level",
      "structural equation modeling"
    ]
  },
  {
    "href": "https://muse.jhu.edu/pub/1/article/246521/summary",
    "id": "r1QewckoWZcJ",
    "childNodes": [
      "Racial differences in the effects of campus racial climate on degree completion: A",
      "structural equation model"
    ]
  },
  {
    "href": "https://www.emerald.com/insight/content/doi/10.1108/02632771011031538/full/",
    "id": "3svRszlKvyEJ",
    "childNodes": [
      "Measuring customer satisfaction of FM service in housing sector: A",
      "structural equation model",
      "approach"
    ]
  },
  {
    "href": "https://link.springer.com/article/10.1007/s10551-009-0227-5",
    "id": "_ZOebiFQ678J",
    "childNodes": [
      "Intellectual capital management enablers: a",
      "structural equation modeling",
      "analysis"
    ]
  },
  {
    "href": "https://www.sciencedirect.com/science/article/pii/S2210670719310510",
    "id": "_onjSpsXilAJ",
    "childNodes": [
      "Quantifying the dynamic effects of smart city development enablers using",
      "structural equation modeling"
    ]
  },
  {
    "href": "https://link.springer.com/article/10.1007/s40685-018-0072-4",
    "id": "I0DElI4Q3pEJ",
    "childNodes": [
      "Partial least squares",
      "structural equation modeling",
      "-based discrete choice",
      "modeling",
      ": an illustration in",
      "modeling",
      "retailer choice"
    ]
  }
]