[
  {
    "href": "https://journals.sagepub.com/doi/abs/10.1177/109442810143004",
    "id": "nLIVWpW7ZUAJ",
    "childNodes": [
      "The effects of",
      "model",
      "parsimony and sampling error on the fit of",
      "structural equation models"
    ]
  },
  {
    "href": "https://psycnet.apa.org/fulltext/1999-10108-002.html",
    "id": "K-aQeSAFlA8J",
    "childNodes": [
      "Structural equation models",
      "of sexual harassment: Longitudinal explorations and cross-sectional generalizations."
    ]
  },
  {
    "href": "https://link.springer.com/article/10.1007/s10729-017-9393-7",
    "id": "4CONNV7WrNwJ",
    "childNodes": [
      "An in-depth discussion and illustration of partial least squares",
      "structural equation modeling",
      "in health care"
    ]
  },
  {
    "href": "https://www.sciencedirect.com/science/article/pii/S2210539514000108",
    "id": "mnMy9ozrl0sJ",
    "childNodes": [
      "Passenger satisfaction with airline service quality in Malaysia: A",
      "structural equation modeling",
      "approach"
    ]
  },
  {
    "href": "https://www.sciencedirect.com/science/article/pii/S008525381554800X",
    "id": "urLNVnOBCvsJ",
    "childNodes": [
      "Bidirectional relationship between chronic kidney and periodontal disease: a study using",
      "structural equation modeling"
    ]
  },
  {
    "href": "https://onlinelibrary.wiley.com/doi/abs/10.1155/2022/2594221",
    "id": "PIVabKGte_kJ",
    "childNodes": [
      "Modeling",
      "the social factors affecting students' satisfaction with online learning: A",
      "structural equation modeling",
      "approach"
    ]
  },
  {
    "href": "https://www.sciencedirect.com/science/article/pii/S1871187123001384",
    "id": "OXgTqT6blzMJ",
    "childNodes": [
      "English as a foreign language teachers' professional success, loving pedagogy and creativity: A",
      "structural equation modeling",
      "approach"
    ]
  },
  {
    "href": "https://www.sciencedirect.com/science/article/pii/S0195666309005364",
    "id": "LZdaqZSt3esJ",
    "childNodes": [
      "Possible pathways between depression, emotional and external eating. A",
      "structural equation model"
    ]
  },
  {
    "href": "https://www.tandfonline.com/doi/abs/10.1080/00273171.2011.558736",
    "id": "t48rnBQejmQJ",
    "childNodes": [
      "Bias and efficiency in",
      "structural equation modeling",
      ": Maximum likelihood versus robust methods"
    ]
  },
  {
    "href": "https://www.tandfonline.com/doi/abs/10.1080/00273170701710205",
    "id": "rMOs-Az5Pa0J",
    "childNodes": [
      "Quasi-maximum likelihood estimation of",
      "structural equation models",
      "with multiple interaction and quadratic effects"
    ]
  }
]