[
  {
    "href": "https://www.stats.ox.ac.uk/~snijders/mpr_Schermelleh.pdf",
    "id": "jKsjRCsnwe8J",
    "childNodes": [
      "Evaluating the fit of",
      "structural equation models",
      ": Tests of significance and descriptive goodness-of-fit measures"
    ]
  },
  {
    "href": "https://onlinelibrary.wiley.com/doi/abs/10.1002/0470013192.bsa596",
    "id": "kDgog_7GhycJ",
    "childNodes": [
      "Structural equation modeling",
      ": categorical variables"
    ]
  },
  {
    "href": "https://www.tandfonline.com/doi/abs/10.1207/s15327752jpa6803_4",
    "id": "lC5a1CeyfRIJ",
    "childNodes": [
      "Structural equation modeling",
      ": Basic concepts and applications in personality assessment research"
    ]
  },
  {
    "href": "https://psycnet.apa.org/record/2001-05785-008",
    "id": "Zje38qN5IioJ",
    "childNodes": [
      "Structural equation modeling",
      ": A user's guide."
    ]
  },
  {
    "href": "https://www.tandfonline.com/doi/abs/10.1080/10705511.2017.1369088",
    "id": "USKfFwe1RkUJ",
    "childNodes": [
      "Revisiting the",
      "model",
      "size effect in",
      "structural equation modeling"
    ]
  },
  {
    "href": "https://www.jstor.org/stable/23044047",
    "id": "tTLXZDezjTAJ",
    "childNodes": [
      "Evaluating effect, composite, and causal indicators in",
      "structural equation models"
    ]
  },
  {
    "href": "https://psycnet.apa.org/record/2009-18372-007",
    "id": "Z4KAqbE0xEsJ",
    "childNodes": [
      "Promise and pitfalls of",
      "structural equation modeling",
      "in gifted research."
    ]
  },
  {
    "href": "https://library.oapen.org/bitstream/handle/20.500.12657/22385/9780367221898_text%20(1).pdf?sequence=1#page=240",
    "id": "s7fLGow74oMJ",
    "childNodes": [
      "Small sample solutions for",
      "structural equation modeling"
    ]
  },
  {
    "href": "https://link.springer.com/article/10.1007/s11747-014-0403-8",
    "id": "Ejf0bUOpqOYJ",
    "childNodes": [
      "A new criterion for assessing discriminant validity in variance-based",
      "structural equation modeling"
    ]
  }
]