[
  {
    "href": "https://www.tandfonline.com/doi/abs/10.1080/10705510903203433",
    "id": "MtI3swH3xlQJ",
    "childNodes": [
      "Testing",
      "structural equation models",
      "or detection of misspecifications?"
    ]
  },
  {
    "href": "https://www.tandfonline.com/doi/abs/10.1207/S15328007SEM0803_2",
    "id": "X1WdhGeGIvoJ",
    "childNodes": [
      "Performance of bootstrapping approaches to",
      "model",
      "test statistics and parameter standard error estimation in",
      "structural equation modeling"
    ]
  },
  {
    "href": "https://ieeexplore.ieee.org/abstract/document/6684787/",
    "id": "F5RCmfVUV3oJ",
    "childNodes": [
      "Understanding engineering identity through",
      "structural equation modeling"
    ]
  },
  {
    "href": "https://www.sciencedirect.com/science/article/pii/S0957417409000736",
    "id": "dK2lZDHpvOYJ",
    "childNodes": [
      "Effect of project characteristics on project performance in construction projects based on",
      "structural equation model"
    ]
  },
  {
    "href": "https://www.sciencedirect.com/science/article/pii/S1369847811000696",
    "id": "JVgudD_IQtwJ",
    "childNodes": [
      "Analysis of drivers' behavior under reduced visibility conditions using a",
      "Structural Equation Modeling",
      "approach"
    ]
  },
  {
    "href": "https://ascelibrary.org/doi/abs/10.1061/(ASCE)CO.1943-7862.0001452",
    "id": "JQ8h0Y_McO8J",
    "childNodes": [
      "Structural equation model",
      "of the factors affecting construction labor productivity"
    ]
  },
  {
    "href": "https://journals.sagepub.com/doi/full/10.1177/002224379703400311",
    "id": "9zr5qJM1NvAJ",
    "childNodes": [
      "Book Review:",
      "Structural Equation Modeling",
      ": Concepts, Issues, and Applications"
    ]
  },
  {
    "href": "https://pubsonline.informs.org/doi/abs/10.1287/mksc.19.4.328.11789",
    "id": "TUsNoSl6UlQJ",
    "childNodes": [
      "A hierarchical Bayesian methodology for treating heterogeneity in",
      "structural equation models"
    ]
  },
  {
    "href": "https://www.sciencedirect.com/science/article/pii/S0360131517301197",
    "id": "giH45JUfQuYJ",
    "childNodes": [
      "The roles of learning strategies and motivation in online language learning: A",
      "structural equation modeling",
      "analysis"
    ]
  },
  {
    "href": "https://journals.sagepub.com/doi/abs/10.1177/1536867X1801800201",
    "id": "fGBkMJ6f3BgJ",
    "childNodes": [
      "Linear dynamic panel-data estimation using maximum likelihood and",
      "structural equation modeling"
    ]
  }
]