[
  {
    "href": "https://journals.sagepub.com/doi/abs/10.1177/0163278705278277",
    "id": "5BXb-dqgGnkJ",
    "childNodes": [
      "Application of",
      "structural equation modeling",
      "to health outcomes research"
    ]
  },
  {
    "href": "https://books.google.com/books?hl=en&lr=&id=PWObEAAAQBAJ&oi=fnd&pg=PA97&dq=+Structural+Equation+Modeling&ots=8mjafDHCnY&sig=Y0-BNFYZT15O7UjLs2cNm2KFtbQ",
    "id": "EMLvGSZC7YQJ",
    "childNodes": [
      "Latent variables in",
      "structural equation modeling"
    ]
  },
  {
    "href": "https://psycnet.apa.org/record/2012-16551-017",
    "id": "YEXX49uJSYsJ",
    "childNodes": [
      "Structural equation modeling",
      "with missing data."
    ]
  },
  {
    "href": "https://www.tandfonline.com/doi/abs/10.1080/00913367.2017.1281780",
    "id": "mWudMxjT-uUJ",
    "childNodes": [
      "Bridging design and behavioral research with variance-based",
      "structural equation modeling"
    ]
  },
  {
    "href": "https://psycnet.apa.org/fulltext/2012-24739-001.html",
    "id": "ivtkutLIhJEJ",
    "childNodes": [
      "Structural equation model",
      "trees."
    ]
  },
  {
    "href": "https://ellenhamaker.github.io/DSEM-book-chapter/HamakerAsparouhovMuthen21.pdf",
    "id": "XX1iBlIV3UsJ",
    "childNodes": [
      "Dynamic",
      "structural equation modeling",
      "as a combination of time series",
      "modeling",
      ", multilevel",
      "modeling",
      ", and",
      "structural equation modeling"
    ]
  },
  {
    "href": "https://psycnet.apa.org/fulltext/2003-10098-004.html",
    "id": "Gcoi9FFd4L8J",
    "childNodes": [
      "Testing mediational",
      "models",
      "with longitudinal data: questions and tips in the use of",
      "structural equation modeling",
      "."
    ]
  },
  {
    "href": "https://scholar.archive.org/work/a5c3nooqn5enhfpl6hbpxnwooa/access/wayback/https://core.ac.uk/download/pdf/25802891.pdf",
    "id": "bDcD3006d9QJ",
    "childNodes": [
      "Restructuring and expanding technology acceptance",
      "model structural equation model",
      "and Bayesian approach"
    ]
  },
  {
    "href": "https://www.emerald.com/insight/content/doi/10.1108/03090560310495456/full/html",
    "id": "KRO7rBWmvGgJ",
    "childNodes": [
      "Customer repurchase intention: A general",
      "structural equation model"
    ]
  },
  {
    "href": "https://www.scielosp.org/pdf/csp/v26n12/04.pdf",
    "id": "fG7PDwyBxx8J",
    "childNodes": [
      "Structural equation modeling",
      "in epidemiology"
    ]
  }
]