[
  {
    "href": "https://www.tandfonline.com/doi/full/10.1080/10705511.2013.769397",
    "id": "LUM7G-9AaCwJ",
    "childNodes": [
      "Handbook of",
      "structural equation modeling"
    ]
  },
  {
    "href": "https://www.tandfonline.com/doi/abs/10.1080/10705519409539977",
    "id": "1KfikRZhtkIJ",
    "childNodes": [
      "Causation issues in",
      "structural equation modeling",
      "research"
    ]
  },
  {
    "href": "https://www.academia.edu/download/59812918/ICLST_14_Dragan-Topolsek_IntroductiontoStructuralEquationModelingReviewMethodologyandPracticalApplications_P20190620-78070-1bqq3gg.pdf",
    "id": "Ec2M2hfpCPcJ",
    "childNodes": [
      "Introduction to",
      "structural equation modeling",
      ": review, methodology and practical applications"
    ]
  },
  {
    "href": "https://www.tandfonline.com/doi/abs/10.1080/01688638808402800",
    "id": "TIPaJ-MYPiEJ",
    "childNodes": [
      "An introduction to",
      "structural equation models"
    ]
  },
  {
    "href": "https://www.tandfonline.com/doi/abs/10.1080/10705511.2016.1154793",
    "id": "YL4DIpYOvTQJ",
    "childNodes": [
      "Regularized",
      "structural equation modeling"
    ]
  },
  {
    "href": "https://www.sciencedirect.com/science/article/pii/S0261517700000625",
    "id": "oABunCkc4OwJ",
    "childNodes": [
      "Validating a tourism development theory with",
      "structural equation modeling"
    ]
  },
  {
    "href": "https://www.annualreviews.org/content/journals/10.1146/annurev.clinpsy.1.102803.144239",
    "id": "u5rEIBv50EsJ",
    "childNodes": [
      "Structural equation modeling",
      ": Strengths, limitations, and misconceptions"
    ]
  },
  {
    "href": "https://books.google.com/books?hl=en&lr=&id=OOvpBwAAQBAJ&oi=fnd&pg=PR19&dq=+Structural+Equation+Modeling&ots=BvRMjHEG-x&sig=fGqWWkot6M6-3efyMhX30iwTPEQ",
    "id": "9sOxzJNWrt8J",
    "childNodes": [
      "Basic principles of",
      "structural equation modeling",
      ": An introduction to LISREL and EQS"
    ]
  },
  {
    "href": "https://books.google.com/books?hl=en&lr=&id=dBR0mU6W8YAC&oi=fnd&pg=PR10&dq=+Structural+Equation+Modeling&ots=J1l7GB6hlc&sig=Q8LydnjQb3KVlaEDiVrL2xMkg0U",
    "id": "743cfI3coKQJ",
    "childNodes": [
      "Structural equation modeling",
      "with EQS and EQS/Windows: Basic concepts, applications, and programming"
    ]
  },
  {
    "href": "https://journals.aom.org/doi/abs/10.5465/19416520903065683",
    "id": "-zk1YlRXzKYJ",
    "childNodes": [
      "12",
      "structural equation modeling",
      "in management research: A guide for improved analysis"
    ]
  }
]