[
  {
    "href": "https://psycnet.apa.org/record/1994-35901-001",
    "id": "ArLVYdlwX8cJ",
    "childNodes": [
      "Structural equation modeling",
      "with longitudinal data: strategies for examining group differences and reciprocal relationships."
    ]
  },
  {
    "href": "https://academic.oup.com/aje/article-abstract/176/7/608/123006",
    "id": "1TVCKZJOHEwJ",
    "childNodes": [
      "Invited commentary:",
      "structural equation models",
      "and epidemiologic analysis"
    ]
  },
  {
    "href": "https://psycnet.apa.org/fulltext/2006-22258-007.html",
    "id": "_LyAjioLdIEJ",
    "childNodes": [
      "On the likelihood ratio test in",
      "structural equation modeling",
      "when parameters are subject to boundary constraints."
    ]
  },
  {
    "href": "https://www.sciencedirect.com/science/article/pii/S0169204615001103",
    "id": "vcDqUQ-_QO4J",
    "childNodes": [
      "Influence of urban contexts on soundscape perceptions: A",
      "structural equation modeling",
      "approach"
    ]
  },
  {
    "href": "https://www.sciencedirect.com/science/article/pii/0149206394900337",
    "id": "t-wIHSAfcU0J",
    "childNodes": [
      "A large-scale second-order",
      "structural equation model",
      "of the influence of management participation on organizational planning benefits"
    ]
  },
  {
    "href": "https://muse.jhu.edu/pub/1/article/183981/summary",
    "id": "x_EepNXdn7kJ",
    "childNodes": [
      "Gender differences in explaining grades using",
      "structural equation modeling"
    ]
  },
  {
    "href": "https://www2.papelesdelpsicologo.es/English/1794.pdf",
    "id": "M6TUMTLu-1YJ",
    "childNodes": [
      "Structural equation models"
    ]
  },
  {
    "href": "https://books.google.com/books?hl=en&lr=&id=Q1qxrStK5voC&oi=fnd&pg=PA138&dq=+Structural+Equation+Modeling&ots=uBRolJhRfJ&sig=iPpUel4UfM0abWWvt4uy71dWv6w",
    "id": "RPyjvtDFyzAJ",
    "childNodes": [
      "Structural equation modeling",
      "in clinical psychology research"
    ]
  },
  {
    "href": "https://psycnet.apa.org/fulltext/1998-11538-002.html",
    "id": "SrZm67TxbicJ",
    "childNodes": [
      "A cautionary note on measurement error corrections in",
      "structural equation models",
      "."
    ]
  },
  {
    "href": "https://onlinelibrary.wiley.com/doi/abs/10.1155/2012/263953",
    "id": "viDI2aS0-zMJ",
    "childNodes": [
      "Structural equation modeling",
      ": theory and applications in forest management"
    ]
  }
]