[
  {
    "href": "https://psycnet.apa.org/record/2014-01991-006",
    "id": "LWwk-9ghTwoJ",
    "childNodes": [
      "Conditional process",
      "modeling",
      ": Using",
      "structural equation modeling",
      "to examine contingent causal processes."
    ]
  },
  {
    "href": "https://psycnet.apa.org/record/1990-97699-002",
    "id": "ppSswUoKke8J",
    "childNodes": [
      "What",
      "structural equation modeling",
      "can tell us about social support."
    ]
  },
  {
    "href": "https://www.sciencedirect.com/science/article/pii/S1053535706001144",
    "id": "cNy2fRcpajkJ",
    "childNodes": [
      "Children capabilities: A",
      "structural equation model",
      "for India"
    ]
  },
  {
    "href": "https://www.jstor.org/stable/bullecosociamer.86.4.283",
    "id": "BiRomOVsa2wJ",
    "childNodes": [
      "Interpreting the results from multiple regression and",
      "structural equation models"
    ]
  },
  {
    "href": "https://www.sciencedirect.com/science/article/pii/S1057740809001119",
    "id": "OUlu0OUK2skJ",
    "childNodes": [
      "Everything you always wanted to know about SEM (",
      "structural equations modeling",
      ") but were afraid to ask"
    ]
  },
  {
    "href": "https://link.springer.com/article/10.1023/A:1007136110218",
    "id": "iHqDGItxahoJ",
    "childNodes": [
      "A validation of the subjective vitality scale using",
      "structural equation modeling"
    ]
  },
  {
    "href": "http://repository.umy.ac.id/bitstream/handle/123456789/2485/E%20BOOK%20SEM%20DENGAN%20AMOS%2018.pdf?sequence=8",
    "id": "B6zoGrQRwJEJ",
    "childNodes": [
      "Structural equation modeling"
    ]
  },
  {
    "href": "https://academic.oup.com/bib/article-abstract/3/2/119/181732",
    "id": "B49RPIg7jR4J",
    "childNodes": [
      "Analytic approaches to twin data using",
      "structural equation models"
    ]
  },
  {
    "href": "https://psycnet.apa.org/record/2008-06338-007",
    "id": "pm2Up7Mn6lIJ",
    "childNodes": [
      "Commentary on the uses and misuses of",
      "structural equation modeling",
      "in communication research."
    ]
  },
  {
    "href": "https://aisel.aisnet.org/jitta/vol11/iss2/2/",
    "id": "1zf94GVWgIgJ",
    "childNodes": [
      "Structural equation modeling",
      "in information systems research using partial least squares"
    ]
  }
]