[
  {
    "href": "https://www.tandfonline.com/doi/abs/10.1080/10705511.2015.1065414",
    "id": "UQpNmcqEV6IJ",
    "childNodes": [
      "Assessing",
      "structural equation models",
      "by equivalence testing with adjusted fit indexes"
    ]
  },
  {
    "href": "https://www.academia.edu/download/39627062/2013_journal_10_PLS_MB.pdf",
    "id": "iwAYSHQAbuMJ",
    "childNodes": [
      "Partial least squares",
      "structural equation modeling",
      "(PLS-SEM) techniques using SmartPLS"
    ]
  },
  {
    "href": "https://www.emerald.com/insight/content/doi/10.1108/IMDS-10-2019-0529/full/html",
    "id": "3KKz5mpLt1IJ",
    "childNodes": [
      "Demystifying the role of causal-predictive",
      "modeling",
      "using partial least squares",
      "structural equation modeling",
      "in information systems research"
    ]
  },
  {
    "href": "https://www.sciencedirect.com/science/article/pii/S0967070X15300652",
    "id": "Rxq_j47BofwJ",
    "childNodes": [
      "Passenger satisfaction evaluation",
      "model",
      "for Urban rail transit: A",
      "structural equation modeling",
      "based on partial least squares"
    ]
  },
  {
    "href": "https://www.mdpi.com/2411-5134/7/3/59",
    "id": "SB9eAuQ0tvwJ",
    "childNodes": [
      "The strategy of factors influencing learning satisfaction explored by first and second-order",
      "structural equation modeling",
      "(SEM)"
    ]
  },
  {
    "href": "https://psycnet.apa.org/fulltext/2002-12450-002.html",
    "id": "OwMqxL5hbrMJ",
    "childNodes": [
      "Development of interests and competency beliefs: A 1-year longitudinal study of fifth-to eighth-grade students using the ICA-R and",
      "structural equation modeling",
      "."
    ]
  },
  {
    "href": "https://www.lifescied.org/doi/abs/10.1187/cbe.20-01-0016",
    "id": "BaiztsryBqcJ",
    "childNodes": [
      "“How well does your",
      "structural equation model",
      "fit your data?”: Is Marcoulides and Yuan's equivalence test the answer?"
    ]
  },
  {
    "href": "https://link.springer.com/chapter/10.1007/978-3-540-32827-8_14",
    "id": "xf2CRKAATI8J",
    "childNodes": [
      "Comparison of likelihood and PLS estimators for",
      "structural equation modeling",
      ": A simulation with customer satisfaction data"
    ]
  },
  {
    "href": "https://psycnet.apa.org/record/2008-12294-002",
    "id": "vT5XoT2xHNEJ",
    "childNodes": [
      "A",
      "model",
      "for integrating fixed-, random-, and mixed-effects meta-analyses into",
      "structural equation modeling",
      "."
    ]
  },
  {
    "href": "https://arxiv.org/abs/2301.11811",
    "id": "7V3WxOA-VkUJ",
    "childNodes": [
      "A systematic review of",
      "structural equation modeling",
      "in augmented reality applications"
    ]
  }
]