[
  {
    "href": "https://psycnet.apa.org/journals/met/29/2/262/",
    "id": "uhFGq27LlpgJ",
    "childNodes": [
      "A",
      "structural equation modeling",
      "approach for",
      "modeling",
      "variability as a latent variable."
    ]
  },
  {
    "href": "https://www.jstor.org/stable/43825995",
    "id": "ZeOQT1s3y38J",
    "childNodes": [
      "Discovering unobserved heterogeneity in",
      "structural equation models",
      "to avert validity threats"
    ]
  },
  {
    "href": "https://cdnsciencepub.com/doi/abs/10.4141/cjps2010-035",
    "id": "ug-eUUPU80gJ",
    "childNodes": [
      "Structural equation modeling",
      "in the plant sciences: An example using yield components in oat"
    ]
  },
  {
    "href": "https://www.tandfonline.com/doi/abs/10.1080/00273171.2020.1717922",
    "id": "hWKTMItzO44J",
    "childNodes": [
      "Improving fit indices in",
      "structural equation modeling",
      "with categorical data"
    ]
  },
  {
    "href": "https://journals.sagepub.com/doi/abs/10.1177/0193841X11412069",
    "id": "utLpJFEi5xQJ",
    "childNodes": [
      "Testing mediation using multiple regression and",
      "structural equation modeling",
      "analyses in secondary data"
    ]
  },
  {
    "href": "https://onlinelibrary.wiley.com/doi/abs/10.1002/mpr.337",
    "id": "fqX5kYyr5mIJ",
    "childNodes": [
      "Structural equation modeling",
      "of repeated retrospective reports of childhood maltreatment"
    ]
  },
  {
    "href": "https://search.proquest.com/openview/dae1f6b81943cbef46937d294c78e1e9/1?pq-origsite=gscholar&cbl=28391",
    "id": "vMuru_lQHicJ",
    "childNodes": [
      "Structural equation modeling",
      "of factors that influence consumer internet purchase intentions of services"
    ]
  },
  {
    "href": "https://www.tandfonline.com/doi/abs/10.1207/S15328007SEM0704_3",
    "id": "K83Sp9Alx1sJ",
    "childNodes": [
      "The performance of ML, GLS, and WLS estimation in",
      "structural equation modeling",
      "under conditions of misspecification and nonnormality"
    ]
  },
  {
    "href": "https://search.proquest.com/openview/7019f1836fca0b26c6721191828efb63/1?pq-origsite=gscholar&cbl=18750&diss=y",
    "id": "EpQA5tT_oMEJ",
    "childNodes": [
      "Adolescent religious development and commitment: A",
      "structural equation model",
      "of the role of family, peer group, and educational influences"
    ]
  },
  {
    "href": "https://www.tandfonline.com/doi/abs/10.1080/00220970209599509",
    "id": "rNl6g3IAgngJ",
    "childNodes": [
      "A",
      "structural equation model",
      "of parental involvement, motivational and aptitudinal characteristics, and academic achievement"
    ]
  }
]