[
  {
    "href": "https://books.google.com/books?hl=en&lr=&id=OdaNAgAAQBAJ&oi=fnd&pg=PA165&dq=+Structural+Equation+Modeling&ots=iIceFgQDae&sig=h2kS8tlJWAExY1oI2H-ekO4AW1Q",
    "id": "3rpGgkraFz0J",
    "childNodes": [
      "Alternative",
      "model",
      "specifications in",
      "structural equation modeling"
    ]
  },
  {
    "href": "https://psycnet.apa.org/journals/bul/105/3/430/",
    "id": "kZEzWfUR6XgJ",
    "childNodes": [
      "Evaluation of goodness-of-fit indices for",
      "structural equation models",
      "."
    ]
  },
  {
    "href": "https://eric.ed.gov/?id=EJ1062693",
    "id": "E70l3zg7ApMJ",
    "childNodes": [
      "Solutions for missing data in",
      "structural equation modeling",
      "."
    ]
  },
  {
    "href": "https://www.sciencedirect.com/science/article/pii/B9780444520449500203",
    "id": "adenjzF3lx8J",
    "childNodes": [
      "Robust procedures in",
      "structural equation modeling"
    ]
  },
  {
    "href": "https://api.taylorfrancis.com/content/chapters/edit/download?identifierName=doi&identifierValue=10.4324/9780203874769-11&type=chapterpdf",
    "id": "aOF7YhDLcdEJ",
    "childNodes": [
      "Data",
      "modeling",
      ":",
      "Structural equation modeling"
    ]
  },
  {
    "href": "http://www.kharazmi-statistics.ir/Uploads/Public/book/research%20in%20organization.pdf#page=162",
    "id": "LT471dMEMR8J",
    "childNodes": [
      "Structural equation modeling",
      "(SEM): An introduction to basic techniques and advanced issues"
    ]
  },
  {
    "href": "https://www.torrossa.com/gs/resourceProxy?an=4912151&publisher=FZ7200",
    "id": "WlwBRqH63PEJ",
    "childNodes": [
      "Structural equation modeling",
      "for social and personality psychology"
    ]
  },
  {
    "href": "https://www.tandfonline.com/doi/abs/10.1207/s15327906mbr4103_1",
    "id": "igXTQkeYdakJ",
    "childNodes": [
      "Quantifying parsimony in",
      "structural equation modeling"
    ]
  },
  {
    "href": "https://link.springer.com/article/10.1007/s10869-013-9285-x",
    "id": "hTC1j2yizysJ",
    "childNodes": [
      "Successfully combining meta-analysis and",
      "structural equation modeling",
      ": Recommendations and strategies"
    ]
  }
]