[
  {
    "href": "https://jurnal.likmi.ac.id/Jurnal/11_2009/SEM_dahlia_.pdf",
    "id": "n2UpoHlBqioJ",
    "childNodes": [
      "Structural Equation Model",
      "(SEM)"
    ]
  },
  {
    "href": "https://link.springer.com/article/10.1007/S11336-008-9099-3",
    "id": "3a6_jnOIu5wJ",
    "childNodes": [
      "Reliability of summed item scores using",
      "structural equation modeling",
      ": An alternative to coefficient alpha"
    ]
  },
  {
    "href": "https://www.tandfonline.com/doi/abs/10.1080/13607863.2011.615737",
    "id": "8gt2CWKA0CcJ",
    "childNodes": [
      "Resilience and coping as predictors of general well-being in the elderly: A",
      "structural equation modeling",
      "approach"
    ]
  },
  {
    "href": "https://onlinelibrary.wiley.com/doi/abs/10.1002/9781119111931.ch159",
    "id": "Tm-708XojOMJ",
    "childNodes": [
      "Factor analysis and",
      "structural equation modeling"
    ]
  },
  {
    "href": "https://www.tandfonline.com/doi/abs/10.1207/S15328007SEM0901_5",
    "id": "g7CINpmI-MoJ",
    "childNodes": [
      "The effects of item parceling on goodness-of-fit and parameter estimate bias in",
      "structural equation modeling"
    ]
  },
  {
    "href": "https://onlinelibrary.wiley.com/doi/abs/10.1111/jpim.12738",
    "id": "SVeldjxURxwJ",
    "childNodes": [
      "Same",
      "model",
      ", same data, but different outcomes: Evaluating the impact of method choices in",
      "structural equation modeling"
    ]
  },
  {
    "href": "https://link.springer.com/article/10.1186/1471-2288-7-17",
    "id": "VhDbnUtYCV0J",
    "childNodes": [
      "Relation between body mass index and depression: a",
      "structural equation modeling",
      "approach"
    ]
  },
  {
    "href": "https://www.jstor.org/stable/23044046",
    "id": "45eFJ0jBd0AJ",
    "childNodes": [
      "Incorporating formative measures into covariance-based",
      "structural equation models"
    ]
  },
  {
    "href": "https://www.tandfonline.com/doi/abs/10.1080/00220973.2013.876231",
    "id": "icYxPPqvfjQJ",
    "childNodes": [
      "Application of exploratory",
      "structural equation modeling",
      "to evaluate the academic motivation scale"
    ]
  },
  {
    "href": "https://link.springer.com/content/pdf/10.1057/9781137484956_11?pdf=chapter%20toc",
    "id": "rW0RXTWFCZUJ",
    "childNodes": [
      "Structural equation modeling",
      ": Principles, processes, and practices"
    ]
  }
]