[
  {
    "href": "https://www.jstatsoft.org/article/view/v100i06",
    "id": "KZH-nJhhHHIJ",
    "childNodes": [
      "Efficient Bayesian",
      "structural equation modeling",
      "in Stan"
    ]
  },
  {
    "href": "https://pdfs.semanticscholar.org/38b3/f5e60058b1c1e0a576897144c85f48f0d86d.pdf",
    "id": "-Yy5NTHbJI4J",
    "childNodes": [
      "Use of",
      "structural equation modeling",
      "in social science research"
    ]
  },
  {
    "href": "https://psycnet.apa.org/record/2011-02225-001",
    "id": "-vyFCKVIhEEJ",
    "childNodes": [
      "Estimating, testing, and comparing specific effects in",
      "structural equation models",
      ": the phantom",
      "model",
      "approach."
    ]
  },
  {
    "href": "https://www.taylorfrancis.com/chapters/edit/10.4324/9780203771334-10/method-variance-structural-equation-modeling-bank-dishion-skinner-patterson",
    "id": "-rA176YPIkAJ",
    "childNodes": [
      "Method variance in",
      "structural equation modeling",
      ": Living with “glop”"
    ]
  },
  {
    "href": "https://journals.sagepub.com/doi/abs/10.1177/0022022112438397",
    "id": "z8RV_o5OPD4J",
    "childNodes": [
      "Using a multilevel",
      "structural equation modeling",
      "approach to explain cross-cultural measurement noninvariance"
    ]
  },
  {
    "href": "https://deepblue.lib.umich.edu/bitstream/handle/2027.42/35611/b1378958.0001.001.pdf?se",
    "id": "NjGX8kGyAQoJ",
    "childNodes": [
      "A comparative analysis of two",
      "structural equation models",
      ": LISREL and PLS applied to market data"
    ]
  },
  {
    "href": "https://onlinelibrary.wiley.com/doi/abs/10.1111/j.1744-6570.1995.tb01784.x",
    "id": "tBjpd9EdmSMJ",
    "childNodes": [
      "Theory testing: Combining psychometric meta‐analysis and",
      "structural equations modeling"
    ]
  },
  {
    "href": "https://www.tandfonline.com/doi/abs/10.1080/07481756.1989.12022918",
    "id": "-NMN4g0VbOYJ",
    "childNodes": [
      "A primer in the use and interpretation of",
      "structural equation models"
    ]
  },
  {
    "href": "https://www.tandfonline.com/doi/abs/10.1080/03081060701461675",
    "id": "s7HPvN-PnicJ",
    "childNodes": [
      "The effects of the land use system on travel behavior: a",
      "structural equation modeling",
      "approach"
    ]
  },
  {
    "href": "https://journals.sagepub.com/doi/abs/10.1177/1094428107300343",
    "id": "h1EUSJcI-I0J",
    "childNodes": [
      "Testing mediation and suppression effects of latent variables: Bootstrapping with",
      "structural equation models"
    ]
  }
]