[
  {
    "href": "https://jonathansarwono.info/artikel/konsep_dasar_sem.pdf",
    "id": "6Uk7Y4aPlZsJ",
    "childNodes": [
      "Pengertian dasar",
      "structural equation modeling",
      "(SEM)"
    ]
  },
  {
    "href": "https://www.sciencedirect.com/science/article/pii/S0301479717303651",
    "id": "hjJ2ml37FVkJ",
    "childNodes": [
      "A",
      "structural equation modeling",
      "approach to water quality perceptions"
    ]
  },
  {
    "href": "https://iwaponline.com/wst/article-abstract/52/8/143/11055",
    "id": "NUDdepPWmRIJ",
    "childNodes": [
      "Perception of tap water risks and quality: a",
      "structural equation model",
      "approach"
    ]
  },
  {
    "href": "https://www.tandfonline.com/doi/abs/10.1080/01446193.2012.717705",
    "id": "8a914rO0BzUJ",
    "childNodes": [
      "Structural equation model",
      "for investigating factors affecting delay in Indian construction projects"
    ]
  },
  {
    "href": "https://psycnet.apa.org/record/1991-28725-001",
    "id": "xQViI2z_NqkJ",
    "childNodes": [
      "Structural equations modeling",
      "test of a turnover theory: Cross-sectional and longitudinal analyses."
    ]
  },
  {
    "href": "https://link.springer.com/article/10.3758/s13428-020-01479-0",
    "id": "wh1tRZo-1YwJ",
    "childNodes": [
      "Analytical power calculations for",
      "structural equation modeling",
      ": A tutorial and Shiny app"
    ]
  },
  {
    "href": "https://link.springer.com/article/10.1007/s11336-016-9552-7",
    "id": "DQR2vOFemmsJ",
    "childNodes": [
      "Assessing the size of",
      "model",
      "misfit in",
      "structural equation models"
    ]
  },
  {
    "href": "https://bera-journals.onlinelibrary.wiley.com/doi/abs/10.1111/j.1467-8535.2011.01228.x",
    "id": "WueDTNOTovwJ",
    "childNodes": [
      "Understanding factors associated with teacher‐directed student use of technology in elementary classrooms: A",
      "structural equation modeling",
      "approach"
    ]
  },
  {
    "href": "https://www.sciencedirect.com/science/article/pii/S0959652605002763",
    "id": "41AEvgOgs1oJ",
    "childNodes": [
      "Using",
      "structural equation modeling",
      "to test environmental performance in small and medium-sized manufacturers: can SEM help SMEs?"
    ]
  },
  {
    "href": "https://www.sciencedirect.com/science/article/pii/S1877042812006234",
    "id": "0y8mW_R0HMkJ",
    "childNodes": [
      "An investigation on critical success factors for knowledge management using",
      "structural equation modeling"
    ]
  }
]