[
  {
    "href": "https://journals.sagepub.com/doi/abs/10.3102/10769986028002135",
    "id": "75RnuQoTuhQJ",
    "childNodes": [
      "Estimating multilevel linear",
      "models",
      "as",
      "structural equation models"
    ]
  },
  {
    "href": "https://search.ebscohost.com/login.aspx?direct=true&profile=ehost&scope=site&authtype=crawler&jrnl=00989258&asa=Y&AN=83431922&h=BbBakU4MxrSsUqQ5KpKbc7Tf%2FxEfwM%2FboadtaS8DLl%2FQ%2BXEZJ%2BnPKT8DTWEzlMNC7s%2FsGlUQi%2BWsbRy01i%2FHzQ%3D%3D&crl=c",
    "id": "aJXQ2fwdNpgJ",
    "childNodes": [
      "Components of Consumer Reaction to Company-Related Mishaps: A",
      "Structural Equation Model",
      "Approach."
    ]
  },
  {
    "href": "https://journals.sagepub.com/doi/abs/10.1177/0049124101029004003",
    "id": "y55XEibqeUoJ",
    "childNodes": [
      "Improper solutions in",
      "structural equation models",
      ": Causes, consequences, and strategies"
    ]
  },
  {
    "href": "https://onlinelibrary.wiley.com/doi/abs/10.1111/j.1467-9574.2009.00445.x",
    "id": "vGOR4CrhJecJ",
    "childNodes": [
      "The effect of estimation method and sample size in multilevel",
      "structural equation modeling"
    ]
  },
  {
    "href": "https://books.google.com/books?hl=en&lr=&id=AMSR_jp-pD0C&oi=fnd&pg=PP13&dq=+Structural+Equation+Modeling&ots=IlQScfVD08&sig=MNF0qMjfOqpkIR2K7yllisEhtAo",
    "id": "NziAVf45EDgJ",
    "childNodes": [
      "Basic and advanced Bayesian",
      "structural equation modeling",
      ": With applications in the medical and behavioral sciences"
    ]
  },
  {
    "href": "https://www.sciencedirect.com/science/article/pii/S0305750X08000399",
    "id": "SoluV_RabeQJ",
    "childNodes": [
      "Estimating basic capabilities: A",
      "structural equation model",
      "applied to Bolivia"
    ]
  },
  {
    "href": "https://onlinelibrary.wiley.com/doi/abs/10.1002/jrsm.1321",
    "id": "ZiVYTEDRXKMJ",
    "childNodes": [
      "Some reflections on combining meta‐analysis and",
      "structural equation modeling"
    ]
  },
  {
    "href": "http://journal.neolectura.com/index.php/nucleus/article/view/160",
    "id": "mVvNMEZgbogJ",
    "childNodes": [
      "Indirect Effect Analysis on",
      "Structural Equation Modeling"
    ]
  },
  {
    "href": "https://onlinelibrary.wiley.com/doi/abs/10.1111/1467-9450.00263",
    "id": "_aUGsgdWxQAJ",
    "childNodes": [
      "Structural equation modeling",
      "of determinants of planning"
    ]
  },
  {
    "href": "https://journals.sagepub.com/doi/abs/10.1177/0049124184013001004",
    "id": "ZME257sflF0J",
    "childNodes": [
      "Structural equation models",
      ": Empirical identification, Heywood cases, and related problems"
    ]
  }
]