[
  {
    "href": "https://www.frontiersin.org/articles/10.3389/fenvs.2022.978691/full",
    "id": "kpwr7fW3quUJ",
    "childNodes": [
      "Role of artificial intelligence in moderating the innovative financial process of the banking sector: a research based on",
      "structural equation modeling"
    ]
  },
  {
    "href": "https://www.tandfonline.com/doi/abs/10.1207/s15326888chc3503_2",
    "id": "etv5vg-5ABUJ",
    "childNodes": [
      "Predictors of the leisure and recreation participation of children with physical disabilities: a",
      "structural equation modeling",
      "analysis"
    ]
  },
  {
    "href": "https://www.tandfonline.com/doi/abs/10.1207/S15328007SEM0701_07",
    "id": "_h51w_AnJ3cJ",
    "childNodes": [
      "Using",
      "structural equation modeling",
      "to test for differential reliability and validity: An empirical demonstration"
    ]
  },
  {
    "href": "https://psycnet.apa.org/fulltext/1997-07777-004.html",
    "id": "irr1dGCTkhYJ",
    "childNodes": [
      "Causal effects of academic self-concept on academic achievement:",
      "Structural equation models",
      "of longitudinal data."
    ]
  },
  {
    "href": "https://www.sciencedirect.com/science/article/pii/S0147176716300384",
    "id": "igbhyEANzQgJ",
    "childNodes": [
      "Measuring intercultural contact and its effects on intercultural competence: A",
      "structural equation modeling",
      "approach"
    ]
  },
  {
    "href": "https://ideas.repec.org/h/elg/eechap/14747_5.html",
    "id": "DVraJ_DHIM4J",
    "childNodes": [
      "Structural equation modeling"
    ]
  },
  {
    "href": "https://www.tandfonline.com/doi/abs/10.1080/10705511.2017.1318392",
    "id": "-Qly9a-7dlAJ",
    "childNodes": [
      "A regularized GLS for",
      "structural equation modeling"
    ]
  },
  {
    "href": "https://www.sciencedirect.com/science/article/pii/S0957417406002557",
    "id": "ctwoEMBJ7TkJ",
    "childNodes": [
      "Structural equation model",
      "for effective CRM of digital content industry"
    ]
  },
  {
    "href": "https://papers.ssrn.com/sol3/papers.cfm?abstract_id=2791766",
    "id": "__8-XcnBqkcJ",
    "childNodes": [
      "STEMM: A general finite mixture",
      "structural equation model"
    ]
  },
  {
    "href": "https://deepblue.lib.umich.edu/bitstream/handle/2027.42/78194/structural%20equation%20modeling.pdf?sequence=1",
    "id": "XYT6G9XAmgMJ",
    "childNodes": [
      "Structural equation modeling"
    ]
  }
]