[
  {
    "href": "https://journals.sagepub.com/doi/abs/10.1177/073428299801600407",
    "id": "wErnaLwpUFIJ",
    "childNodes": [
      "Software review: Software programs for",
      "structural equation modeling",
      ": Amos, EQS, and LISREL"
    ]
  },
  {
    "href": "https://lib.unib.ac.id/index.php?p=show_detail&id=20726",
    "id": "fg8-0XFCg_cJ",
    "childNodes": [
      "Structural equation modeling"
    ]
  },
  {
    "href": "https://www.taylorfrancis.com/chapters/edit/10.4324/9781315537078-1/capturing-bias-structural-equation-modeling-fons-van-de-vijver",
    "id": "HrjUpD8oXFwJ",
    "childNodes": [
      "Capturing bias in",
      "structural equation modeling"
    ]
  },
  {
    "href": "https://www.tandfonline.com/doi/abs/10.1207/s15327906mbr3301_1",
    "id": "kJdoRXzCp6oJ",
    "childNodes": [
      "Approaches to testing interaction effects using",
      "structural equation modeling",
      "methodology"
    ]
  },
  {
    "href": "https://eric.ed.gov/?id=EJ1170099",
    "id": "M28yQIaT2WEJ",
    "childNodes": [
      "A Review of",
      "Structural Equation Modeling",
      "Applications in Turkish Educational Science Literature, 2010-2015."
    ]
  },
  {
    "href": "https://link.springer.com/chapter/10.1007/978-94-007-6094-3_15",
    "id": "VUIhCe1cEbIJ",
    "childNodes": [
      "Eight myths about causality and",
      "structural equation models"
    ]
  },
  {
    "href": "https://www.sciencedirect.com/science/article/pii/S0261517709000521",
    "id": "v_d1CV2Sq70J",
    "childNodes": [
      "Comparative assessment of",
      "structural equation modeling",
      "and multiple regression research methodologies: E-commerce context"
    ]
  },
  {
    "href": "https://books.google.com/books?hl=en&lr=&id=EpubEAAAQBAJ&oi=fnd&pg=PA135&dq=+Structural+Equation+Modeling&ots=YKM3NHOpTg&sig=zHsf7WbVV0QIlLB4xAwYpBVLAjc",
    "id": "SrvUa9A1zPwJ",
    "childNodes": [
      "Overview of estimation methods and preconditions for their application with",
      "structural equation modeling"
    ]
  },
  {
    "href": "https://psycnet.apa.org/journals/met/17/3/313/",
    "id": "PGH7XMzMEKgJ",
    "childNodes": [
      "Bayesian",
      "structural equation modeling",
      ": a more flexible representation of substantive theory."
    ]
  },
  {
    "href": "https://ijme.mui.ac.ir/article-1-2228-en.html",
    "id": "YRwumLNYPMIJ",
    "childNodes": [
      "Structural equation modeling",
      "(SEM) in health sciences education researches: an overview of the method and its application"
    ]
  }
]