[
  {
    "href": "https://link.springer.com/article/10.1007/bf03326090",
    "id": "UFls-hME_YgJ",
    "childNodes": [
      "Evaluation of ground water quality using multiple linear regression and",
      "structural equation modeling"
    ]
  },
  {
    "href": "https://www.tandfonline.com/doi/abs/10.1080/10705511.2014.937849",
    "id": "yLa07fHbuQcJ",
    "childNodes": [
      "A Bayesian approach to multilevel",
      "structural equation modeling",
      "with continuous and dichotomous outcomes"
    ]
  },
  {
    "href": "https://link.springer.com/chapter/10.1007/978-3-319-64069-3_8",
    "id": "oh6QePiMokQJ",
    "childNodes": [
      "Mediation analyses in partial least squares",
      "structural equation modeling",
      ": Guidelines and empirical examples"
    ]
  },
  {
    "href": "https://journals.sagepub.com/doi/abs/10.1177/0273475302238042",
    "id": "gjbaSXLSSboJ",
    "childNodes": [
      "Student evaluation of instructor: A nomological investigation using",
      "structural equation modeling"
    ]
  },
  {
    "href": "https://link.springer.com/article/10.1007/BF02294853",
    "id": "GMfxWthxs2EJ",
    "childNodes": [
      "Fitting multivariage normal finite mixtures subject to",
      "structural equation modeling"
    ]
  },
  {
    "href": "https://www.tandfonline.com/doi/abs/10.1080/1091367X.2014.952370",
    "id": "G1UiTS9_A5IJ",
    "childNodes": [
      "Assessing",
      "model",
      "fit: Caveats and recommendations for confirmatory factor analysis and exploratory",
      "structural equation modeling"
    ]
  },
  {
    "href": "https://www.frontiersin.org/articles/10.3389/fpsyg.2021.783226/full",
    "id": "9qtg9dyy020J",
    "childNodes": [
      "The ethical use of fit indices in",
      "structural equation modeling",
      ": Recommendations for psychologists"
    ]
  },
  {
    "href": "https://www.sciencedirect.com/science/article/pii/S0360131517302087",
    "id": "exgVCpNN_roJ",
    "childNodes": [
      "Analysis of the relation between computational thinking skills and various variables with the",
      "structural equation model"
    ]
  },
  {
    "href": "https://www.jmlr.org/papers/volume12/shimizu11a/shimizu11a.pdf",
    "id": "GxkNl0l81-0J",
    "childNodes": [
      "DirectLiNGAM: A direct method for learning a linear non-Gaussian",
      "structural equation model"
    ]
  },
  {
    "href": "https://journals.sagepub.com/doi/abs/10.1177/1094428106298973",
    "id": "kdQrLT_ktXQJ",
    "childNodes": [
      "Testing equivalence in the",
      "structure",
      ", means, and variances of higher-order constructs with",
      "structural equation modeling"
    ]
  }
]