[
  {
    "href": "https://proceedings.neurips.cc/paper/2013/hash/47d1e990583c9c67424d369f3414728e-Abstract.html",
    "id": "dwm8bASKqMEJ",
    "childNodes": [
      "Causal inference on time series using restricted",
      "structural equation models"
    ]
  },
  {
    "href": "https://psycnet.apa.org/fulltext/2020-51893-001.html",
    "id": "8KyhHVihIGQJ",
    "childNodes": [
      "An approach to",
      "structural equation modeling",
      "with both factors and components: Integrated generalized",
      "structured",
      "component analysis."
    ]
  },
  {
    "href": "https://www.mdpi.com/2071-1050/9/10/1814",
    "id": "w4LEGD3uOV8J",
    "childNodes": [
      "Application of",
      "Structural Equation Modeling",
      "(SEM) to solve environmental sustainability problems: A comprehensive review and meta-analysis"
    ]
  },
  {
    "href": "https://www.degruyter.com/document/doi/10.1515/ijdhd-2014-0302/html",
    "id": "jvfBOOtNY0AJ",
    "childNodes": [
      "Use of",
      "structural equation modeling",
      "in human development research"
    ]
  },
  {
    "href": "https://www.jstor.org/stable/2786737",
    "id": "7J6sOPMiaSQJ",
    "childNodes": [
      "Social networks in",
      "structural equation models"
    ]
  },
  {
    "href": "https://eric.ed.gov/?id=EJ977667",
    "id": "aBmy7cHE5fMJ",
    "childNodes": [
      "A Demonstration of a Systematic Item-Reduction Approach Using",
      "Structural Equation Modeling",
      "."
    ]
  },
  {
    "href": "https://journals.sagepub.com/doi/abs/10.2190/EC.51.2.b",
    "id": "VOO2U1h5Ra4J",
    "childNodes": [
      "… moderating effect of gender and age on e-learning acceptance in England: A",
      "structural equation modeling",
      "approach for an extended technology acceptance",
      "model"
    ]
  },
  {
    "href": "https://www.journals.uchicago.edu/doi/abs/10.1086/285999",
    "id": "IHo4FHv_-d8J",
    "childNodes": [
      "A",
      "structural equation model",
      "of plant species richness and its application to a coastal wetland"
    ]
  },
  {
    "href": "https://iopscience.iop.org/article/10.1088/1742-6596/1793/1/012030/meta",
    "id": "zUpczapsqPgJ",
    "childNodes": [
      "Gain more insight from common latent factor in",
      "structural equation modeling"
    ]
  },
  {
    "href": "https://academic.oup.com/biomet/article-abstract/77/4/763/290950",
    "id": "BqFqWRKJJ80J",
    "childNodes": [
      "Multilevel analysis of",
      "structural equation models"
    ]
  }
]