[
  {
    "href": "https://personality-project.org/r/tutorials/summerschool.14/rosseel_sem_intro.pdf",
    "id": "-gaGG3CFUtQJ",
    "childNodes": [
      "Structural equation modeling",
      "with lavaan"
    ]
  },
  {
    "href": "https://journals.sagepub.com/doi/abs/10.1177/0011000006286345",
    "id": "SWnOVQBaufgJ",
    "childNodes": [
      "A brief guide to",
      "structural equation modeling"
    ]
  },
  {
    "href": "https://www.tandfonline.com/doi/abs/10.1080/10705519509540017",
    "id": "8ga4iI79CCQJ",
    "childNodes": [
      "Issues in applied",
      "structural equation modeling",
      "research"
    ]
  },
  {
    "href": "https://psycnet.apa.org/record/2000-00427-008",
    "id": "C0CLiY_l_w8J",
    "childNodes": [
      "Ten commandments of",
      "structural equation modeling",
      "."
    ]
  },
  {
    "href": "https://psycnet.apa.org/record/1995-97753-001",
    "id": "9fQd9ws2GlcJ",
    "childNodes": [
      "The",
      "structural equation modeling",
      "approach: Basic concepts and fundamental issues."
    ]
  },
  {
    "href": "https://www.tandfonline.com/doi/pdf/10.1080/15305058.2001.9669479",
    "id": "AZsIXRt-0XcJ",
    "childNodes": [
      "Structural equation modeling",
      ": Perspectives on the present and the future"
    ]
  },
  {
    "href": "https://link.springer.com/chapter/10.1007/978-3-8350-9371-3_12",
    "id": "7InkoZ9Gnk0J",
    "childNodes": [
      "Structural equation modeling"
    ]
  },
  {
    "href": "https://psycnet.apa.org/record/1989-14190-001",
    "id": "V12eEPMDq8cJ",
    "childNodes": [
      "Structural equation modeling",
      "in practice: A review and recommended two-step approach."
    ]
  },
  {
    "href": "https://books.google.com/books?hl=en&lr=&id=HRDfEAAAQBAJ&oi=fnd&pg=PP1&dq=+Structural+Equation+Modeling&ots=OepaRIR54M&sig=WtsQ4872-H3sKHAw9uvrjyMp734",
    "id": "D3nNFSz-2XkJ",
    "childNodes": [
      "Longitudinal",
      "structural equation modeling"
    ]
  },
  {
    "href": "https://www.academia.edu/download/41720138/Why_Should_We_Use_SEM_Pros_and_Cons_of20160129-5447-1hz6me2.pdf",
    "id": "SX5WGuD6wooJ",
    "childNodes": [
      "Pros and cons of",
      "structural equation modeling"
    ]
  }
]