[
  {
    "href": "https://www.sciencedirect.com/science/article/pii/S1386505606001699",
    "id": "AlpjqgWsFFgJ",
    "childNodes": [
      "Mobile computing acceptance factors in the healthcare industry: A",
      "structural equation model"
    ]
  },
  {
    "href": "https://link.springer.com/chapter/10.1007/978-3-540-32827-8_30",
    "id": "ozQ8cOvS-_MJ",
    "childNodes": [
      "Evaluation of",
      "structural equation models",
      "using the partial least squares (PLS) approach"
    ]
  },
  {
    "href": "https://www.emerald.com/insight/content/doi/10.1108/JIEB-09-2016-0032/full/html",
    "id": "awUblOxiwO0J",
    "childNodes": [
      "Factors influencing students' adoption of e-learning: a",
      "structural equation modeling",
      "approach"
    ]
  },
  {
    "href": "https://cdnsciencepub.com/doi/abs/10.1139/l07-101",
    "id": "EPr9dlJiS9sJ",
    "childNodes": [
      "Using",
      "structural equation modeling",
      "to analyze relationships among key causes of delay in construction"
    ]
  },
  {
    "href": "https://www.emerald.com/insight/content/doi/10.1108/978-1-78973-973-220191016",
    "id": "UyHsIbOm1xIJ",
    "childNodes": [
      "Structural equation modeling",
      ": Threshold criteria for assessing",
      "model",
      "fit"
    ]
  },
  {
    "href": "https://journals.sagepub.com/doi/abs/10.1177/0013164412449831",
    "id": "aFCq7PgZeOkJ",
    "childNodes": [
      "Multidimensionality and",
      "structural",
      "coefficient bias in",
      "structural equation modeling",
      ": A bifactor perspective"
    ]
  },
  {
    "href": "https://books.google.com/books?hl=en&lr=&id=PWObEAAAQBAJ&oi=fnd&pg=PA206&dq=+Structural+Equation+Modeling&ots=8mjafDHCpY&sig=2f0nJ5ow1Jm24L_7LWkx9eSz97c",
    "id": "NGGSBlxNb-kJ",
    "childNodes": [
      "Model",
      "selection in",
      "structural equation modeling"
    ]
  },
  {
    "href": "https://www.tandfonline.com/doi/abs/10.1080/00918369.2020.1851959",
    "id": "a-lLBQ6tLB8J",
    "childNodes": [
      "Factors associated with transphobia: A",
      "structural equation modeling",
      "approach"
    ]
  },
  {
    "href": "https://journals.sagepub.com/doi/abs/10.1177/0011000099274002",
    "id": "dm0lvuYmTJMJ",
    "childNodes": [
      "Implications of recent developments in",
      "structural equation modeling",
      "for counseling psychology"
    ]
  },
  {
    "href": "https://www.sciencedirect.com/science/article/pii/S1551741116301103",
    "id": "yWuytNVvLRwJ",
    "childNodes": [
      "Update to core reporting practices in",
      "structural equation modeling"
    ]
  }
]