[
  {
    "href": "https://www.tandfonline.com/doi/abs/10.1080/08959280701332018",
    "id": "L8IGLqOVsVAJ",
    "childNodes": [
      "The effects of leader communication on a worker's intent to stay: An investigation using",
      "structural equation modeling"
    ]
  },
  {
    "href": "https://journal.psych.ac.cn/adps/EN/abstract/abstract1149.shtml",
    "id": "XohrPi79jRAJ",
    "childNodes": [
      "Item parceling strategies in",
      "structural equation modeling"
    ]
  },
  {
    "href": "https://www.mdpi.com/2071-1050/10/5/1415",
    "id": "mGzeHF74si0J",
    "childNodes": [
      "Structural equation model",
      "for evaluating factors affecting quality of social infrastructure projects"
    ]
  },
  {
    "href": "https://onlinelibrary.wiley.com/doi/abs/10.1002/cjas.3",
    "id": "5NukvbSahwsJ",
    "childNodes": [
      "Human capital and SME internationalization: A",
      "structural equation modeling",
      "study"
    ]
  },
  {
    "href": "https://www.sciencedirect.com/science/article/pii/S0959652620332303",
    "id": "a5spDJV1iG8J",
    "childNodes": [
      "Exploring factors influencing construction waste reduction: A",
      "structural equation modeling",
      "approach"
    ]
  },
  {
    "href": "https://psycnet.apa.org/record/2016-57141-006",
    "id": "I_A85vuALs8J",
    "childNodes": [
      "Theory-guided exploration with",
      "structural equation model",
      "forests."
    ]
  },
  {
    "href": "https://www.sciencedirect.com/science/article/pii/S0925753515000685",
    "id": "zYlF-ZxKMC4J",
    "childNodes": [
      "Analyzing safety behaviors of temporary construction workers using",
      "structural equation modeling"
    ]
  },
  {
    "href": "https://www.jstor.org/stable/271030",
    "id": "jqcVLhhTG3oJ",
    "childNodes": [
      "The detection and correction of specification errors in",
      "structural equation models"
    ]
  },
  {
    "href": "https://www.tandfonline.com/doi/abs/10.1080/08874417.2008.11646040",
    "id": "ZHLbuKOakBEJ",
    "childNodes": [
      "A comparison of",
      "structural equation modeling",
      "approaches: The case of user acceptance of information systems"
    ]
  },
  {
    "href": "https://link.springer.com/chapter/10.1057/978-1-137-59900-1_21",
    "id": "44piRdHMfZQJ",
    "childNodes": [
      "Confirmatory factor analysis and",
      "structural equation modeling"
    ]
  }
]