[
  {
    "href": "https://psycnet.apa.org/record/2008-11210-009",
    "id": "6fOUrgIslEgJ",
    "childNodes": [
      "An introduction to using",
      "structural equation models",
      "in rehabilitation psychology."
    ]
  },
  {
    "href": "https://journals.sagepub.com/doi/abs/10.1177/002224378201900406",
    "id": "ey-EGwnF8KMJ",
    "childNodes": [
      "Two",
      "structural equation models",
      ": LISREL and PLS applied to consumer exit-voice theory"
    ]
  },
  {
    "href": "https://journals.humankinetics.com/view/journals/jsep/37/4/article-p410.xml",
    "id": "n1cKxcBxipAJ",
    "childNodes": [
      "Bayesian",
      "structural equation modeling",
      "in sport and exercise psychology"
    ]
  },
  {
    "href": "https://www.jstor.org/stable/1130296",
    "id": "xWlYzakMpgAJ",
    "childNodes": [
      "\" How big is big enough?\": Sample size and goodness of fit in",
      "structural equation models",
      "with latent variables"
    ]
  },
  {
    "href": "https://www.tandfonline.com/doi/abs/10.1080/10705511.2018.1554999",
    "id": "0vRreb9SXQYJ",
    "childNodes": [
      "A systematic evaluation and comparison between exploratory",
      "structural equation modeling",
      "and Bayesian",
      "structural equation modeling"
    ]
  },
  {
    "href": "https://www.tandfonline.com/doi/abs/10.1080/10705511.2013.769395",
    "id": "JUMJ6p5zCxYJ",
    "childNodes": [
      "Analyzing mixed-dyadic data using",
      "structural equation models"
    ]
  },
  {
    "href": "https://digibug.ugr.es/handle/10481/20240",
    "id": "REHY3mLrjiQJ",
    "childNodes": [
      "Exploring the role of anxiety and motivation in foreign language achievement: a",
      "structural equation modeling",
      "approach."
    ]
  },
  {
    "href": "https://www.tandfonline.com/doi/abs/10.1080/07481180290088338",
    "id": "7xQmWgQF7KgJ",
    "childNodes": [
      "Testing the grief to personal growth",
      "model",
      "using",
      "structural equation modeling"
    ]
  },
  {
    "href": "https://link.springer.com/article/10.1007/s10098-011-0379-8",
    "id": "yoqjkWCZBj0J",
    "childNodes": [
      "Structural equation modeling",
      "of sustainable manufacturing practices"
    ]
  },
  {
    "href": "https://onlinelibrary.wiley.com/doi/abs/10.1002/9781118411360.wbcla114",
    "id": "Lewb3YoDovsJ",
    "childNodes": [
      "Exploratory factor analysis and",
      "structural equation modeling"
    ]
  }
]