[
  {
    "href": "https://psycnet.apa.org/fulltext/1989-38703-001.html",
    "id": "5VgvwSBYuxoJ",
    "childNodes": [
      "Influence of sample size, estimation method, and",
      "model",
      "specification on goodness-of-fit assessments in",
      "structural equation models",
      "."
    ]
  },
  {
    "href": "https://nyaspubs.onlinelibrary.wiley.com/doi/abs/10.1111/j.1749-6632.2003.tb07294.x",
    "id": "zooo5NeJ654J",
    "childNodes": [
      "The developmental antecedents of sexual coercion against women: Testing alternative hypotheses with",
      "structural equation modeling"
    ]
  },
  {
    "href": "https://link.springer.com/chapter/10.1007/978-0-387-77942-3_2",
    "id": "kv8Yyu4t3mcJ",
    "childNodes": [
      "Structural equation modeling",
      "and ecological experiments"
    ]
  },
  {
    "href": "https://www.tandfonline.com/doi/abs/10.1080/10705511.2023.2272294",
    "id": "R4YbHf8RhywJ",
    "childNodes": [
      "GSCA Pro—free stand-alone software for",
      "structural equation modeling"
    ]
  },
  {
    "href": "https://www.tandfonline.com/doi/abs/10.1080/10705511.2014.950534",
    "id": "GCRDN6h44zEJ",
    "childNodes": [
      "Multiple-group analysis for",
      "structural equation modeling",
      "with dependent samples"
    ]
  },
  {
    "href": "https://www.sciencedirect.com/science/article/pii/S1877042814004844",
    "id": "mrUAsVcj5GwJ",
    "childNodes": [
      "The influence of students school engagement on learning achievement: A",
      "structural equation modeling",
      "analysis"
    ]
  },
  {
    "href": "https://www.emerald.com/insight/content/doi/10.1108/K-04-2022-0543",
    "id": "oDQVh72bvoEJ",
    "childNodes": [
      "A paradigm of blockchain and supply chain performance: a mediated",
      "model",
      "using",
      "structural equation modeling"
    ]
  },
  {
    "href": "https://link.springer.com/article/10.1007/s11356-020-08592-9",
    "id": "ro4NrFuNVRwJ",
    "childNodes": [
      "The influence of consumers' intention factors on willingness to pay for renewable energy: a",
      "structural equation modeling",
      "approach"
    ]
  },
  {
    "href": "https://link.springer.com/article/10.1007/bf02295842",
    "id": "gsuc64Ulfc8J",
    "childNodes": [
      "An EM algorithm for fitting two-level",
      "structural equation models"
    ]
  },
  {
    "href": "https://academic.oup.com/schizophreniabulletin/article-abstract/37/suppl_2/S41/1873595",
    "id": "OtC6GyMuGGUJ",
    "childNodes": [
      "… cognition as a mediator variable between neurocognition and functional outcome in schizophrenia: empirical review and new results by",
      "structural equation modeling"
    ]
  }
]