[
  {
    "href": "https://www.tandfonline.com/doi/pdf/10.1080/10705519509540000",
    "id": "KWEQmMbbgEMJ",
    "childNodes": [
      "Effects of estimation methods, number of indicators per factor, and improper solutions on",
      "structural equation modeling",
      "fit indices"
    ]
  },
  {
    "href": "https://www.jstor.org/stable/2095012",
    "id": "Pm0Soq5uFMQJ",
    "childNodes": [
      "The",
      "structure",
      "of attitude systems in the general public: Comparisons of a",
      "structural equation model"
    ]
  },
  {
    "href": "https://ascelibrary.org/doi/abs/10.1061/(ASCE)0733-9364(2000)126:4(268)",
    "id": "xR6yfGCr250J",
    "childNodes": [
      "Structural equation model",
      "of construction contract dispute potential"
    ]
  },
  {
    "href": "https://www.tandfonline.com/doi/abs/10.1080/10705511.2014.938596",
    "id": "SmSId8z6mT0J",
    "childNodes": [
      "When are multidimensional data unidimensional enough for",
      "structural equation modeling",
      "? An evaluation of the DETECT multidimensionality index"
    ]
  },
  {
    "href": "https://www.tandfonline.com/doi/abs/10.1080/10705511.2013.797839",
    "id": "cG7ZveQWefwJ",
    "childNodes": [
      "Reporting Monte Carlo studies in",
      "structural equation modeling"
    ]
  },
  {
    "href": "https://link.springer.com/article/10.1007/S11747-011-0261-6",
    "id": "sLfm4PJorpQJ",
    "childNodes": [
      "An assessment of the use of partial least squares",
      "structural equation modeling",
      "in marketing research"
    ]
  },
  {
    "href": "https://psycnet.apa.org/journals/ccp/62/3/427.html?uid=1994-35905-001",
    "id": "Pir5WT477t8J",
    "childNodes": [
      "Introduction to the special section:",
      "Structural equation modeling",
      "in clinical research."
    ]
  },
  {
    "href": "https://ascelibrary.org/doi/abs/10.1061/(ASCE)0742-597X(2005)21:2(70)",
    "id": "ffbYxq_iOqwJ",
    "childNodes": [
      "Structural equation model",
      "of trust and partnering success"
    ]
  },
  {
    "href": "https://onlinelibrary.wiley.com/doi/abs/10.1002/j.2158-1592.2003.tb00030.x",
    "id": "pMr-8tbllOgJ",
    "childNodes": [
      "A",
      "structural equation model",
      "of supply chain management strategies and firm performance"
    ]
  },
  {
    "href": "https://econtent.hogrefe.com/doi/abs/10.1027/1614-2241.3.3.100",
    "id": "ayC5EULmKIkJ",
    "childNodes": [
      "Challenges in nonlinear",
      "structural equation modeling"
    ]
  }
]