[
  {
    "href": "https://www.sciencedirect.com/science/article/pii/S0304380005003765",
    "id": "-WINP916v9sJ",
    "childNodes": [
      "Exploring ecological patterns with",
      "structural equation modeling",
      "and Bayesian analysis"
    ]
  },
  {
    "href": "https://psycnet.apa.org/record/2012-16551-014",
    "id": "-4OVPFogMdMJ",
    "childNodes": [
      "Model",
      "modification in",
      "structural equation modeling",
      "."
    ]
  },
  {
    "href": "https://papers.ssrn.com/sol3/papers.cfm?abstract_id=2676422",
    "id": "b3YNgOpkLc0J",
    "childNodes": [
      "Structural equation modeling",
      "with the SmartPLS"
    ]
  },
  {
    "href": "https://journals.sagepub.com/doi/abs/10.1177/002224378902600302",
    "id": "Y_ixSSPjNEgJ",
    "childNodes": [
      "On the use of",
      "structural equation models",
      "in experimental designs"
    ]
  },
  {
    "href": "https://psycnet.apa.org/record/2012-16551-006",
    "id": "EYXuQuATUCQJ",
    "childNodes": [
      "Simulation methods in",
      "structural equation modeling",
      "."
    ]
  },
  {
    "href": "https://link.springer.com/article/10.1007/s10551-007-9634-7",
    "id": "D-ZLqhLcg9AJ",
    "childNodes": [
      "Interpreting",
      "structural equation modeling",
      "results: A reply to Martin and Cullen"
    ]
  },
  {
    "href": "https://psycnet.apa.org/fulltext/1994-35906-001.html",
    "id": "iSId8sLwI5cJ",
    "childNodes": [
      "Formulating clinical research hypotheses as",
      "structural equation models",
      ": a conceptual overview."
    ]
  },
  {
    "href": "https://www.tandfonline.com/doi/abs/10.1080/10705519909540119",
    "id": "tdZWyPQUge0J",
    "childNodes": [
      "Effects of sample size, estimation methods, and",
      "model",
      "specification on",
      "structural equation modeling",
      "fit indexes"
    ]
  },
  {
    "href": "https://www.tandfonline.com/doi/abs/10.1080/10705510903008261",
    "id": "kxaSa7BVtq0J",
    "childNodes": [
      "Two rules of identification for",
      "structural equation models"
    ]
  },
  {
    "href": "https://www.tandfonline.com/doi/pdf/10.1080/10705519909540128",
    "id": "l3_92lHCxEwJ",
    "childNodes": [
      "Hierarchical regression analysis in",
      "structural equation modeling"
    ]
  }
]