[
  {
    "href": "https://books.google.com/books?hl=en&lr=&id=VN9oAgAAQBAJ&oi=fnd&pg=PP1&dq=+Structural+Equation+Modeling&ots=bga9hwoqD0&sig=Wkb762brF_aQY4IyM8fevltIj3E",
    "id": "k5pP3RXwQDAJ",
    "childNodes": [
      "Structural equation modeling"
    ]
  },
  {
    "href": "https://onlinelibrary.wiley.com/doi/abs/10.1002/9781118133880.hop202023",
    "id": "q6Qm5tEZYCcJ",
    "childNodes": [
      "Structural equation modeling"
    ]
  },
  {
    "href": "https://www.taylorfrancis.com/chapters/edit/10.4324/9781315755649-33/structural-equation-modeling-ralph-mueller-gregory-hancock",
    "id": "wOZZDwhyFDkJ",
    "childNodes": [
      "Structural equation modeling"
    ]
  },
  {
    "href": "https://www.academia.edu/download/33057755/chapter_17.pdf",
    "id": "kLpI2fxPvUsJ",
    "childNodes": [
      "Structural equation modeling"
    ]
  },
  {
    "href": "https://link.springer.com/chapter/10.1007/978-3-030-80519-7_1",
    "id": "s8N6ntEzMqsJ",
    "childNodes": [
      "An introduction to",
      "structural equation modeling"
    ]
  },
  {
    "href": "https://books.google.com/books?hl=en&lr=&id=q9zhGIlYw7kC&oi=fnd&pg=PA7&dq=+Structural+Equation+Modeling&ots=jk2Eyqs_db&sig=JLQ3EEsv645Ze83R9ciKLchGPO0",
    "id": "fJH4RndBTNsJ",
    "childNodes": [
      "Basics of",
      "structural equation modeling"
    ]
  },
  {
    "href": "https://www.sciencedirect.com/science/article/pii/S0169716106260103",
    "id": "PCijygxFalEJ",
    "childNodes": [
      "10",
      "structural equation modeling"
    ]
  },
  {
    "href": "https://psycnet.apa.org/record/2000-00427-007",
    "id": "5e-nXG_n1XgJ",
    "childNodes": [
      "Structural equation modeling",
      "."
    ]
  },
  {
    "href": "https://www.jstor.org/stable/2945933",
    "id": "TgKtR2IKi8oJ",
    "childNodes": [
      "Structural equation models"
    ]
  },
  {
    "href": "https://link.springer.com/protocol/10.1007/978-1-61779-555-8_27",
    "id": "47vTzJ9FnogJ",
    "childNodes": [
      "Structural equation modeling"
    ]
  }
]