[
  {
    "href": "https://link.springer.com/content/pdf/10.1007/978-3-319-57413-4_15.pdf",
    "id": "hjiEzEVLWTAJ",
    "childNodes": [
      "Partial least squares",
      "structural equation modeling"
    ]
  },
  {
    "href": "https://www.stat.washington.edu/raftery/Research/PDF/bollen1993.pdf",
    "id": "LjXPUx2R1woJ",
    "childNodes": [
      "Bayesian",
      "model",
      "selection in",
      "structural equation models"
    ]
  },
  {
    "href": "https://www.torrossa.com/gs/resourceProxy?an=5019197&publisher=FZ7200",
    "id": "YCqvEOrsutUJ",
    "childNodes": [
      "Introduction to",
      "structural equation modeling",
      "using IBM SPSS statistics and AMOS"
    ]
  },
  {
    "href": "https://www.ceeol.com/search/article-detail?id=417198",
    "id": "2kIiQoaDKZwJ",
    "childNodes": [
      "The problem of allowing correlated errors in",
      "structural equation modeling",
      ": concerns and considerations"
    ]
  },
  {
    "href": "https://journals.sagepub.com/doi/abs/10.1177/0049124189017003004",
    "id": "ZfBFng7sZaoJ",
    "childNodes": [
      "A new incremental fit index for general",
      "structural equation models"
    ]
  },
  {
    "href": "https://www.frontiersin.org/articles/10.3389/fpsyg.2018.00580/full",
    "id": "9Tcbg5B7M1wJ",
    "childNodes": [
      "Structural equation modeling",
      "with many variables: A systematic review of issues and developments"
    ]
  },
  {
    "href": "https://brill.com/downloadpdf/book/edcoll/9789462093324/BP000003.pdf",
    "id": "fXBBFx_2-AQJ",
    "childNodes": [
      "Structural equation modeling",
      "in educational research: A primer"
    ]
  },
  {
    "href": "https://link.springer.com/content/pdf/10.1007/978-3-319-57413-4_14.pdf",
    "id": "sODegiKq-uUJ",
    "childNodes": [
      "Structural equation modeling"
    ]
  },
  {
    "href": "https://link.springer.com/article/10.3758/s13428-011-0088-6",
    "id": "1dYaRT-djpIJ",
    "childNodes": [
      "Comparing standardized coefficients in",
      "structural equation modeling",
      ": a",
      "model",
      "reparameterization approach"
    ]
  },
  {
    "href": "https://tore.tuhh.de/entities/publication/3bc4f394-1168-4be6-a1d0-d49e63c75407",
    "id": "nxXJs0AJdRwJ",
    "childNodes": [
      "Structural equation modeling",
      "with the SmartPLS"
    ]
  }
]