[
  {
    "href": "https://journals.sagepub.com/doi/abs/10.1177/0011000005283395",
    "id": "DK8Eev9QnpEJ",
    "childNodes": [
      "Advanced applications of",
      "structural equation modeling",
      "in counseling psychology research"
    ]
  },
  {
    "href": "https://www.tandfonline.com/doi/abs/10.1207/S15327574IJT0101_4",
    "id": "reZzAQmcTWkJ",
    "childNodes": [
      "Structural equation modeling",
      "with AMOS, EQS, and LISREL: Comparative approaches to testing for the factorial validity of a measuring instrument"
    ]
  },
  {
    "href": "https://journals.sagepub.com/doi/abs/10.1177/0013164413495237",
    "id": "gSQn_Sg2jEgJ",
    "childNodes": [
      "Sample size requirements for",
      "structural equation models",
      ": An evaluation of power, bias, and solution propriety"
    ]
  },
  {
    "href": "https://onlinelibrary.wiley.com/doi/abs/10.1002/9781118445112.stat06528",
    "id": "KD7-GfN2nRcJ",
    "childNodes": [
      "Structural equation modeling",
      ": nontraditional alternatives"
    ]
  },
  {
    "href": "https://www.emerald.com/insight/content/doi/10.1108/09555341211242132/full/html",
    "id": "CHzFEV3TkKgJ",
    "childNodes": [
      "Structural equation modeling",
      "in social science research: Issues of validity and reliability in the research process"
    ]
  },
  {
    "href": "https://www.tandfonline.com/doi/abs/10.1207/s15327027hc2002_7",
    "id": "4aPRmwwVvHwJ",
    "childNodes": [
      "On the use of",
      "structural equation modeling",
      "in health communication research"
    ]
  },
  {
    "href": "https://www.tandfonline.com/doi/pdf/10.1080/07481756.1997.12068926",
    "id": "4gKKfgeBkWAJ",
    "childNodes": [
      "Structural equation modeling",
      "methods of hypothesis testing of latent variable means"
    ]
  },
  {
    "href": "https://www.tandfonline.com/doi/abs/10.1207/s15327906mbr2301_4",
    "id": "UiIPFdQeoaQJ",
    "childNodes": [
      "The impact of specification error on the estimation, testing, and improvement of",
      "structural equation models"
    ]
  },
  {
    "href": "https://journals.sagepub.com/doi/abs/10.1177/004912417600500101",
    "id": "o4TO6SgvmH8J",
    "childNodes": [
      "Interpretational confounding of unobserved variables in",
      "structural equation models"
    ]
  },
  {
    "href": "https://www.emerald.com/insight/content/doi/10.1108/EJM-07-2020-0542/full/html",
    "id": "-ob8pGs2MP8J",
    "childNodes": [
      "A comparative study of the predictive power of component-based approaches to",
      "structural equation modeling"
    ]
  }
]