[
  {
    "href": "https://link.springer.com/content/pdf/10.1007/978-3-319-16507-3.pdf",
    "id": "kEdtonm21VAJ",
    "childNodes": [
      "Structural equation models"
    ]
  },
  {
    "href": "https://www.jstor.org/stable/249674",
    "id": "vpS-p7n466YJ",
    "childNodes": [
      "Commentary: Issues and opinion on",
      "structural equation modeling"
    ]
  },
  {
    "href": "https://www.tandfonline.com/doi/abs/10.1080/10705511.2014.935842",
    "id": "-PSO6AWf7VsJ",
    "childNodes": [
      "Structural equation modeling",
      "with Ωnyx"
    ]
  },
  {
    "href": "https://www.tandfonline.com/doi/abs/10.1080/10705519709540081",
    "id": "4nMHlmmCwwYJ",
    "childNodes": [
      "Structural equation modeling",
      ": Back to basics"
    ]
  },
  {
    "href": "https://books.google.com/books?hl=en&lr=&id=P16bEAAAQBAJ&oi=fnd&pg=PA128&dq=+Structural+Equation+Modeling&ots=jzdiyn4A8J&sig=EMyyVW3FAKwL8L7U-21lYr3WpG4",
    "id": "lo3fZJYRkx4J",
    "childNodes": [
      "Assumptions in",
      "structural equation modeling"
    ]
  },
  {
    "href": "https://www.taylorfrancis.com/books/mono/10.4324/9780203726532/structural-equation-modeling-eqs-barbara-byrne-barbara-byrne",
    "id": "DkXMilmlEm8J",
    "childNodes": [
      "Structural equation modeling",
      "with EQS: Basic concepts, applications, and programming"
    ]
  },
  {
    "href": "https://www.jstor.org/stable/271070",
    "id": "nBzyOwrhy2gJ",
    "childNodes": [
      "Complex sample data in",
      "structural equation modeling"
    ]
  },
  {
    "href": "https://www.tandfonline.com/doi/abs/10.1080/10705510903008204",
    "id": "xDgQbjIFBb0J",
    "childNodes": [
      "Exploratory",
      "structural equation modeling"
    ]
  },
  {
    "href": "https://books.google.com/books?hl=en&lr=&id=aqYbT-GCo6gC&oi=fnd&pg=PR7&dq=+Structural+Equation+Modeling&ots=6775XPDHp1&sig=crWfGxaK-YNY5_EY-Et9XdMEXU0",
    "id": "jlwCyZQxh00J",
    "childNodes": [
      "Structural equation modeling",
      ": A Bayesian approach"
    ]
  }
]