[
  {
    "href": "https://psycnet.apa.org/record/2009-17949-005",
    "id": "oqfqgad3JNQJ",
    "childNodes": [
      "Mediation in dyadic data at the level of the dyads: a",
      "Structural Equation Modeling",
      "approach."
    ]
  },
  {
    "href": "https://link.springer.com/book/10.1007/978-3-319-71691-6",
    "id": "q3kgldFYBX8J",
    "childNodes": [
      "Partial least squares",
      "structural equation modeling",
      ": Recent advances in banking and finance"
    ]
  },
  {
    "href": "https://projecteuclid.org/ebook/Download?urlid=10.2969/aspm/07710035&isFullBook=false",
    "id": "cxIgmb7o7ucJ",
    "childNodes": [
      "Algebraic problems in",
      "structural equation modeling"
    ]
  },
  {
    "href": "https://www.learntechlib.org/p/183560/",
    "id": "4kpqSbFwQ0UJ",
    "childNodes": [
      "Determinants of students'e-learning acceptance in developing countries: An approach based on",
      "Structural Equation Modeling",
      "(SEM)"
    ]
  },
  {
    "href": "https://psycnet.apa.org/record/2017-52406-001",
    "id": "61ey4fU09zwJ",
    "childNodes": [
      "Prior sensitivity analysis in default Bayesian",
      "structural equation modeling",
      "."
    ]
  },
  {
    "href": "https://journals.aom.org/doi/abs/10.5465/256642",
    "id": "Ry1OyS2GwM8J",
    "childNodes": [
      "Effects of continuance, affective, and moral commitment on the withdrawal process: An evaluation of eight",
      "structural equation models"
    ]
  },
  {
    "href": "https://www.tandfonline.com/doi/abs/10.1080/10705511.2017.1389611",
    "id": "L18rpr7xGXkJ",
    "childNodes": [
      "Assessing fit in",
      "structural equation models",
      ": A Monte-Carlo evaluation of RMSEA versus SRMR confidence intervals and tests of close fit"
    ]
  },
  {
    "href": "https://academic.oup.com/jrsssa/article-abstract/175/3/828/7077668",
    "id": "dUmm2wQYYWwJ",
    "childNodes": [
      "A Beginner's Guide to",
      "Structural Equation Modeling",
      ", 3rd edn"
    ]
  },
  {
    "href": "https://onlinelibrary.wiley.com/doi/abs/10.1002/nvsm.297",
    "id": "rUizH1Op_PoJ",
    "childNodes": [
      "Determinants of charitable donation intentions: a",
      "structural equation model"
    ]
  },
  {
    "href": "https://www.emerald.com/insight/content/doi/10.1108/JKM-11-2014-0487/full/html",
    "id": "W90hS2JzDLoJ",
    "childNodes": [
      "Linkage between knowledge management and manufacturing performance: a",
      "structural equation modeling",
      "approach"
    ]
  }
]