[
  {
    "href": "https://academic.oup.com/jpepsy/article-abstract/31/8/770/982967",
    "id": "dFSWIrseZyEJ",
    "childNodes": [
      "Predictors of youth diabetes care behaviors and metabolic control: A",
      "structural equation modeling",
      "approach"
    ]
  },
  {
    "href": "https://www.igi-global.com/article/structural-equation-model-end-user/50996",
    "id": "TbF17xYc73MJ",
    "childNodes": [
      "A",
      "structural equation model",
      "of end-user satisfaction with a computer-based medical information system"
    ]
  },
  {
    "href": "https://www.emerald.com/insight/content/doi/10.1108/VJIKMS-07-2018-0063/full/html",
    "id": "WtCJMmDs5IgJ",
    "childNodes": [
      "Impact of knowledge management on organizational performance: An application of",
      "structural equation modeling"
    ]
  },
  {
    "href": "https://www.emerald.com/insight/content/doi/10.1108/01409170810845949/full/html",
    "id": "vgHib0up8-gJ",
    "childNodes": [
      "The creative environment's influence on intent to turnover: A",
      "structural equation model",
      "and analysis"
    ]
  },
  {
    "href": "https://www.sciencedirect.com/science/article/pii/S2199853124001471",
    "id": "gr8N7b1p1cYJ",
    "childNodes": [
      "… in emerging markets: Analyzing smartphone user preferences: Robustness of",
      "structural equation modeling",
      "(SEM) and simultaneous",
      "equation modeling",
      "…"
    ]
  },
  {
    "href": "https://journals.sagepub.com/doi/abs/10.1177/0149206315591075",
    "id": "BO1wqRXo-fcJ",
    "childNodes": [
      "Bayesian",
      "structural equation modeling",
      "with cross-loadings and residual covariances: Comments on Stromeyer et al."
    ]
  },
  {
    "href": "https://www.sciencedirect.com/science/article/pii/S0040162503000040",
    "id": "PhRNASuPVFYJ",
    "childNodes": [
      "Structural equation model",
      "for predicting technology commercialization success index (TCSI)"
    ]
  },
  {
    "href": "https://academic.oup.com/biostatistics/article-abstract/6/4/539/228600",
    "id": "lFANGXkHyl4J",
    "childNodes": [
      "Generalized spatial",
      "structural equation models"
    ]
  },
  {
    "href": "https://www.sciencedirect.com/science/article/pii/S0378375808000918",
    "id": "eHn4EjQLBQEJ",
    "childNodes": [
      "Use of non-normality in",
      "structural equation modeling",
      ": Application to direction of causation"
    ]
  },
  {
    "href": "https://www.mdpi.com/2227-7102/12/10/690",
    "id": "ItYe6UmBEmkJ",
    "childNodes": [
      "Using",
      "Structural equation modeling",
      "to assess a",
      "model",
      "for measuring creative teaching perceptions and practices in higher education"
    ]
  }
]