[
  {
    "href": "https://link.springer.com/article/10.3758/BF03203726",
    "id": "h1X_aOwEIWAJ",
    "childNodes": [
      "A guide to multiple-sample",
      "structural equation modeling"
    ]
  },
  {
    "href": "https://psycnet.apa.org/fulltext/2017-05295-001.html",
    "id": "WwN_2AL9wwkJ",
    "childNodes": [
      "Analyzing dyadic data with multilevel",
      "modeling",
      "versus",
      "structural equation modeling",
      ": A tale of two methods."
    ]
  },
  {
    "href": "https://www.tandfonline.com/doi/abs/10.1080/00913367.2017.1281777",
    "id": "rWznZKmovg8J",
    "childNodes": [
      "Covariance-Based",
      "Structural Equation Modeling",
      "in the",
      "I",
      ": Review and Recommendations"
    ]
  },
  {
    "href": "https://psycnet.apa.org/fulltext/2003-00272-005.html",
    "id": "Ny9DwuRqnt8J",
    "childNodes": [
      "On specifying the null",
      "model",
      "for incremental fit indices in",
      "structural equation modeling",
      "."
    ]
  },
  {
    "href": "https://link.springer.com/article/10.1007/BF02294210",
    "id": "hZVTJ5486IEJ",
    "childNodes": [
      "A general",
      "structural equation model",
      "with dichotomous, ordered categorical, and continuous latent variable indicators"
    ]
  },
  {
    "href": "https://journals.library.ualberta.ca/csp/index.php/csp/article/view/29418",
    "id": "ozDeNkdAbgUJ",
    "childNodes": [
      "Response to leslie hayduk's review of principles and practice of",
      "structural equation modeling"
    ]
  },
  {
    "href": "https://journals.sagepub.com/doi/abs/10.3141/1854-09",
    "id": "S9KSgG6VLCwJ",
    "childNodes": [
      "Analysis of elderly mobility by",
      "structural equation modeling"
    ]
  },
  {
    "href": "https://journals.sagepub.com/doi/abs/10.1177/0049124108314720",
    "id": "wpb0-qb5fOgJ",
    "childNodes": [
      "An empirical evaluation of the use of fixed cutoff points in RMSEA test statistic in",
      "structural equation models"
    ]
  },
  {
    "href": "https://library.oapen.org/handle/20.500.12657/51463",
    "id": "PYISE2ZipvgJ",
    "childNodes": [
      "Partial least squares",
      "structural equation modeling",
      "(PLS-SEM) using R: A workbook"
    ]
  }
]