[
  {
    "href": "https://link.springer.com/article/10.1186/1471-2288-12-159",
    "id": "LFyWdEirW74J",
    "childNodes": [
      "Should researchers use single indicators, best indicators, or multiple indicators in",
      "structural equation models",
      "?"
    ]
  },
  {
    "href": "https://www.tandfonline.com/doi/abs/10.1207/s15327906mbr3804_5",
    "id": "GWWXn9XkssIJ",
    "childNodes": [
      "Have multilevel",
      "models",
      "been",
      "structural equation models",
      "all along?"
    ]
  },
  {
    "href": "https://www.jstor.org/stable/1130295",
    "id": "syvyT1GSAKAJ",
    "childNodes": [
      "Latent growth curves within developmental",
      "structural equation models"
    ]
  },
  {
    "href": "https://www.tandfonline.com/doi/abs/10.1080/10705510709336745",
    "id": "X7AuHIDjFOAJ",
    "childNodes": [
      "Comparison of approaches to constructing confidence intervals for mediating effects using",
      "structural equation models"
    ]
  },
  {
    "href": "https://www.taylorfrancis.com/books/mono/10.1201/9780203701133/structural-equation-modeling-health-medicine-douglas-gunzler-adam-perzynski-adam-carle",
    "id": "zG_t4TmSt2oJ",
    "childNodes": [
      "Structural equation modeling",
      "for health and medicine"
    ]
  },
  {
    "href": "https://books.google.com/books?hl=en&lr=&id=TMz7EAAAQBAJ&oi=fnd&pg=PR3&dq=+Structural+Equation+Modeling&ots=9GLefav6YM&sig=bspLuqd14VtSeIUHabE0fjHRsKk",
    "id": "foxKi4YxuIkJ",
    "childNodes": [
      "Structural equation modeling",
      "in educational research: Concepts and applications"
    ]
  },
  {
    "href": "https://journals.sagepub.com/doi/abs/10.1177/0013164415593777",
    "id": "5IMZ0C0UwkIJ",
    "childNodes": [
      "Testing mediation in",
      "structural equation modeling",
      ": The effectiveness of the test of joint significance"
    ]
  },
  {
    "href": "https://www.tandfonline.com/doi/abs/10.1080/10705511.2011.607723",
    "id": "uGdwZkzLYMoJ",
    "childNodes": [
      "Bayesian data-",
      "model",
      "fit assessment for",
      "structural equation modeling"
    ]
  },
  {
    "href": "https://psycnet.apa.org/record/2008-12294-004",
    "id": "JL2xWn9plzQJ",
    "childNodes": [
      "Structural equation modeling",
      "of multitrait-multimethod data: different",
      "models",
      "for different types of methods."
    ]
  },
  {
    "href": "https://academic.oup.com/jcr/article-abstract/28/1/159/1851172",
    "id": "_qzUuCipY7gJ",
    "childNodes": [
      "Opportunities for improving consumer research through latent variable",
      "structural equation modeling"
    ]
  }
]