[
  {
    "href": "https://www.sciencedirect.com/science/article/pii/S0167811600000161",
    "id": "EI_qIlIo5MgJ",
    "childNodes": [
      "On the use of",
      "structural equation models",
      "for marketing",
      "modeling"
    ]
  },
  {
    "href": "https://books.google.com/books?hl=en&lr=&id=AMLN-oKmC_IC&oi=fnd&pg=PA3&dq=+Structural+Equation+Modeling&ots=twP_2sB-2q&sig=dWWO0snClQk6kCQuuj02zWqNXhE",
    "id": "BY-yEi3SX7gJ",
    "childNodes": [
      "Structural equation modeling",
      ": Present and future: A Festschrift in honor of Karl Jöreskog"
    ]
  },
  {
    "href": "https://www.taylorfrancis.com/books/mono/10.4324/9780203774762/structural-equation-modeling-lisrel-prelis-simplis-barbara-byrne",
    "id": "GUcwm4aLB74J",
    "childNodes": [
      "Structural equation modeling",
      "with LISREL, PRELIS, and SIMPLIS: Basic concepts, applications, and programming"
    ]
  },
  {
    "href": "https://books.google.com/books?hl=en&lr=&id=2eV4AgAAQBAJ&oi=fnd&pg=PT313&dq=+Structural+Equation+Modeling&ots=t1Yd4eW0sQ&sig=h6revPpv0w-XnI7PJ1fvlEpsjQU",
    "id": "Aw8igoiRolQJ",
    "childNodes": [
      "The partial least squares approach to",
      "structural equation modeling"
    ]
  },
  {
    "href": "https://www.sciencedirect.com/science/article/pii/S0191886906003862",
    "id": "sFEUwjOrP1kJ",
    "childNodes": [
      "Structural equation modeling",
      "made difficult"
    ]
  },
  {
    "href": "https://books.google.com/books?hl=en&lr=&id=VfonDwAAQBAJ&oi=fnd&pg=PA385&dq=+Structural+Equation+Modeling&ots=-NB5lpBiTE&sig=MTyt9jHEtwZH3Ud2rtUdouwBL5g",
    "id": "f18_CUyNi70J",
    "childNodes": [
      "The use of Monte Carlo studies in",
      "structural equation modeling",
      "research"
    ]
  },
  {
    "href": "https://www.sciencedirect.com/science/article/pii/S0169716107270130",
    "id": "YnLiSiiUKbsJ",
    "childNodes": [
      "13",
      "Structural Equation Modeling"
    ]
  },
  {
    "href": "https://link.springer.com/article/10.1007/BF00152011",
    "id": "UrTfqgAl1LQJ",
    "childNodes": [
      "Robustness issues in",
      "structural equation modeling",
      ": A review of recent developments"
    ]
  },
  {
    "href": "https://link.springer.com/article/10.1023/A:1009662930292",
    "id": "Mv-l1LPYxnMJ",
    "childNodes": [
      "Using",
      "structural equation modeling",
      "to investigate relationships among ecological variables"
    ]
  },
  {
    "href": "https://onlinelibrary.wiley.com/doi/abs/10.1111/j.1540-5915.1997.tb01313.x",
    "id": "i--ZgiFPVzgJ",
    "childNodes": [
      "Reexamining a",
      "model",
      "for evaluating information center success using a",
      "structural equation modeling",
      "approach"
    ]
  }
]