[
  {
    "href": "https://journals.sagepub.com/doi/abs/10.1177/0093650203030003004",
    "id": "0wxRykba1GMJ",
    "childNodes": [
      "A Monte Carlo simulation of observable versus latent variable",
      "structural equation modeling",
      "techniques"
    ]
  },
  {
    "href": "https://www.sciencedirect.com/science/article/pii/S0747563214005950",
    "id": "_BGcr6Y2JlYJ",
    "childNodes": [
      "Effects of human resource management on hotel performance using",
      "structural equation modeling"
    ]
  },
  {
    "href": "https://www.tandfonline.com/doi/abs/10.1080/0144619042000301384",
    "id": "aiQB0inrInAJ",
    "childNodes": [
      "Structural equation model",
      "of project planning effectiveness"
    ]
  },
  {
    "href": "https://link.springer.com/chapter/10.1007/978-3-319-16507-3_1",
    "id": "T7n_QfaIfmgJ",
    "childNodes": [
      "An introduction to",
      "structural equation models"
    ]
  },
  {
    "href": "https://onlinelibrary.wiley.com/doi/abs/10.1037/0002-9432.73.3.279",
    "id": "SDt7u3dTj_wJ",
    "childNodes": [
      "Factors contributing to posttraumatic growth: A proposed",
      "structural equation model"
    ]
  },
  {
    "href": "https://pubs.usgs.gov/publication/70140273",
    "id": "1zJCgLtN1dwJ",
    "childNodes": [
      "Structural equation modeling",
      ": building and evaluating causal",
      "models"
    ]
  },
  {
    "href": "https://www.sciencedirect.com/science/article/pii/S0360835220305969",
    "id": "VLcy-VhToi0J",
    "childNodes": [
      "Analysis of the factors affecting the Industry 4.0 tendency with the",
      "structural equation model",
      "and an application"
    ]
  },
  {
    "href": "https://www.tandfonline.com/doi/abs/10.1080/01621459.2000.10474283",
    "id": "I9Jgqm50VS8J",
    "childNodes": [
      "Estimation for polynomial",
      "structural equation models"
    ]
  },
  {
    "href": "https://www.taylorfrancis.com/books/mono/10.4324/9780203866955/statistical-power-analysis-missing-data-adam-davey-jyoti-tina-savla",
    "id": "E9Dj_87gCZAJ",
    "childNodes": [
      "Statistical power analysis with missing data: A",
      "structural equation modeling",
      "approach"
    ]
  },
  {
    "href": "https://www.emerald.com/insight/content/doi/10.1108/02635570710734244/full/html",
    "id": "XqJNj_44LEwJ",
    "childNodes": [
      "Intrapreneurship: a comparative",
      "structural equation modeling",
      "study"
    ]
  }
]