[
  {
    "href": "https://www.jstatsoft.org/article/view/v048i02",
    "id": "uONXDhudmCoJ",
    "childNodes": [
      "lavaan: An R package for",
      "structural equation modeling"
    ]
  },
  {
    "href": "https://www.annualreviews.org/content/journals/10.1146/annurev.psych.51.1.201",
    "id": "PcTYmc6Mvz0J",
    "childNodes": [
      "Applications of",
      "structural equation modeling",
      "in psychological research"
    ]
  },
  {
    "href": "https://books.google.com/books?hl=en&lr=&id=P16bEAAAQBAJ&oi=fnd&pg=PA49&dq=+Structural+Equation+Modeling&ots=jzdiyn4A8K&sig=FI0tvbTT6NiByZkOB105fzPO2_Q",
    "id": "K4xnK0CoDUMJ",
    "childNodes": [
      "The causal foundations of",
      "structural equation modeling"
    ]
  },
  {
    "href": "https://ideas.repec.org/b/tsj/spbook/dsemus.html",
    "id": "xDpJim8r1X0J",
    "childNodes": [
      "Discovering",
      "structural equation modeling",
      "using Stata"
    ]
  },
  {
    "href": "https://socialwork.wayne.edu/research/pdf/structural-equation-models.pdf",
    "id": "x7JxuRHh1hIJ",
    "childNodes": [
      "Structural equation models"
    ]
  },
  {
    "href": "https://link.springer.com/article/10.1186/1756-0500-3-267",
    "id": "jKbTYJ2yT_8J",
    "childNodes": [
      "Structural equation modeling",
      "in medical research: a primer"
    ]
  },
  {
    "href": "https://www.taylorfrancis.com/books/mono/10.4324/9781315827414/advanced-structural-equation-modeling-george-marcoulides-randall-schumacker",
    "id": "xjNXpeMndkgJ",
    "childNodes": [
      "Advanced",
      "structural equation modeling",
      ": Issues and techniques"
    ]
  },
  {
    "href": "https://books.google.com/books?hl=en&lr=&id=FvIxxeYDLx4C&oi=fnd&pg=PA1&dq=+Structural+Equation+Modeling&ots=_OZzz3TEwM&sig=1M0nfiBG9FBdIBNM6vqczN4NXEs",
    "id": "LmDQzLYGsWAJ",
    "childNodes": [
      "Testing",
      "structural equation models"
    ]
  },
  {
    "href": "https://www.sciencedirect.com/science/article/pii/B9780126913606500161",
    "id": "02ZOxQVDHJwJ",
    "childNodes": [
      "Structural equation modeling",
      ": Uses and issues"
    ]
  },
  {
    "href": "https://www.taylorfrancis.com/books/mono/10.4324/9781003263036/longitudinal-structural-equation-modeling-jason-newsom",
    "id": "SnTYTB3I63IJ",
    "childNodes": [
      "Longitudinal",
      "structural equation modeling",
      ": A comprehensive introduction"
    ]
  }
]