[
  {
    "href": "https://journals.sagepub.com/doi/abs/10.1177/0013164414525397",
    "id": "wnkMHGFk9vkJ",
    "childNodes": [
      "Using",
      "structural equation modeling",
      "to assess functional connectivity in the brain: Power and sample size considerations"
    ]
  },
  {
    "href": "https://books.google.com/books?hl=en&lr=&id=VfonDwAAQBAJ&oi=fnd&pg=PA345&dq=+Structural+Equation+Modeling&ots=-NB5lpBjRG&sig=9JhODcqFATlTVIqEk175WZdJbHA",
    "id": "YdUOKsW_uOwJ",
    "childNodes": [
      "Using multilevel",
      "structural equation modeling",
      "techniques with complex sample data"
    ]
  },
  {
    "href": "https://link.springer.com/article/10.1007/s12528-014-9080-3",
    "id": "rdwc01OIPqYJ",
    "childNodes": [
      "Explaining the intention to use technology among university students: A",
      "structural equation modeling",
      "approach"
    ]
  },
  {
    "href": "https://journals.sagepub.com/doi/abs/10.1177/002224378101800313",
    "id": "c0fuELjb9JUJ",
    "childNodes": [
      "Structural equation models",
      "with unobservable variables and measurement error: Algebra and statistics"
    ]
  },
  {
    "href": "https://psycnet.apa.org/fulltext/2004-17801-001.html",
    "id": "8S31yzveJ_cJ",
    "childNodes": [
      "Structural equation models",
      "of latent interactions: evaluation of alternative estimation strategies and indicator construction."
    ]
  },
  {
    "href": "https://www.tandfonline.com/doi/abs/10.1207/S15328007SEM1003_1",
    "id": "zv8fFsaO3-EJ",
    "childNodes": [
      "Effect of the number of variables on measures of fit in",
      "structural equation modeling"
    ]
  },
  {
    "href": "https://psycnet.apa.org/record/1994-07511-001",
    "id": "bNzQ5Z_v1xUJ",
    "childNodes": [
      "Structural equation modeling",
      "of relationships among developmental skills and writing skills in primary-and intermediate-grade writers."
    ]
  },
  {
    "href": "https://esajournals.onlinelibrary.wiley.com/doi/abs/10.1890/13-1997.1",
    "id": "9yVfqORJa_4J",
    "childNodes": [
      "Spatially explicit",
      "structural equation modeling"
    ]
  },
  {
    "href": "https://www.tandfonline.com/doi/abs/10.1080/00273171.2011.561068",
    "id": "xDBasqVBkjkJ",
    "childNodes": [
      "Sensitivity analysis in",
      "structural equation models",
      ": Cases and their influence"
    ]
  },
  {
    "href": "https://dl.acm.org/doi/abs/10.1145/129630.129631",
    "id": "WOvpCqSHvH4J",
    "childNodes": [
      "Determinants of MIS employees' turnover intentions: A",
      "structural equation model"
    ]
  }
]