[
  {
    "href": "https://www.tandfonline.com/doi/abs/10.3200/JEXE.74.3.267-288",
    "id": "E_LXje3SWK4J",
    "childNodes": [
      "The search for\" optimal\" cutoff properties: Fit index criteria in",
      "structural equation modeling"
    ]
  },
  {
    "href": "https://psycnet.apa.org/record/1988-98021-012",
    "id": "9mKRDKyZie8J",
    "childNodes": [
      "Issues and problems in the application of",
      "structural equation models",
      "."
    ]
  },
  {
    "href": "https://www.tandfonline.com/doi/abs/10.1080/10705510903008220",
    "id": "LJq7locs5ZoJ",
    "childNodes": [
      "Exploratory",
      "structural equation modeling",
      ", integrating CFA and EFA: Application to students' evaluations of university teaching"
    ]
  },
  {
    "href": "https://psycnet.apa.org/record/2014-09354-000",
    "id": "SoDUskix9TMJ",
    "childNodes": [
      "Longitudinal data analysis using",
      "structural equation models",
      "."
    ]
  },
  {
    "href": "https://www.tandfonline.com/doi/abs/10.1207/S15328007SEM1004_8",
    "id": "CjeRIniMI8YJ",
    "childNodes": [
      "The role of",
      "structural equation modeling",
      "in scale development"
    ]
  },
  {
    "href": "https://citeseerx.ist.psu.edu/document?repid=rep1&type=pdf&doi=8af12fc214f236b25d8413f0b24b0f708e6358fa",
    "id": "GbP5G_4UqLgJ",
    "childNodes": [
      "Testing multiple nonlinear effects in",
      "structural equation modeling",
      ": A comparison of alternative estimation approaches"
    ]
  },
  {
    "href": "https://www.sciencedirect.com/science/article/pii/S1057740810000276",
    "id": "l0dsNkcw954J",
    "childNodes": [
      "Some things you should know about",
      "structural equation modeling",
      "but never thought to ask"
    ]
  },
  {
    "href": "https://jbds.isdsa.org/jbds/article/view/29",
    "id": "KlqlXXf8SdwJ",
    "childNodes": [
      "Structural equation modeling",
      "using Stata"
    ]
  },
  {
    "href": "https://link.springer.com/article/10.1007/s11747-017-0517-x",
    "id": "zO8V1v7uj9IJ",
    "childNodes": [
      "Mirror, mirror on the wall: a comparative evaluation of composite-based",
      "structural equation modeling",
      "methods"
    ]
  },
  {
    "href": "https://www.sciencedirect.com/science/article/pii/S2210832714000246",
    "id": "qw-hoEcv42YJ",
    "childNodes": [
      "Empirical investigation of e-learning acceptance and assimilation: A",
      "structural equation model"
    ]
  }
]