[
  {
    "href": "https://journals.sagepub.com/doi/abs/10.1177/002224378101800312",
    "id": "QruJ27MUGFUJ",
    "childNodes": [
      "Evaluating",
      "structural equation models",
      "with unobservable variables and measurement error: a comment"
    ]
  },
  {
    "href": "https://psycnet.apa.org/record/2010-18043-001",
    "id": "eLF7xPMUX2UJ",
    "childNodes": [
      "A new look at the big five factor",
      "structure",
      "through exploratory",
      "structural equation modeling",
      "."
    ]
  },
  {
    "href": "https://psycnet.apa.org/record/2015-55828-001",
    "id": "eN9HBwuBatkJ",
    "childNodes": [
      "Multilevel",
      "structural equation models",
      "for assessing moderation within and across levels of analysis."
    ]
  },
  {
    "href": "https://deepblue.lib.umich.edu/bitstream/handle/2027.42/144267/jcpy83.pdf",
    "id": "q-Slk7bc34IJ",
    "childNodes": [
      "Structural equations modeling"
    ]
  },
  {
    "href": "https://www.tandfonline.com/doi/abs/10.1080/10705511.2017.1392862",
    "id": "gN-IZu9aGr0J",
    "childNodes": [
      "Number of subjects and time points needed for multilevel time-series analysis: A simulation study of dynamic",
      "structural equation modeling"
    ]
  },
  {
    "href": "https://psycnet.apa.org/record/2014-01991-004",
    "id": "QvUlCBv7yusJ",
    "childNodes": [
      "Power analysis in",
      "structural equation modeling",
      "."
    ]
  },
  {
    "href": "https://journals.sagepub.com/doi/abs/10.1177/1094428104264024",
    "id": "gELfbkC_8dkJ",
    "childNodes": [
      "Testing dependent correlation coefficients via",
      "structural equation modeling"
    ]
  },
  {
    "href": "https://www.sciencedirect.com/science/article/pii/B9780444520449500112",
    "id": "biwTxwtBc4cJ",
    "childNodes": [
      "Bayesian",
      "structural equation modeling"
    ]
  },
  {
    "href": "https://books.google.com/books?hl=en&lr=&id=PWObEAAAQBAJ&oi=fnd&pg=PA385&dq=+Structural+Equation+Modeling&ots=8mjafDHDiW&sig=WdFAfD8k4e0mCPFchHVz4hTHsCs",
    "id": "pGxw1yJXxB0J",
    "childNodes": [
      "Flexible",
      "structural Equation Modeling",
      "approaches for analyzing Means"
    ]
  },
  {
    "href": "https://www.emerald.com/insight/content/doi/10.1108/09699980810852655/full/html",
    "id": "n0XIyW9H4JQJ",
    "childNodes": [
      "Structural equation model",
      "of construction safety culture"
    ]
  }
]