[
  {
    "href": "https://journals.sagepub.com/doi/abs/10.1177/0093854803253135",
    "id": "2_wQgq1auVQJ",
    "childNodes": [
      "A test of Gottfredson and Hirschi's general theory using",
      "structural equation modeling"
    ]
  },
  {
    "href": "https://link.springer.com/article/10.1007/BF02295939",
    "id": "_b92lBt8WWEJ",
    "childNodes": [
      "Generalized multilevel",
      "structural equation modeling"
    ]
  },
  {
    "href": "https://www.jstor.org/stable/249690",
    "id": "MSRfOyXM3ZgJ",
    "childNodes": [
      "On the use, usefulness, and ease of use of",
      "structural equation modeling",
      "in MIS research: A note of caution"
    ]
  },
  {
    "href": "https://books.google.com/books?hl=en&lr=&id=zgjxnPKoKlAC&oi=fnd&pg=PP1&dq=+Structural+Equation+Modeling&ots=ZzAmp3WWBp&sig=wgkMn0Kq7pcgSkf5Ax-FBbxhSbI",
    "id": "Y7yjMCPgJdcJ",
    "childNodes": [
      "Structural equation modeling",
      ": applications in ecological and evolutionary biology"
    ]
  },
  {
    "href": "https://psycnet.apa.org/record/1995-97753-006",
    "id": "0vQSST3mmZYJ",
    "childNodes": [
      "Statistical power in",
      "structural equation modeling",
      "."
    ]
  },
  {
    "href": "https://sk.sagepub.com/hnbk/edvol/sage-hdbk-innovation-in-social-research-methods/chpt/26-convergence-structural-equation-modeling-multilevel",
    "id": "DXVf3rkkyrwJ",
    "childNodes": [
      "26 convergence of",
      "structural equation modeling",
      "and multilevel",
      "modeling"
    ]
  },
  {
    "href": "https://www.tandfonline.com/doi/abs/10.2753/MTP1069-6679160401",
    "id": "avaKEhM1i9QJ",
    "childNodes": [
      "Publishing research in marketing journals using",
      "structural equation modeling"
    ]
  },
  {
    "href": "https://www.sciencedirect.com/science/article/pii/S0261517798001046",
    "id": "PN2BEVXaLxsJ",
    "childNodes": [
      "Structural equation modeling",
      "with Lisrel: application in tourism"
    ]
  },
  {
    "href": "https://journals.sagepub.com/doi/abs/10.1177/002224377701400209",
    "id": "ioICkXCOj8UJ",
    "childNodes": [
      "Structural equation models",
      "in experimental research"
    ]
  },
  {
    "href": "https://www.tandfonline.com/doi/abs/10.1080/00031305.2012.708641",
    "id": "1xUzkVi42IgJ",
    "childNodes": [
      "A review of eight software packages for",
      "structural equation modeling"
    ]
  }
]