[
  {
    "href": "https://psycnet.apa.org/record/2023-15946-001",
    "id": "mo7U1VcLFQsJ",
    "childNodes": [
      "A",
      "structural",
      "after measurement approach to",
      "structural equation modeling",
      "."
    ]
  },
  {
    "href": "https://www.taylorfrancis.com/books/mono/10.4324/9781315162348/multiple-regression-beyond-timothy-keith",
    "id": "zJVo4Y2BJ80J",
    "childNodes": [
      "Multiple regression and beyond: An introduction to multiple regression and",
      "structural equation modeling"
    ]
  },
  {
    "href": "https://link.springer.com/article/10.1007/s11336-010-9200-6",
    "id": "zG31uJ-Sk7MJ",
    "childNodes": [
      "OpenMx: an open source extended",
      "structural equation modeling",
      "framework"
    ]
  },
  {
    "href": "https://psycnet.apa.org/record/2001-18292-004",
    "id": "21nXnJfCsaQJ",
    "childNodes": [
      "Testing parameters in",
      "structural equation modeling",
      ": every\" one\" matters."
    ]
  },
  {
    "href": "https://www.jstor.org/stable/1130287",
    "id": "Oc9CFsgZVEcJ",
    "childNodes": [
      "Causality, confirmation, credulity, and",
      "structural equation modeling"
    ]
  },
  {
    "href": "https://www.sciencedirect.com/science/article/pii/0167811695000380",
    "id": "OCI1mtjri1YJ",
    "childNodes": [
      "Applications of",
      "structural equation modeling",
      "in marketing and consumer research: A review"
    ]
  },
  {
    "href": "https://books.google.com/books?hl=en&lr=&id=AuGYVSo64qoC&oi=fnd&pg=IA2&dq=+Structural+Equation+Modeling&ots=PnxXF598PJ&sig=Wc3hTln0OpAylXpcI2pVcVup0qA",
    "id": "55fchlU1MTsJ",
    "childNodes": [
      "Structural equation modeling",
      "with LISREL: Essentials and advances"
    ]
  },
  {
    "href": "https://journals.sagepub.com/doi/abs/10.1016/j.ausmj.2017.02.001",
    "id": "pE6S2VtQHZMJ",
    "childNodes": [
      "The analysis of mechanisms and their contingencies: PROCESS versus",
      "structural equation modeling"
    ]
  },
  {
    "href": "https://www.tandfonline.com/doi/abs/10.1080/07421222.1995.11518061",
    "id": "ZYDR7hdCHk0J",
    "childNodes": [
      "Testing the determinants of microcomputer usage via a",
      "structural equation model"
    ]
  }
]