[
  {
    "href": "https://www.tandfonline.com/doi/abs/10.1080/03610919708813451",
    "id": "94K-xMTL5G0J",
    "childNodes": [
      "Information and other criteria in",
      "structural equation model",
      "selection"
    ]
  },
  {
    "href": "https://journals.sagepub.com/doi/abs/10.1177/0033294116656819",
    "id": "dy6oShZdz9gJ",
    "childNodes": [
      "Role of student well-being: A study using",
      "structural equation modeling"
    ]
  },
  {
    "href": "https://www.sciencedirect.com/science/article/pii/S1472811716300374",
    "id": "hiz1NG3WbUsJ",
    "childNodes": [
      "Acceptance and usage of a mobile information system in higher education: An empirical study with",
      "structural equation modeling"
    ]
  },
  {
    "href": "https://www.tandfonline.com/doi/abs/10.1080/10705511.2014.961800",
    "id": "XNQdYTjBZ-oJ",
    "childNodes": [
      "A bifactor exploratory",
      "structural equation modeling",
      "framework for the identification of distinct sources of construct-relevant psychometric multidimensionality"
    ]
  },
  {
    "href": "https://link.springer.com/article/10.1057/jma.2013.7",
    "id": "9-LutF2njLIJ",
    "childNodes": [
      "Marketing research using single-item indicators in",
      "structural equation models"
    ]
  },
  {
    "href": "https://onlinelibrary.wiley.com/doi/abs/10.1046/j.1365-2869.2003.00344.x",
    "id": "XvBTClvYHUgJ",
    "childNodes": [
      "Factors of home dream recall: a",
      "structural equation model"
    ]
  },
  {
    "href": "https://www.tandfonline.com/doi/abs/10.1080/10705519909540135",
    "id": "50LKIgqQjLwJ",
    "childNodes": [
      "On desirability of parsimony in",
      "structural equation model",
      "selection"
    ]
  },
  {
    "href": "https://www.sciencedirect.com/science/article/pii/S026378631000089X",
    "id": "IzpR7StTj6UJ",
    "childNodes": [
      "Structural equation model",
      "for assessing impacts of contractor's performance on project success"
    ]
  },
  {
    "href": "https://papers.ssrn.com/sol3/papers.cfm?abstract_id=2678786",
    "id": "oplY4CRYe4AJ",
    "childNodes": [
      "Structural equation modeling",
      "with Lisrel: an initial vision"
    ]
  },
  {
    "href": "https://www.tandfonline.com/doi/abs/10.1080/10705510801922316",
    "id": "ewKzSVzldkcJ",
    "childNodes": [
      "Variance estimation using replication methods in",
      "structural equation modeling",
      "with complex sample data"
    ]
  }
]