[
  {
    "href": "https://psycnet.apa.org/fulltext/2016-41158-001.html",
    "id": "C1TMD40Tv-sJ",
    "childNodes": [
      "The performance of ML, DWLS, and ULS estimation with robust corrections in",
      "structural equation models",
      "with ordinal variables."
    ]
  },
  {
    "href": "https://eric.ed.gov/?id=EJ990528",
    "id": "hm5IRBUSdqwJ",
    "childNodes": [
      "University Students' Behaviors Pertaining to Sustainability: A",
      "Structural Equation Model",
      "with Sustainability-Related Attributes."
    ]
  },
  {
    "href": "https://www.tandfonline.com/doi/abs/10.1080/10705511.2013.742385",
    "id": "GbJ5IUlwh9EJ",
    "childNodes": [
      "Multiplicity control in",
      "structural equation modeling",
      ": Incorporating parameter dependencies"
    ]
  },
  {
    "href": "https://www.tandfonline.com/doi/abs/10.1207/s15328007sem1304_4",
    "id": "MWjyX9Yu_yYJ",
    "childNodes": [
      "The effects of parceling unidimensional scales on",
      "structural",
      "parameter estimates in",
      "structural equation modeling"
    ]
  },
  {
    "href": "https://scholarworks.gsu.edu/marketing_facpub/1/",
    "id": "vAMyQlh6nSgJ",
    "childNodes": [
      "Predictive validity and formative measurement in",
      "structural equation modeling",
      ": Embracing practical relevance"
    ]
  },
  {
    "href": "https://onlinelibrary.wiley.com/doi/abs/10.1111/j.0023-8333.2005.00306.x",
    "id": "YoM_Lh2WC6cJ",
    "childNodes": [
      "Facilitating and inhibiting factors in English as a foreign language writing performance: A",
      "model",
      "testing with",
      "structural equation modeling"
    ]
  },
  {
    "href": "https://www.sciencedirect.com/science/article/pii/S1096751616302470",
    "id": "dgBruVKYUkQJ",
    "childNodes": [
      "Investigating student engagement in blended learning settings using experience sampling and",
      "structural equation modeling"
    ]
  },
  {
    "href": "https://www.tandfonline.com/doi/abs/10.1080/03610739208253915",
    "id": "vegVLHZ5oOgJ",
    "childNodes": [
      "Age-based construct validation using",
      "structural equation modeling"
    ]
  },
  {
    "href": "https://idus.us.es/bitstream/handle/11441/74065/European_management_research_using_PLS_SEM.pdf?sequence=4",
    "id": "oK5hxZYmwa8J",
    "childNodes": [
      "European management research using partial least squares",
      "structural equation modeling",
      "(PLS-SEM)"
    ]
  },
  {
    "href": "https://journals.sagepub.com/doi/abs/10.1177/00131640121971491",
    "id": "bkxPQsZ0-NAJ",
    "childNodes": [
      "Power and sample size for the root mean square error of approximation test of not close fit in",
      "structural equation modeling"
    ]
  }
]