[
  {
    "href": "https://www.mdpi.com/2071-1050/11/1/51",
    "id": "s3Ar-wPNJ4EJ",
    "childNodes": [
      "Study on factors affecting the agricultural mechanization level in China based on",
      "structural equation modeling"
    ]
  },
  {
    "href": "https://www.sciencedirect.com/science/article/pii/S0019850108000564",
    "id": "hzBNykMU9pMJ",
    "childNodes": [
      "Industrial brand value and relationship performance in business markets—A general",
      "structural equation model"
    ]
  },
  {
    "href": "https://esajournals.onlinelibrary.wiley.com/doi/abs/10.1890/1051-0761(2006)016[0503:ASEMAO]2.0.CO;2",
    "id": "UJbOgMDD_QQJ",
    "childNodes": [
      "A",
      "structural equation model",
      "analysis of postfire plant diversity in California shrublands"
    ]
  },
  {
    "href": "https://esajournals.onlinelibrary.wiley.com/doi/abs/10.1890/05-0822",
    "id": "ocKUNOiT46UJ",
    "childNodes": [
      "A",
      "structural equation model",
      "to integrate changes in functional strategies during old‐field succession"
    ]
  },
  {
    "href": "https://journals.plos.org/plosone/article?id=10.1371/journal.pone.0054729",
    "id": "XK6CwQmy7EIJ",
    "childNodes": [
      "Examining the link between patient satisfaction and adherence to HIV care: a",
      "structural equation model"
    ]
  },
  {
    "href": "https://journals.sagepub.com/doi/abs/10.1509/jimk.10.4.53.19553",
    "id": "2fWF_k_ach0J",
    "childNodes": [
      "Relationship bonding and trust as a foundation for commitment in US–Mexican strategic alliances: A",
      "structural equation modeling",
      "approach"
    ]
  },
  {
    "href": "https://www.journals.uchicago.edu/doi/abs/10.1086/499197",
    "id": "FQqMuMj_lJgJ",
    "childNodes": [
      "Testing a",
      "structural equation model",
      "of partnership program implementation and parent involvement"
    ]
  },
  {
    "href": "https://citeseerx.ist.psu.edu/document?repid=rep1&type=pdf&doi=85ed31aa796d240836c79547f892d5d72bc2d349",
    "id": "S2Iu_cgA5WQJ",
    "childNodes": [
      "Issues in the",
      "structural equation modeling",
      "of complex survey data"
    ]
  },
  {
    "href": "https://www.sciencedirect.com/science/article/pii/S0010482511001892",
    "id": "CQE7jxSdcxYJ",
    "childNodes": [
      "Vector autoregression,",
      "structural equation modeling",
      ", and their synthesis in neuroimaging data analysis"
    ]
  },
  {
    "href": "https://agupubs.onlinelibrary.wiley.com/doi/abs/10.1002/2016GB005371",
    "id": "D1fwxUU66F8J",
    "childNodes": [
      "A",
      "structural equation model",
      "analysis of phosphorus transformations in global unfertilized and uncultivated soils"
    ]
  }
]