[
  {
    "href": "https://www.taylorfrancis.com/books/mono/10.1201/9780203489437/generalized-latent-variable-modeling-anders-skrondal-sophia-rabe-hesketh",
    "id": "KWXhg998aOMJ",
    "childNodes": [
      "Generalized latent variable",
      "modeling",
      ": Multilevel, longitudinal, and",
      "structural equation models"
    ]
  },
  {
    "href": "https://www.sciencedirect.com/science/article/pii/S221138191100035X",
    "id": "YVqDvVXs_gMJ",
    "childNodes": [
      "Research of 4M1E's effect on engineering quality based on",
      "structural equation model"
    ]
  },
  {
    "href": "https://www.tandfonline.com/doi/abs/10.1080/09585192.2017.1416655",
    "id": "K2yHuLg5MI8J",
    "childNodes": [
      "Partial least squares",
      "structural equation modeling",
      "in HRM research"
    ]
  },
  {
    "href": "https://psycnet.apa.org/record/2005-12213-002",
    "id": "52Tf3aeFNpwJ",
    "childNodes": [
      "Structural equation modeling",
      "of paired-comparison and ranking data."
    ]
  },
  {
    "href": "https://psycnet.apa.org/fulltext/2013-24389-001.html",
    "id": "vqxmF_zD6IgJ",
    "childNodes": [
      "Modeling",
      "dependent effect sizes with three-level meta-analyses: a",
      "structural equation modeling",
      "approach."
    ]
  },
  {
    "href": "https://link.springer.com/article/10.1007/BF02294318",
    "id": "6OABZyK6_yUJ",
    "childNodes": [
      "Bayesian estimation and testing of",
      "structural equation models"
    ]
  },
  {
    "href": "https://www.tandfonline.com/doi/abs/10.1080/10705519809540089",
    "id": "UFd_85033tsJ",
    "childNodes": [
      "The equal correlation baseline",
      "model",
      "for comparative fit assessment in",
      "structural equation modeling"
    ]
  },
  {
    "href": "https://link.springer.com/article/10.1007/s10490-023-09871-y",
    "id": "yhYpjSTfok8J",
    "childNodes": [
      "Reporting reliability, convergent and discriminant validity with",
      "structural equation modeling",
      ": A review and best-practice recommendations"
    ]
  },
  {
    "href": "https://ieeexplore.ieee.org/abstract/document/6803892/",
    "id": "asx7c0ZAJeMJ",
    "childNodes": [
      "Partial least squares (PLS)",
      "structural equation modeling",
      "(SEM) for building and testing behavioral causal theory: When to choose it and how to use it"
    ]
  }
]