[
  {
    "href": "https://www.tandfonline.com/doi/abs/10.1080/10705511.2014.937847",
    "id": "aJUPmMKvyFcJ",
    "childNodes": [
      "semPlot: Unified visualizations of",
      "structural equation models"
    ]
  },
  {
    "href": "https://journals.sagepub.com/doi/abs/10.1177/00343552070510010701",
    "id": "w1Y28fe56n8J",
    "childNodes": [
      "Structural equation modeling",
      "in rehabilitation counseling research"
    ]
  },
  {
    "href": "https://www.tandfonline.com/doi/abs/10.1080/10705519709540056",
    "id": "oVmjPPpFFHYJ",
    "childNodes": [
      "A didactic example of multilevel",
      "structural equation modeling",
      "applicable to the study of organizations"
    ]
  },
  {
    "href": "https://onlinelibrary.wiley.com/doi/abs/10.1111/0081-1750.00052",
    "id": "w79bRyvwgiMJ",
    "childNodes": [
      "Structural equation modeling",
      "with robust covariances"
    ]
  },
  {
    "href": "https://www.sciencedirect.com/science/article/pii/S0360131519300259",
    "id": "5pL5wQ_X3OQJ",
    "childNodes": [
      "Investigating the process of learning with desktop virtual reality: A",
      "structural equation modeling",
      "approach"
    ]
  },
  {
    "href": "https://link.springer.com/article/10.1007/s10916-006-9038-8",
    "id": "BVNZRgWyD6AJ",
    "childNodes": [
      "Factors affecting inpatient satisfaction:",
      "structural equation modeling"
    ]
  },
  {
    "href": "https://www.annualreviews.org/content/journals/10.1146/annurev-orgpsych-041621-031401",
    "id": "3w2ssc_2uLoJ",
    "childNodes": [
      "Structural equation modeling",
      "in organizational research: The state of our science and some proposals for its future"
    ]
  },
  {
    "href": "https://www.sciencedirect.com/science/article/pii/S0957417409004874",
    "id": "rsBT3W493_cJ",
    "childNodes": [
      "A",
      "structural equation model",
      "for analyzing the impact of ERP on SCM"
    ]
  },
  {
    "href": "https://citeseerx.ist.psu.edu/document?repid=rep1&type=pdf&doi=da0d675c5e872cdda4a269b3391f7899aeae78d6",
    "id": "krPy2wW5T4IJ",
    "childNodes": [
      "Structural equation modeling",
      "in psychology: the history, development and current challenges"
    ]
  },
  {
    "href": "https://journals.sagepub.com/doi/abs/10.1177/2515245920918253",
    "id": "zK_YIRur-YoJ",
    "childNodes": [
      "Power analysis for parameter estimation in",
      "structural equation modeling",
      ": A discussion and tutorial"
    ]
  }
]