[
  {
    "href": "https://www.tandfonline.com/doi/abs/10.1207/s15327906mbr3904_4",
    "id": "ugf-b8JEKvYJ",
    "childNodes": [
      "Evaluation of the Bayesian and maximum likelihood approaches in analyzing",
      "structural equation models",
      "with small sample sizes"
    ]
  },
  {
    "href": "https://psycnet.apa.org/record/1988-98021-008",
    "id": "6oaSh0QuB28J",
    "childNodes": [
      "The robustness of maximum likelihood estimation in",
      "structural equation models",
      "."
    ]
  },
  {
    "href": "https://www.sciencedirect.com/science/article/pii/S1057740809001120",
    "id": "2Yvh0l4KuhcJ",
    "childNodes": [
      "Structural equations modeling",
      ": Fit indices, sample size, and advanced topics"
    ]
  },
  {
    "href": "https://www.tandfonline.com/doi/abs/10.1080/00913367.2005.10639191",
    "id": "BjggKKvmoZEJ",
    "childNodes": [
      "Internet uses and gratifications: A",
      "structural equation model",
      "of interactive advertising"
    ]
  },
  {
    "href": "https://www.tandfonline.com/doi/abs/10.1080/10705519709540060",
    "id": "U9ryu9GdH78J",
    "childNodes": [
      "Canonical correlation analysis and",
      "structural equation modeling",
      ": What do they have in common?"
    ]
  },
  {
    "href": "https://bura.brunel.ac.uk/handle/2438/11021",
    "id": "9xjSO6pDG_EJ",
    "childNodes": [
      "Factors affecting students' acceptance of e-learning environments in developing countries: a",
      "structural equation modeling",
      "approach"
    ]
  },
  {
    "href": "https://www.sciencedirect.com/science/article/pii/S0969698922002223",
    "id": "wkQd4znTr5gJ",
    "childNodes": [
      "Drivers and impact of big data analytic adoption in the retail industry: A quantitative investigation applying",
      "structural equation modeling"
    ]
  },
  {
    "href": "https://www.tandfonline.com/doi/abs/10.1207/S15328007SEM1001_2",
    "id": "hAho2tpqlGEJ",
    "childNodes": [
      "The growth of",
      "structural equation modeling",
      ": 1994-2001"
    ]
  },
  {
    "href": "https://www.tandfonline.com/doi/abs/10.1080/08838151.2011.546248",
    "id": "BloGsO1LQ3EJ",
    "childNodes": [
      "“I feel present. Therefore, I experience flow:” A",
      "structural equation modeling",
      "approach to flow and presence in video games"
    ]
  },
  {
    "href": "https://www.taylorfrancis.com/chapters/edit/10.4324/9781315827414-3/nonlinear-structural-equation-models-kenny%E2%80%93judd-model-interaction-effects-karl-j%C3%B6reskog-fan-yang",
    "id": "ZcUn5TwcEjMJ",
    "childNodes": [
      "Nonlinear",
      "structural equation models",
      ": The Kenny–Judd",
      "model",
      "with interaction effects"
    ]
  }
]