[
  {
    "href": "https://www.emerald.com/insight/content/doi/10.1108/APJML-10-2013-0113/full/html",
    "id": "JD6fnSlRGpUJ",
    "childNodes": [
      "On the use of",
      "structural equation modeling",
      "in marketing image research"
    ]
  },
  {
    "href": "https://www.emerald.com/insight/content/doi/10.1108/JKM-07-2015-0257/full/html",
    "id": "FVQQTwqpZUEJ",
    "childNodes": [
      "The impact of IT-based knowledge management systems on internal venturing and innovation: a",
      "structural equation modeling",
      "approach to corporate performance"
    ]
  },
  {
    "href": "https://journals.sagepub.com/doi/abs/10.1177/0361198105192700128",
    "id": "8LSnQ3mYLFIJ",
    "childNodes": [
      "Structural equation modeling",
      "to determine passenger loyalty toward intercity bus services"
    ]
  },
  {
    "href": "https://www.sciencedirect.com/science/article/pii/S0268401219306012",
    "id": "n5zBD2Tb1XkJ",
    "childNodes": [
      "Predicting mobile wallet resistance: A two-staged",
      "structural equation modeling",
      "-artificial neural network approach"
    ]
  },
  {
    "href": "https://www.emerald.com/insight/content/doi/10.1108/IJCHM-10-2016-0568/full/html",
    "id": "1w7Ql10ZONEJ",
    "childNodes": [
      "An assessment of the use of partial least squares",
      "structural equation modeling",
      "(PLS-SEM) in hospitality research"
    ]
  },
  {
    "href": "https://onlinelibrary.wiley.com/doi/abs/10.1002/hbm.20259",
    "id": "SW2EDerrEnQJ",
    "childNodes": [
      "Unified",
      "structural equation modeling",
      "approach for the analysis of multisubject, multivariate functional MRI data"
    ]
  },
  {
    "href": "https://link.springer.com/article/10.1007/s11356-020-10504-w",
    "id": "2eHEpBuapBsJ",
    "childNodes": [
      "Consumers' intention-based influence factors of renewable energy adoption in Pakistan: a",
      "structural equation modeling",
      "approach"
    ]
  },
  {
    "href": "https://link.springer.com/article/10.1007/s10461-006-9150-2",
    "id": "NnN57Q936IEJ",
    "childNodes": [
      "Mediational analysis in HIV/AIDS research: Estimating multivariate path analytic",
      "models",
      "in a",
      "structural equation modeling",
      "framework"
    ]
  },
  {
    "href": "https://www.tandfonline.com/doi/abs/10.1207/S15328007SEM1001_4",
    "id": "8acyAo4PQwgJ",
    "childNodes": [
      "Adding missing-data-relevant variables to FIML-based",
      "structural equation models"
    ]
  },
  {
    "href": "https://journals.lww.com/academicmedicine/fulltext/2005/08000/the_role_of_basic_science_knowledge_and_clinical.14.aspx",
    "id": "jNPib5YGedMJ",
    "childNodes": [
      "The role of basic science knowledge and clinical knowledge in diagnostic reasoning: a",
      "structural equation modeling",
      "approach"
    ]
  }
]