[
  {
    "href": "https://eric.ed.gov/?id=ED449231",
    "id": "hGqeXyjPsJAJ",
    "childNodes": [
      "A Primer of",
      "Model",
      "Fit Indices in",
      "Structural Equation Modeling",
      "."
    ]
  },
  {
    "href": "https://wildlife.onlinelibrary.wiley.com/doi/abs/10.2193/2007-307",
    "id": "hjLiNe0L_1IJ",
    "childNodes": [
      "Structural equation modeling",
      "for observational studies"
    ]
  },
  {
    "href": "https://journals.sagepub.com/doi/abs/10.3141/2082-14",
    "id": "BdKE4GX_PHYJ",
    "childNodes": [
      "Nonnormality of data in",
      "structural equation models"
    ]
  },
  {
    "href": "https://link.springer.com/chapter/10.1007/978-1-4613-0893-5_17",
    "id": "CtjjbOdTTqIJ",
    "childNodes": [
      "Dynamic but",
      "structural equation modeling",
      "of repeated measures data"
    ]
  },
  {
    "href": "https://www.tandfonline.com/doi/abs/10.1080/23270012.2021.1881927",
    "id": "eQtCOfY79fgJ",
    "childNodes": [
      "Toward",
      "equation structural modeling",
      ": an integration of interpretive",
      "structural modeling",
      "and",
      "structural equation modeling"
    ]
  },
  {
    "href": "http://article.stmacademicwriting.com/id/eprint/921/",
    "id": "QzzHB6zF2xYJ",
    "childNodes": [
      "Assessing the validity and reliability of a measurement",
      "model",
      "in",
      "Structural Equation Modeling",
      "(SEM)"
    ]
  },
  {
    "href": "https://www.jstatsoft.org/article/view/v048i03",
    "id": "nzThfl_sCfQJ",
    "childNodes": [
      "semPLS:",
      "structural equation modeling",
      "using partial least squares"
    ]
  },
  {
    "href": "https://psycnet.apa.org/journals/cou/45/1/18/",
    "id": "YOHrfqZlBVoJ",
    "childNodes": [
      "Analyzing data from experimental studies: A latent variable",
      "structural equation modeling",
      "approach."
    ]
  }
]