[
  {
    "href": "https://psycnet.apa.org/record/2001-01077-001",
    "id": "Xlai97j7UG8J",
    "childNodes": [
      "Differential",
      "models",
      "and\" differential",
      "structural equation modeling",
      "of intraindividual variability\""
    ]
  },
  {
    "href": "https://psycnet.apa.org/record/2002-02485-012",
    "id": "XYz3UsMbgVoJ",
    "childNodes": [
      "Evaluative concerns, self-critical, and personal standards perfectionism: A",
      "structural equation modeling",
      "strategy."
    ]
  },
  {
    "href": "https://journals.sagepub.com/doi/abs/10.1111/j.1467-9531.2009.01217.x",
    "id": "Zxq8wPwesLUJ",
    "childNodes": [
      "10. Using instrumental variable tests to evaluate",
      "model",
      "specification in latent variable",
      "structural equation models"
    ]
  },
  {
    "href": "https://onlinelibrary.wiley.com/doi/abs/10.1002/1098-108X(199505)17:4%3C387::AID-EAT2260170411%3E3.0.CO;2-M",
    "id": "1Jktmw3h35gJ",
    "childNodes": [
      "Structural equation modeling",
      "of risk factors for the development of eating disorder symptoms in female athletes"
    ]
  },
  {
    "href": "https://www.frontiersin.org/articles/10.3389/fpsyg.2014.00081/full",
    "id": "WxG_k5t77nAJ",
    "childNodes": [
      "Model",
      "fit evaluation in multilevel",
      "structural equation models"
    ]
  },
  {
    "href": "https://www.igi-global.com/chapter/handbook-information-systems-research/30342",
    "id": "SqCUxQIUxFsJ",
    "childNodes": [
      "The use of",
      "structural equation modeling",
      "in IS research: review and recommendations"
    ]
  },
  {
    "href": "https://www.emerald.com/insight/content/doi/10.1108/IJLM-08-2014-0133/full/html",
    "id": "nnOlgTpRv8gJ",
    "childNodes": [
      "Suggested reporting guidelines for",
      "structural equation modeling",
      "in supply chain management research"
    ]
  },
  {
    "href": "https://www.sciencedirect.com/science/article/pii/S0957417413004892",
    "id": "rnQaVzGFRGwJ",
    "childNodes": [
      "Customer satisfaction and competitiveness in the Chinese E-retailing:",
      "Structural equation modeling",
      "(SEM) approach to identify the role of quality factors"
    ]
  },
  {
    "href": "https://www.mdpi.com/2071-1050/12/7/3009",
    "id": "1FrbXbS75nUJ",
    "childNodes": [
      "The relationship between English language learner characteristics and online self-regulation: A",
      "structural equation modeling",
      "approach"
    ]
  },
  {
    "href": "https://www.jstor.org/stable/270937",
    "id": "t5aGr3_y208J",
    "childNodes": [
      "Observational residuals in factor analysis and",
      "structural equation models"
    ]
  }
]