[
  {
    "href": "https://www.jstatsoft.org/article/view/v085i04",
    "id": "uytFCdaZ6TYJ",
    "childNodes": [
      "blavaan: Bayesian",
      "structural equation models",
      "via parameter expansion"
    ]
  },
  {
    "href": "https://search.ebscohost.com/login.aspx?direct=true&profile=ehost&scope=site&authtype=crawler&jrnl=01195646&asa=Y&AN=43643355&h=1sl5qr8Uy%2BMm1%2FU%2FP06E3UdC5unzNsf8aITdrdEpsCJH7PYcNoLE3i%2BkO%2FGmH8ysGQrtiSrpWzGBiX3yeWMIzA%3D%3D&crl=c",
    "id": "idS0v9s13vsJ",
    "childNodes": [
      "Understanding technology acceptance in pre-service teachers: A",
      "structural",
      "-",
      "equation modeling",
      "approach."
    ]
  },
  {
    "href": "https://www.ceeol.com/search/article-detail?id=418522",
    "id": "cjsPbjDgdwIJ",
    "childNodes": [
      "The Likert scale analysis using parametric based",
      "Structural Equation Modeling",
      "(SEM)"
    ]
  },
  {
    "href": "https://www.igi-global.com/article/structural-equation-modeling-with-factors-and-composites/182495",
    "id": "uSTDgFCEMMoJ",
    "childNodes": [
      "Structural equation modeling",
      "with factors and composites: A comparison of four methods"
    ]
  },
  {
    "href": "https://books.google.com/books?hl=en&lr=&id=k46ZBQAAQBAJ&oi=fnd&pg=PP1&dq=+Structural+Equation+Modeling&ots=7_AxVJjjDM&sig=IXOITf0si5GN2r9PzZF8d-qBM5Q",
    "id": "5wziGm2b7dkJ",
    "childNodes": [
      "Generalized",
      "structured",
      "component analysis: A component-based approach to",
      "structural equation modeling"
    ]
  },
  {
    "href": "https://papers.ssrn.com/sol3/papers.cfm?abstract_id=2233795",
    "id": "OUvcCwTucKoJ",
    "childNodes": [
      "Partial least squares",
      "structural equation modeling",
      ": Rigorous applications, better results and higher acceptance"
    ]
  },
  {
    "href": "https://www.degruyter.com/document/doi/10.1515/cllt-2020-0051/html",
    "id": "AKXEdvJClJcJ",
    "childNodes": [
      "On the benefits of",
      "structural equation modeling",
      "for corpus linguists"
    ]
  },
  {
    "href": "https://www.tandfonline.com/doi/abs/10.1207/S15328007SEM0803_5",
    "id": "TBFEt2XmhHkJ",
    "childNodes": [
      "The relative performance of full information maximum likelihood estimation for missing data in",
      "structural equation models"
    ]
  },
  {
    "href": "https://psycnet.apa.org/record/2012-16551-012",
    "id": "22LzVZ47tmgJ",
    "childNodes": [
      "Categorical data in the",
      "structural equation modeling",
      "framework."
    ]
  },
  {
    "href": "https://psycnet.apa.org/record/1993-39909-001",
    "id": "hSrTFVYV4YMJ",
    "childNodes": [
      "Multivariate group comparisons of variable systems: MANOVA and",
      "structural equation modeling",
      "."
    ]
  }
]