[
  {
    "href": "https://www.tandfonline.com/doi/abs/10.1080/10429247.2013.11431991",
    "id": "vvQvihhxf54J",
    "childNodes": [
      "Effects of leadership on engineers: A",
      "structural equation model"
    ]
  },
  {
    "href": "https://api.taylorfrancis.com/content/chapters/edit/download?identifierName=doi&identifierValue=10.4324/9780203056905-17&type=chapterpdf",
    "id": "eUutxHbtpdcJ",
    "childNodes": [
      "Some uses of",
      "structural equation modeling",
      "in validity studies: Extending IRT to external variables"
    ]
  },
  {
    "href": "https://www.tandfonline.com/doi/abs/10.1080/10705519609540036",
    "id": "S-tf2rOc7k0J",
    "childNodes": [
      "Theoretical and technical contributions to",
      "structural equation modeling",
      ": An updated annotated bibliography"
    ]
  },
  {
    "href": "https://www.sciencedirect.com/science/article/pii/S0191886906003849",
    "id": "3HvehBu9H9kJ",
    "childNodes": [
      "Assessing the adequacy of",
      "structural equation models",
      ": Golden rules and editorial policies"
    ]
  },
  {
    "href": "https://journals.sagepub.com/doi/abs/10.1177/1073191114528029",
    "id": "Ah0aaP8NFhQJ",
    "childNodes": [
      "Exploratory",
      "structural equation modeling",
      "of personality data"
    ]
  },
  {
    "href": "https://www.sciencedirect.com/science/article/pii/S0967070X16305327",
    "id": "APZoQA9otk0J",
    "childNodes": [
      "Characterizing the relationship between road infrastructure and local economy using",
      "structural equation modeling"
    ]
  },
  {
    "href": "https://www.emerald.com/insight/content/doi/10.1108/ITSE-05-2018-0027/full/html",
    "id": "qLOHUPEsi5cJ",
    "childNodes": [
      "Effectiveness of e-learning portal from students' perspective: A",
      "structural equation model",
      "(SEM) approach"
    ]
  },
  {
    "href": "https://www.cambridge.org/core/journals/twin-research-and-human-genetics/article/umx-twin-and-pathbased-structural-equation-modeling-in-r/B9658AC0CDA139E540BFAC0C9D989623",
    "id": "4_pbBwYVDRUJ",
    "childNodes": [
      "umx: Twin and path-based",
      "structural equation modeling",
      "in R"
    ]
  },
  {
    "href": "https://www.tandfonline.com/doi/abs/10.1080/10705511.2017.1409074",
    "id": "gXpDdBx306cJ",
    "childNodes": [
      "Model",
      "Specification Searches in",
      "Structural Equation Modeling",
      "with",
      "I"
    ]
  },
  {
    "href": "https://www.tandfonline.com/doi/abs/10.1080/10705519509540013",
    "id": "wGdzN6E2o0EJ",
    "childNodes": [
      "Coefficient alpha: A basic introduction from the perspectives of classical test theory and",
      "structural equation modeling"
    ]
  }
]