[
  {
    "href": "https://www.lexjansen.com/wuss/2006/tutorials/TUT-Suhr.pdf",
    "id": "1Iy5whPNhHMJ",
    "childNodes": [
      "The basics of",
      "structural equation modeling"
    ]
  },
  {
    "href": "https://books.google.com/books?hl=en&lr=&id=uod5AgAAQBAJ&oi=fnd&pg=PP1&dq=+Structural+Equation+Modeling&ots=aJNx0_E8LN&sig=nYxCAV6CA79vsx1AHGj1m8gRZ-I",
    "id": "wuYptBdBj-EJ",
    "childNodes": [
      "New developments and techniques in",
      "structural equation modeling"
    ]
  },
  {
    "href": "https://books.google.com/books?hl=en&lr=&id=qC4aMfXL1JkC&oi=fnd&pg=PR1&dq=+Structural+Equation+Modeling&ots=EBQg4BsGnN&sig=iXeGRycEk6EKnRHNRJuBjFAodOg",
    "id": "pvnY06OD01UJ",
    "childNodes": [
      "Handbook of",
      "structural equation modeling"
    ]
  },
  {
    "href": "https://citeseerx.ist.psu.edu/document?repid=rep1&type=pdf&doi=d1cd5e23152c35a566aaafcd6aeadb8870405545",
    "id": "paa_55aKAlcJ",
    "childNodes": [
      "Best practices in",
      "structural equation modeling"
    ]
  },
  {
    "href": "https://www.taylorfrancis.com/books/mono/10.4324/9780203930687/first-course-structural-equation-modeling-tenko-raykov-george-marcoulides",
    "id": "46yIKWRiNDUJ",
    "childNodes": [
      "A first course in",
      "structural equation modeling"
    ]
  },
  {
    "href": "https://books.google.com/books?hl=en&lr=&id=k9FVDwAAQBAJ&oi=fnd&pg=PA1&dq=+Structural+Equation+Modeling&ots=Fj4V7FyjXD&sig=-eXPwFs-qJ6uVBx0uy7hXsTflMo",
    "id": "k83XpRDeI3IJ",
    "childNodes": [
      "Essentials of",
      "structural equation modeling"
    ]
  },
  {
    "href": "https://books.google.com/books?hl=en&lr=&id=1HAbAwAAQBAJ&oi=fnd&pg=PP1&dq=+Structural+Equation+Modeling&ots=uZzYnwn21w&sig=NOJ-9k3MxdgzsVsuqc8Wn1le9lY",
    "id": "2pwyqgVuzI8J",
    "childNodes": [
      "Structural equation modeling",
      ": A second course"
    ]
  },
  {
    "href": "https://psycnet.apa.org/record/1995-97753-003",
    "id": "uk--mc-Rf-wJ",
    "childNodes": [
      "Estimates and tests in",
      "structural equation modeling",
      "."
    ]
  },
  {
    "href": "https://link.springer.com/chapter/10.1007/978-981-19-1614-4_10",
    "id": "49DHaiyEE98J",
    "childNodes": [
      "Structural equation modeling"
    ]
  }
]