[
  {
    "href": "https://www.sciencedirect.com/science/article/pii/S0191886906003965",
    "id": "otO8dsYI2LkJ",
    "childNodes": [
      "Testing! testing! one, two, three–Testing the theory in",
      "structural equation models",
      "!"
    ]
  },
  {
    "href": "https://link.springer.com/article/10.3758/BF03202105",
    "id": "NNgPtnlEgAQJ",
    "childNodes": [
      "A guide to LISREL-type",
      "structural equation modeling"
    ]
  },
  {
    "href": "https://search.ebscohost.com/login.aspx?direct=true&profile=ehost&scope=site&authtype=crawler&jrnl=00989258&AN=83386360&h=QGHzx3lHYP2fCQwU%2BQ1xpqwcbnu7YLTs5elskIYo8qxO%2FbUgRm5wS8wk%2FNPNCHQ%2FhfpeDGEwSM4Fg20CzZD3Qw%3D%3D&crl=c",
    "id": "2mpI59Tk8I4J",
    "childNodes": [
      "Using moderator variables in",
      "structural equation models",
      "."
    ]
  },
  {
    "href": "https://journals.sagepub.com/doi/abs/10.1177/109442810032003",
    "id": "rH1GjwXZIIQJ",
    "childNodes": [
      "A comparison of approaches to forming composite measures in",
      "structural equation models"
    ]
  },
  {
    "href": "https://eric.ed.gov/?id=EJ989028",
    "id": "-PHMiUcGqnoJ",
    "childNodes": [
      "System characteristics, satisfaction and e-learning usage: A",
      "structural equation model",
      "(SEM)."
    ]
  },
  {
    "href": "https://www.sciencedirect.com/science/article/pii/S0031405615000281",
    "id": "_RR3I226wsIJ",
    "childNodes": [
      "From patterns to causal understanding:",
      "structural equation modeling",
      "(SEM) in soil ecology"
    ]
  },
  {
    "href": "https://www.tandfonline.com/doi/abs/10.1207/S15327906Mb340204",
    "id": "Yn9N1jG4-H0J",
    "childNodes": [
      "On",
      "structural equation model",
      "equivalence"
    ]
  },
  {
    "href": "https://psycnet.apa.org/fulltext/2012-02072-001.html",
    "id": "m3PlU-yTzzkJ",
    "childNodes": [
      "The problem of",
      "model",
      "selection uncertainty in",
      "structural equation modeling",
      "."
    ]
  },
  {
    "href": "https://onlinelibrary.wiley.com/doi/abs/10.1002/pits.20238",
    "id": "SIvM_FMNMygJ",
    "childNodes": [
      "Errors of inference in",
      "structural equation modeling"
    ]
  },
  {
    "href": "https://psycnet.apa.org/record/2015-34917-001",
    "id": "21WcHzC6E8gJ",
    "childNodes": [
      "Testing nonnested",
      "structural equation models",
      "."
    ]
  }
]