[
  {
    "href": "https://link.springer.com/article/10.1007/s11365-006-0032-x",
    "id": "iYEXPdNr-FYJ",
    "childNodes": [
      "The impact of desirability and feasibility on entrepreneurial intentions: A",
      "structural equation model"
    ]
  },
  {
    "href": "https://onlinelibrary.wiley.com/doi/abs/10.1111/lang.12116",
    "id": "Ke4wULNd2C8J",
    "childNodes": [
      "Structural equation modeling",
      ": Possibilities for language learning researchers 1"
    ]
  },
  {
    "href": "https://srcd.onlinelibrary.wiley.com/doi/abs/10.1111/j.1750-8606.2009.00110.x",
    "id": "1hXnnvuSmIcJ",
    "childNodes": [
      "Factorial invariance within longitudinal",
      "structural equation models",
      ": Measuring the same construct across time"
    ]
  },
  {
    "href": "https://psycnet.apa.org/record/2016-44627-009",
    "id": "gILN8iti0HMJ",
    "childNodes": [
      "Examining fit with",
      "structural equation models",
      "."
    ]
  },
  {
    "href": "https://link.springer.com/article/10.3758/s13428-018-1055-2",
    "id": "hy7XobDRRT4J",
    "childNodes": [
      "RMSEA, CFI, and TLI in",
      "structural equation modeling",
      "with ordered categorical data: The story they tell depends on the estimation methods"
    ]
  },
  {
    "href": "https://link.springer.com/article/10.1007/BF02294763",
    "id": "uU_I2yOF6G0J",
    "childNodes": [
      "Effect analysis and causation in linear",
      "structural equation models"
    ]
  },
  {
    "href": "https://www.tandfonline.com/doi/abs/10.1080/15252019.2002.10722060",
    "id": "6WlKpP1vHNAJ",
    "childNodes": [
      "Uses and gratifications theory and e-consumer behaviors: A",
      "structural equation modeling",
      "study"
    ]
  },
  {
    "href": "https://www.sciencedirect.com/science/article/pii/S0022249612000065",
    "id": "ZaVVt9B_oBMJ",
    "childNodes": [
      "A tutorial on the Bayesian approach for analyzing",
      "structural equation models"
    ]
  },
  {
    "href": "https://ascelibrary.org/doi/abs/10.1061/(ASCE)CO.1943-7862.0000382",
    "id": "pyyaDcz5f9gJ",
    "childNodes": [
      "Identification of risk paths in international construction projects using",
      "structural equation modeling"
    ]
  },
  {
    "href": "https://www.tandfonline.com/doi/full/10.1080/1743727X.2015.1005806",
    "id": "0d3ajEmXdyQJ",
    "childNodes": [
      "A primer on partial least squares",
      "structural equation modeling",
      "(PLS-SEM)"
    ]
  }
]