[
  {
    "href": "https://psycnet.apa.org/record/2014-01991-010",
    "id": "dRYFCLieWo0J",
    "childNodes": [
      "Exploratory",
      "structural equation modeling",
      "."
    ]
  },
  {
    "href": "https://ebooks.iospress.nl/volumearticle/39756",
    "id": "svfz8u7xQ_AJ",
    "childNodes": [
      "An introduction to",
      "structural equation modeling"
    ]
  },
  {
    "href": "https://link.springer.com/article/10.1007/BF02294365",
    "id": "LJIsvhgkCPUJ",
    "childNodes": [
      "On",
      "structural equation modeling",
      "with data that are not missing completely at random"
    ]
  },
  {
    "href": "https://onlinelibrary.wiley.com/doi/abs/10.1002/hbm.460020104",
    "id": "e20GxlSx9S8J",
    "childNodes": [
      "Structural equation modeling",
      "and its application to network analysis in functional brain imaging"
    ]
  },
  {
    "href": "https://www.ncbi.nlm.nih.gov/pmc/articles/PMC4054581/",
    "id": "rWfMgWQQL7YJ",
    "childNodes": [
      "Introduction to mediation analysis with",
      "structural equation modeling"
    ]
  },
  {
    "href": "https://www.tandfonline.com/doi/abs/10.1080/10705510709336738",
    "id": "__v8XQRIM44J",
    "childNodes": [
      "Multiplicity control in",
      "structural equation modeling"
    ]
  },
  {
    "href": "https://www.tandfonline.com/doi/full/10.1080/10705511.2012.687667",
    "id": "q0YMwdSTdqwJ",
    "childNodes": [
      "Principles and practice of",
      "structural equation modeling",
      "by Rex B. Kline"
    ]
  },
  {
    "href": "https://onlinelibrary.wiley.com/doi/abs/10.1002/(SICI)1098-240X(199806)21:3%3C271::AID-NUR10%3E3.0.CO;2-G",
    "id": "5s7C0_QWecEJ",
    "childNodes": [
      "Structural equation modeling",
      "and its relationship to multiple regression and factor analysis"
    ]
  },
  {
    "href": "https://www.tandfonline.com/doi/abs/10.3200/JOER.99.6.323-338",
    "id": "AeaFTLN-RZEJ",
    "childNodes": [
      "Reporting",
      "structural equation modeling",
      "and confirmatory factor analysis results: A review"
    ]
  },
  {
    "href": "https://esajournals.onlinelibrary.wiley.com/doi/abs/10.1890/ES12-00048.1",
    "id": "uYnJBfNLECAJ",
    "childNodes": [
      "Guidelines for a graph‐theoretic implementation of",
      "structural equation modeling"
    ]
  }
]