[
  {
    "href": "https://books.google.com/books?hl=en&lr=&id=f61i3quHcv4C&oi=fnd&pg=PR15&dq=+Structural+Equation+Modeling&ots=ukBjum_C1x&sig=reoSxTPN4hbTXcyoOxe3b51rEJc",
    "id": "xMk9TYxBuWUJ",
    "childNodes": [
      "LISREL 8:",
      "Structural equation modeling",
      "with the SIMPLIS command language"
    ]
  },
  {
    "href": "https://www.tandfonline.com/doi/abs/10.1080/10705511.2014.950896",
    "id": "ntzFUCT3GWEJ",
    "childNodes": [
      "A new strategy for testing",
      "structural equation models"
    ]
  },
  {
    "href": "https://papers.ssrn.com/Sol3/papers.cfm?abstract_id=2227601",
    "id": "B3_J664socgJ",
    "childNodes": [
      "Partial least squares: the better approach to",
      "structural equation modeling",
      "?"
    ]
  },
  {
    "href": "https://psycnet.apa.org/fulltext/1988-18953-001.html",
    "id": "ovxqDaPyz2gJ",
    "childNodes": [
      "Use of",
      "structural equation modeling",
      "in counseling psychology research."
    ]
  },
  {
    "href": "https://psycnet.apa.org/fulltext/2006-07641-001.html",
    "id": "7WT2bzx-FkAJ",
    "childNodes": [
      "Structural equation modeling",
      "with interchangeable dyads."
    ]
  },
  {
    "href": "https://openjournals.uwaterloo.ca/index.php/cgjsc/article/view/3787",
    "id": "uGMocF2J4H4J",
    "childNodes": [
      "Principles and practice of",
      "structural equation modeling"
    ]
  },
  {
    "href": "https://www.taylorfrancis.com/books/mono/10.4324/9780203807644/structural-equation-modeling-mplus-barbara-byrne",
    "id": "lHbWkUarPxsJ",
    "childNodes": [
      "Structural equation modeling",
      "with Mplus: Basic concepts, applications, and programming"
    ]
  },
  {
    "href": "https://www.frontiersin.org/articles/10.3389/fpsyg.2014.01521/full",
    "id": "sMrNGA7HKAwJ",
    "childNodes": [
      "KBD",
      ": an",
      "KBD",
      "package for meta-analysis using",
      "structural equation modeling"
    ]
  },
  {
    "href": "https://www.emerald.com/insight/content/doi/10.1108/JAMR-05-2015-0037/full/html",
    "id": "z-4hEnB4ESAJ",
    "childNodes": [
      "Role of",
      "structural equation modeling",
      "in scale development"
    ]
  }
]