[
  {
    "href": "http://www.psysci.org/EN/abstract/abstract9221.shtml",
    "id": "6kD2N0F1mXwJ",
    "childNodes": [
      "The analyses of multiple mediation effects based on",
      "structural equation modeling"
    ]
  },
  {
    "href": "https://eric.ed.gov/?id=EJ846830",
    "id": "z6utaXyQMsEJ",
    "childNodes": [
      "A study of factors that influence college academic achievement: a",
      "structural equation modeling",
      "approach."
    ]
  },
  {
    "href": "https://psycnet.apa.org/record/2012-16551-026",
    "id": "g6qmadzPWqsJ",
    "childNodes": [
      "Structural equation models",
      "of latent interaction."
    ]
  },
  {
    "href": "https://www.sciencedirect.com/science/article/pii/S016794730200097X",
    "id": "3HHDD1CkylMJ",
    "childNodes": [
      "Model",
      "modification in",
      "structural equation modeling",
      "by imposing constraints"
    ]
  },
  {
    "href": "https://journals.sagepub.com/doi/abs/10.1177/0049124192021002004",
    "id": "oakjBtEMN2UJ",
    "childNodes": [
      "Bootstrapping goodness-of-fit measures in",
      "structural equation models"
    ]
  },
  {
    "href": "https://www.sciencedirect.com/science/article/pii/S0261517702000067",
    "id": "dd_1RM4mdCcJ",
    "childNodes": [
      "A",
      "structural equation model",
      "of residents' attitudes for tourism development"
    ]
  },
  {
    "href": "https://www.tandfonline.com/doi/abs/10.1080/10705519609540035",
    "id": "TeNGKFyqxRkJ",
    "childNodes": [
      "On the growth of",
      "structural equation modeling",
      "in psychological journals"
    ]
  },
  {
    "href": "https://www.sciencedirect.com/science/article/pii/S0747563214004725",
    "id": "x1dLiTHylGMJ",
    "childNodes": [
      "The effects of individual differences on e-learning users' behaviour in developing countries: A",
      "structural equation model"
    ]
  },
  {
    "href": "https://search.proquest.com/openview/63e2d4a06c95e0f5c023bdbf1d0e96f6/1?pq-origsite=gscholar&cbl=31366",
    "id": "d0Ss2z0QNHQJ",
    "childNodes": [
      "Structural equation modeling",
      "in management accounting research: critical analysis and opportunities"
    ]
  },
  {
    "href": "https://www.sciencedirect.com/science/article/pii/S1096751612000061",
    "id": "qk6yO3YIq3IJ",
    "childNodes": [
      "A",
      "structural equation model",
      "of predictors of online learning retention"
    ]
  }
]