[
  {
    "href": "https://etamaths.com/index.php/ijaa/article/view/2166",
    "id": "lByUcTdra9kJ",
    "childNodes": [
      "Formative vs. reflective measurement",
      "model",
      ": Guidelines for",
      "structural equation modeling",
      "research"
    ]
  },
  {
    "href": "https://link.springer.com/article/10.1007/s11423-018-9581-2",
    "id": "HWj0HJUXRwAJ",
    "childNodes": [
      "A",
      "structural equation modeling",
      "investigation of the emotional value of immersive virtual reality in education"
    ]
  },
  {
    "href": "https://link.springer.com/content/pdf/10.1007/978-0-387-73186-5_12.pdf",
    "id": "nKBOydGLq-8J",
    "childNodes": [
      "Multilevel",
      "structural equation modeling"
    ]
  },
  {
    "href": "https://www.sciencedirect.com/science/article/pii/S0925527309001236",
    "id": "kKL8MQMI0QEJ",
    "childNodes": [
      "A paradigm for examining second-order factor",
      "models",
      "employing",
      "structural equation modeling"
    ]
  },
  {
    "href": "https://psycnet.apa.org/record/2000-03754-013",
    "id": "POOmVo0pYTkJ",
    "childNodes": [
      "On measures of explained variance in nonrecursive",
      "structural equation models",
      "."
    ]
  },
  {
    "href": "https://www.tandfonline.com/doi/abs/10.1207/s15506878jobem4704_5",
    "id": "iVpt9OpJwoMJ",
    "childNodes": [
      "The importance of indirect effects in media effects research: Testing for mediation in",
      "structural equation modeling"
    ]
  },
  {
    "href": "https://journals.sagepub.com/doi/abs/10.1111/j.0081-1750.2003.00132.x",
    "id": "nUHQXsxHDdwJ",
    "childNodes": [
      "8. Assessing the effect of",
      "model",
      "misspecifications on parameter estimates in",
      "structural equation models"
    ]
  },
  {
    "href": "https://www.tandfonline.com/doi/abs/10.1080/01449290210123354",
    "id": "rSEf2LlmdPkJ",
    "childNodes": [
      "Determinants of academic use of the Internet: a",
      "structural equation model"
    ]
  },
  {
    "href": "https://link.springer.com/article/10.1007/s11135-007-9133-z",
    "id": "NMTmzIUr-WQJ",
    "childNodes": [
      "Evaluating estimation methods for ordinal data in",
      "structural equation modeling"
    ]
  },
  {
    "href": "https://www.tandfonline.com/doi/abs/10.1080/08824096.2016.1214121",
    "id": "jspO6L44Is8J",
    "childNodes": [
      "Statistical and practical concerns with published communication research featuring",
      "structural equation modeling"
    ]
  }
]