[
  {
    "href": "https://onlinelibrary.wiley.com/doi/abs/10.1111/j.1540-5915.2001.tb00958.x",
    "id": "DS2ZGm312b8J",
    "childNodes": [
      "A",
      "structural equation model",
      "of new product design and development"
    ]
  },
  {
    "href": "https://psycnet.apa.org/record/1995-97753-004",
    "id": "LtRZBR4usCoJ",
    "childNodes": [
      "Structural equation models",
      "with nonnormal variables: Problems and remedies."
    ]
  },
  {
    "href": "https://www.tandfonline.com/doi/abs/10.1207/S15327906MBR3903_3",
    "id": "h47qbW8tLpQJ",
    "childNodes": [
      "Evaluating small sample approaches for",
      "model",
      "test statistics in",
      "structural equation modeling"
    ]
  },
  {
    "href": "https://www.taylorfrancis.com/chapters/edit/10.4324/9780203108550-12/introduction-structural-equation-modeling-richard-lomax",
    "id": "Nmjvz1wm8GwJ",
    "childNodes": [
      "Introduction to",
      "structural equation modeling"
    ]
  },
  {
    "href": "https://citeseerx.ist.psu.edu/document?repid=rep1&type=pdf&doi=b0b232fa48cf6f3be71abb80774c2b995736e1d9",
    "id": "nzTll-ZWYT8J",
    "childNodes": [
      "Parametric and non parametric approach in",
      "structural equation modeling",
      "(SEM): The application of bootstrapping"
    ]
  },
  {
    "href": "https://ascelibrary.org/doi/full/10.1061/(ASCE)ME.1943-5479.0000569",
    "id": "_g70vOYxryMJ",
    "childNodes": [
      "Determining success factors for a construction organization: A",
      "structural equation modeling",
      "approach"
    ]
  },
  {
    "href": "https://journals.sagepub.com/doi/abs/10.1177/8756972819882132",
    "id": "IoKDI8U3iqcJ",
    "childNodes": [
      "Factors versus composites: Guidelines for choosing the right",
      "structural equation modeling",
      "method"
    ]
  },
  {
    "href": "https://www.jstor.org/stable/pdf/jeductechsoci.11.2.262.pdf",
    "id": "bT0vWTsRBLoJ",
    "childNodes": [
      "A",
      "structural equation model",
      "for ICT usage in higher education"
    ]
  },
  {
    "href": "https://psycnet.apa.org/record/1995-97753-007",
    "id": "xSFVNNp4NbwJ",
    "childNodes": [
      "Objectivity and reasoning in science and",
      "structural equation modeling",
      "."
    ]
  },
  {
    "href": "https://psycnet.apa.org/record/2012-16551-025",
    "id": "OHfLsQTFIKoJ",
    "childNodes": [
      "Mediation/indirect effects in",
      "structural equation modeling",
      "."
    ]
  }
]