[
  {
    "href": "https://www.sciencedirect.com/science/article/pii/S0191886906003825",
    "id": "mLUrMtr40RYJ",
    "childNodes": [
      "Understanding the limitations of global fit assessment in",
      "structural equation modeling"
    ]
  },
  {
    "href": "https://www.tandfonline.com/doi/abs/10.1080/10705511.2017.1406803",
    "id": "LXa3lDRvrqAJ",
    "childNodes": [
      "Dynamic",
      "structural equation models"
    ]
  },
  {
    "href": "https://www.academia.edu/download/78064891/Applications_of_Structural_Equation_Modeling_in_Social_Sciences_Research.pdf",
    "id": "VK649HW1_D0J",
    "childNodes": [
      "Applications of",
      "structural equation modeling",
      "in social sciences research"
    ]
  },
  {
    "href": "https://books.google.com/books?hl=en&lr=&id=sp3TBgAAQBAJ&oi=fnd&pg=PA48&dq=+Structural+Equation+Modeling&ots=ANEJFfwL4S&sig=UGDTCVAlTQy7ng7tba7PX53-yYg",
    "id": "psRoU1spVZkJ",
    "childNodes": [
      "Meta-analysis: A",
      "structural equation modeling",
      "approach"
    ]
  },
  {
    "href": "https://academic.oup.com/hcr/article-abstract/28/4/531/4331166",
    "id": "KQ5UZzWwZkwJ",
    "childNodes": [
      "Structural equation modeling",
      "in the communication sciences, 1995–2000"
    ]
  },
  {
    "href": "https://www.sciencedirect.com/science/article/pii/S0926580514002040",
    "id": "uSKtoX_4dQEJ",
    "childNodes": [
      "A critical review of",
      "structural equation modeling",
      "applications in construction research"
    ]
  },
  {
    "href": "https://link.springer.com/article/10.1007/bf02723327",
    "id": "aWizf9TiR3cJ",
    "childNodes": [
      "On the evaluation of",
      "structural equation models"
    ]
  },
  {
    "href": "https://api.taylorfrancis.com/content/chapters/edit/download?identifierName=doi&identifierValue=10.4324/9781315814919-16&type=chapterpdf",
    "id": "oIIJMvWvHyUJ",
    "childNodes": [
      "Structural equation modeling"
    ]
  },
  {
    "href": "https://aisel.aisnet.org/cais/vol4/iss1/7/",
    "id": "tqCGMSkQ09EJ",
    "childNodes": [
      "Structural equation modeling",
      "and regression: Guidelines for research practice"
    ]
  }
]