[
  {
    "href": "https://brill.com/downloadpdf/book/edcoll/9789462093324/BP000002.pdf",
    "id": "AUodjj8ChQUJ",
    "childNodes": [
      "Applying",
      "structural equation modeling",
      "(SEM) in educational research: An introduction"
    ]
  },
  {
    "href": "https://www.pnas.org/doi/abs/10.1073/pnas.1010661108",
    "id": "u4tonhcz5QkJ",
    "childNodes": [
      "Structural equation models",
      "and the quantification of behavior"
    ]
  },
  {
    "href": "https://www.taylorfrancis.com/chapters/edit/10.4324/9780203843130-20/structural-equation-modeling-leandre-fabrigar-duane-wegener",
    "id": "tH7Zmu2hVj4J",
    "childNodes": [
      "Structural equation modeling"
    ]
  },
  {
    "href": "https://psycnet.apa.org/record/2003-10098-003",
    "id": "jPW0cf1LzTsJ",
    "childNodes": [
      "Missing data techniques for",
      "structural equation modeling",
      "."
    ]
  },
  {
    "href": "https://www.sciencedirect.com/science/article/pii/S0191261501000467",
    "id": "HNpSs5CUSNMJ",
    "childNodes": [
      "Structural equation modeling",
      "for travel behavior research"
    ]
  },
  {
    "href": "https://www.academia.edu/download/101881473/wp114.pdf",
    "id": "mrnH6VFxt8sJ",
    "childNodes": [
      "Key advances in the history of",
      "structural equation modeling"
    ]
  },
  {
    "href": "https://books.google.com/books?hl=en&lr=&id=1suuMOChHWcC&oi=fnd&pg=PA326&dq=+Structural+Equation+Modeling&ots=Fn-CujzpSj&sig=1Idrrvi6tOzgkOCnyPTmuOy0rDI",
    "id": "xr9k8hBxSpsJ",
    "childNodes": [
      "Structural equation modeling",
      "and natural systems"
    ]
  },
  {
    "href": "https://www.tandfonline.com/doi/abs/10.1080/15228916.2013.765325",
    "id": "nraR9mjmNNwJ",
    "childNodes": [
      "Structural equation modeling",
      ": A practical introduction"
    ]
  },
  {
    "href": "https://books.google.com/books?hl=en&lr=&id=PWObEAAAQBAJ&oi=fnd&pg=PA184&dq=+Structural+Equation+Modeling&ots=8mjafDHCmS&sig=Y-gTrJEaJA9GsrbvZfXDLksVHeA",
    "id": "PPF4cmD9xRQJ",
    "childNodes": [
      "Model",
      "fit in",
      "structural equation modeling"
    ]
  }
]