[
  {
    "href": "https://iopscience.iop.org/article/10.1088/1742-6596/1477/5/052052/meta",
    "id": "B6NgIHiV0TcJ",
    "childNodes": [
      "The quality of small and medium enterprises performance using the",
      "structural equation model",
      "-part least square (SEM-PLS)"
    ]
  },
  {
    "href": "https://www.ejmste.com/article/factors-affecting-students-attitude-toward-mathematics-a-structural-equation-modeling-approach-5277",
    "id": "baDKHlYKtG8J",
    "childNodes": [
      "Factors affecting students' attitude toward mathematics: A",
      "structural equation modeling",
      "approach"
    ]
  },
  {
    "href": "https://onlinelibrary.wiley.com/doi/abs/10.1002/cae.22189",
    "id": "JV_NQXsCba4J",
    "childNodes": [
      "A",
      "structural equation model",
      "to evaluate students' learning and satisfaction"
    ]
  },
  {
    "href": "https://link.springer.com/article/10.1007/s00291-013-0320-0",
    "id": "Ln2o4s3XkNEJ",
    "childNodes": [
      "Genetic algorithm segmentation in partial least squares",
      "structural equation modeling"
    ]
  },
  {
    "href": "https://www.tandfonline.com/doi/abs/10.1080/00220970009600095",
    "id": "3q1oirSGAFgJ",
    "childNodes": [
      "Improving the root mean square error of approximation for nonnormal conditions in",
      "structural equation modeling"
    ]
  },
  {
    "href": "https://www.sciencedirect.com/science/article/pii/S0950584916303317",
    "id": "bNCyMqn9BYIJ",
    "childNodes": [
      "Modeling",
      "and measuring attributes influencing DevOps implementation in an enterprise using",
      "structural equation modeling"
    ]
  },
  {
    "href": "https://www.jidt.org/jidt/article/view/471",
    "id": "8eM89S2AtJoJ",
    "childNodes": [
      "The Measurement Analysis of Online Service Quality Toward State Banking Customers Using",
      "Structural Equation Modeling"
    ]
  },
  {
    "href": "https://www.sciencedirect.com/science/article/pii/S0965856406000267",
    "id": "u4c_fGQgNmYJ",
    "childNodes": [
      "Shopping online and/or in-store? A",
      "structural equation model",
      "of the relationships between e-shopping and in-store shopping"
    ]
  },
  {
    "href": "https://pubs.rsc.org/en/content/articlehtml/2013/rp/c3rp00043e",
    "id": "QTPJCw1kzdwJ",
    "childNodes": [
      "Modeling",
      "meaningful learning in chemistry using",
      "structural equation modeling"
    ]
  },
  {
    "href": "https://books.google.com/books?hl=en&lr=&id=jpRbBAAAQBAJ&oi=fnd&pg=PA149&dq=+Structural+Equation+Modeling&ots=PJ2DMtw-vO&sig=QDVGOY5FwXwEr9l8bOERUlivOB8",
    "id": "ChM5E10nNP4J",
    "childNodes": [
      "Multilevel",
      "structural equation models",
      "for contextual factors"
    ]
  }
]