[
  {
    "href": "https://www.taylorfrancis.com/chapters/edit/10.4324/9780429269103-14/structural-equation-modeling-lisa-harlow",
    "id": "uMsyuhL2UPcJ",
    "childNodes": [
      "Structural equation modeling"
    ]
  },
  {
    "href": "https://books.google.com/books?hl=en&lr=&id=zFMYJqVeQUEC&oi=fnd&pg=PR17&dq=+Structural+Equation+Modeling&ots=dNCbJOJhXZ&sig=20mOgdHTmPMl3e3UeAQ3zn1WVl4",
    "id": "QzuvegjgKAkJ",
    "childNodes": [
      "Structural equation modeling",
      ": Concepts, issues, and applications"
    ]
  },
  {
    "href": "https://journals.sagepub.com/doi/abs/10.1177/002224378201900402",
    "id": "0rtqpHNO1uUJ",
    "childNodes": [
      "Recent developments in",
      "structural equation modeling"
    ]
  },
  {
    "href": "https://www.researchgate.net/profile/Omar-Cortes-6/post/How-can-one-establish-reliability-in-behavioural-quantitative-survey-that-uses-different-scales/attachment/59d61e1379197b807797c74b/AS%3A275319609360384%401442652718412/download/SEM.pdf",
    "id": "nF_AidpUNrYJ",
    "childNodes": [
      "Structural equation modeling"
    ]
  },
  {
    "href": "https://www.taylorfrancis.com/chapters/edit/10.4324/9781410604385-9/structural-equation-modeling-edward-rigdon",
    "id": "_jgYVNB7CA4J",
    "childNodes": [
      "Structural equation modeling"
    ]
  },
  {
    "href": "https://link.springer.com/protocol/10.1007/978-1-4939-7274-6_28",
    "id": "8ridUWNoUBAJ",
    "childNodes": [
      "Structural equation modeling"
    ]
  },
  {
    "href": "https://books.google.com/books?hl=en&lr=&id=t2CvEAAAQBAJ&oi=fnd&pg=PP1&dq=+Structural+Equation+Modeling&ots=sWVzT87-fI&sig=FslEP761dqDQIhpPPhp9dL0IAWg",
    "id": "hvBxbzZSOegJ",
    "childNodes": [
      "Principles and practice of",
      "structural equation modeling"
    ]
  },
  {
    "href": "https://statmath.wu.ac.at/courses/StatsWithR/Topic-5.pdf",
    "id": "PZvBE9w7CkAJ",
    "childNodes": [
      "An introduction to",
      "structural equation modeling"
    ]
  },
  {
    "href": "https://onlinelibrary.wiley.com/doi/abs/10.1111/j.1745-3992.2007.00099.x",
    "id": "sq_xPlAStD0J",
    "childNodes": [
      "Introduction to",
      "structural equation modeling",
      ": Issues and practical considerations"
    ]
  },
  {
    "href": "https://api.taylorfrancis.com/content/books/mono/download?identifierName=doi&identifierValue=10.4324/9781410610904&type=googlepdf",
    "id": "nmjMlgmCGNwJ",
    "childNodes": [
      "A beginner's guide to",
      "structural equation modeling"
    ]
  }
]