[
  {
    "href": "https://psycnet.apa.org/record/2012-16551-021",
    "id": "hKIqQ6QdRJUJ",
    "childNodes": [
      "The",
      "structural equation modeling",
      "research report."
    ]
  },
  {
    "href": "https://www.tandfonline.com/doi/full/10.1080/10705511.2017.1401932",
    "id": "D6FM5r76nOwJ",
    "childNodes": [
      "Review of principles and practice of",
      "structural equation modeling"
    ]
  },
  {
    "href": "http://faculty.educ.ubc.ca/zumbo/reprint_SEM_test_validation_Zumbo.pdf",
    "id": "Il84Z4H4J5cJ",
    "childNodes": [
      "Structural equation modeling",
      "and test validation"
    ]
  },
  {
    "href": "https://onlinelibrary.wiley.com/doi/abs/10.1002/smj.385",
    "id": "irB3DQfTtAoJ",
    "childNodes": [
      "An assessment of the use of",
      "structural equation modeling",
      "in strategic management research"
    ]
  },
  {
    "href": "https://journals.sagepub.com/doi/abs/10.3102/1076998607306151",
    "id": "5SMWcV7m2p0J",
    "childNodes": [
      "The general linear",
      "model",
      "as",
      "structural equation modeling"
    ]
  },
  {
    "href": "https://www.sciencedirect.com/science/article/pii/S1567422310000542",
    "id": "qFE0R8_L6IUJ",
    "childNodes": [
      "Lower bounds on sample size in",
      "structural equation modeling"
    ]
  },
  {
    "href": "https://www.tandfonline.com/doi/abs/10.1080/10705511.2019.1704289",
    "id": "JTlXXQBQBuEJ",
    "childNodes": [
      "semopy: A python package for",
      "structural equation modeling"
    ]
  },
  {
    "href": "https://psycnet.apa.org/record/2012-16551-038",
    "id": "GWw10zAttkwJ",
    "childNodes": [
      "Bayesian",
      "structural equation modeling",
      "."
    ]
  },
  {
    "href": "https://www.tandfonline.com/doi/abs/10.1207/s15327906mb340203",
    "id": "A3tZleoA6_sJ",
    "childNodes": [
      "Structural equation modeling",
      "with small samples: Test statistics"
    ]
  }
]