[
  {
    "href": "https://www.tandfonline.com/doi/abs/10.1080/10705511.2022.2074422",
    "id": "M_XUtxu7RsUJ",
    "childNodes": [
      "Residual",
      "structural equation models"
    ]
  },
  {
    "href": "https://journals.sagepub.com/doi/abs/10.1177/0049124187016001006",
    "id": "MOcqdhP38OUJ",
    "childNodes": [
      "Direct and indirect effects in linear",
      "structural equation models"
    ]
  },
  {
    "href": "https://journals.humankinetics.com/view/journals/jsep/15/2/article-p119.xml",
    "id": "1a3Ssjs1zhcJ",
    "childNodes": [
      "A test of the sport commitment",
      "model",
      "using",
      "structural equation modeling"
    ]
  },
  {
    "href": "https://eprints.cihanuniversity.edu.iq/id/eprint/3003/",
    "id": "SE6CtsSW2F0J",
    "childNodes": [
      "Assessing E-government effectiveness: a",
      "structural equation modeling",
      "approach"
    ]
  },
  {
    "href": "https://examples.rpkg.net/packages/piecewiseSEM/reference/piecewiseSEM-package.ob",
    "id": "KdV6KCrqbE4J",
    "childNodes": [
      "Piecewise",
      "structural equation modeling"
    ]
  },
  {
    "href": "https://www.jstor.org/stable/271028",
    "id": "VqcE3O0whnwJ",
    "childNodes": [
      "Total, direct, and indirect effects in",
      "structural equation models"
    ]
  },
  {
    "href": "https://www.emerald.com/insight/content/doi/10.1108/JAMR-07-2013-0043/full/html",
    "id": "E6Y5lCc9UScJ",
    "childNodes": [
      "The use and misuse of",
      "structural equation modeling",
      "in management research: A review and critique"
    ]
  },
  {
    "href": "https://psycnet.apa.org/record/2005-03264-003",
    "id": "Rlsob6pM7YMJ",
    "childNodes": [
      "Meta-analytic",
      "structural equation modeling",
      ": a two-stage approach."
    ]
  },
  {
    "href": "https://www.tandfonline.com/doi/pdf/10.1080/10705519409539979",
    "id": "PdpHIKcQDhwJ",
    "childNodes": [
      "Calculating degrees of freedom for a",
      "structural equation model"
    ]
  },
  {
    "href": "https://acikerisim.uludag.edu.tr/bitstreams/494dec6f-0458-4e43-9371-14af81bf206b/download",
    "id": "HHRCvyHo9sMJ",
    "childNodes": [
      "Comparison of",
      "model",
      "fit indices used in",
      "structural equation modeling",
      "under multivariate normality"
    ]
  }
]