[
  {
    "href": "https://www.idpublications.org/wp-content/uploads/2016/02/Full-Paper-THE-INDIRECT-EFFECT-IN-MULTIPLE-MEDIATORS-MODEL-BY-STRUCTURAL-EQUATION-MODELING.pdf",
    "id": "MQ8BBARszdcJ",
    "childNodes": [
      "The indirect effect in multiple mediators",
      "model",
      "by",
      "structural equation modeling"
    ]
  },
  {
    "href": "https://onlinelibrary.wiley.com/doi/abs/10.1002/jts.20578",
    "id": "vAuTbgtNM3EJ",
    "childNodes": [
      "Traumatic stress, affect dysregulation, and dysfunctional avoidance: A",
      "structural equation model"
    ]
  },
  {
    "href": "https://link.springer.com/article/10.1007/s10578-008-0102-0",
    "id": "Swxov-R44HwJ",
    "childNodes": [
      "A",
      "structural equation modeling",
      "approach to the study of stress and psychological adjustment in emerging adults"
    ]
  },
  {
    "href": "https://www.tandfonline.com/doi/abs/10.1080/10888438.2019.1643868",
    "id": "Nly-hgOubqQJ",
    "childNodes": [
      "Considering the role of executive function in reading comprehension: A",
      "structural equation modeling",
      "approach"
    ]
  },
  {
    "href": "https://www.tandfonline.com/doi/abs/10.1080/10705511.2021.1982716",
    "id": "T4b-Yn31axUJ",
    "childNodes": [
      "Using bounded estimation to avoid nonconvergence in small sample",
      "structural equation modeling"
    ]
  },
  {
    "href": "https://www.sciencedirect.com/science/article/pii/S0263786313000823",
    "id": "0MqHu11qqXMJ",
    "childNodes": [
      "Examining the influence of participant performance factors on contractor satisfaction: A",
      "structural equation model"
    ]
  },
  {
    "href": "https://onlinelibrary.wiley.com/doi/abs/10.1002/tea.20434",
    "id": "COOcN0ng_f4J",
    "childNodes": [
      "A",
      "structural equation model",
      "of conceptual change in physics"
    ]
  },
  {
    "href": "https://www.sciencedirect.com/science/article/pii/S1877042814038786",
    "id": "HoDo7Ep6VcsJ",
    "childNodes": [
      "Does good corporate governance lead to better sustainability reporting? An analysis using",
      "structural equation modeling"
    ]
  },
  {
    "href": "https://link.springer.com/article/10.1007/s10567-014-0165-3",
    "id": "Axhwif482SoJ",
    "childNodes": [
      "Why so many arrows? Introduction to",
      "structural equation modeling",
      "for the novitiate user"
    ]
  },
  {
    "href": "https://www.tandfonline.com/doi/abs/10.1080/10705511.2019.1620109",
    "id": "-BHA7S2g5DcJ",
    "childNodes": [
      "Model",
      "fit estimation for multilevel",
      "structural equation models"
    ]
  }
]