[
  {
    "href": "https://cair.org/wp-content/uploads/sites/474/2015/07/HuberC-SEMWorkshop.pdf",
    "id": "03OWZq6f2R0J",
    "childNodes": [
      "Introduction to",
      "structural equation modeling",
      "using Stata"
    ]
  },
  {
    "href": "https://www.sciencedirect.com/science/article/pii/S0957417410005907",
    "id": "iTsJkUnxzwkJ",
    "childNodes": [
      "A strategic",
      "model",
      "using",
      "structural equation modeling",
      "and fuzzy logic in supplier selection"
    ]
  },
  {
    "href": "https://www.sciencedirect.com/science/article/pii/S0264837721003616",
    "id": "evnVl2USrv4J",
    "childNodes": [
      "Structural equation modeling",
      "for indicators of sustainable agriculture: Prospective of a developing country's agriculture"
    ]
  },
  {
    "href": "https://www.jstor.org/stable/4355811",
    "id": "3uf3irpvpSYJ",
    "childNodes": [
      "Structural equation modeling",
      "with ordinal variables"
    ]
  },
  {
    "href": "https://www.jstor.org/stable/270723",
    "id": "lIAQkErZe5AJ",
    "childNodes": [
      "Asymptotic confidence intervals for indirect effects in",
      "structural equation models"
    ]
  },
  {
    "href": "https://psycnet.apa.org/record/2021-97628-001",
    "id": "uzh3bdq19fMJ",
    "childNodes": [
      "A tutorial on assessing statistical power and determining sample size for",
      "structural equation models",
      "."
    ]
  },
  {
    "href": "https://www.researchgate.net/profile/Vijaykumar-Mishra/post/Structure-equation-modelling-in-longitudinal-data/attachment/5f4fe7a16a5a0300017c5af1/AS%3A931390304579585%401599072161421/download/it13_huber.pdf",
    "id": "4ZwL4f2GoRsJ",
    "childNodes": [
      "Generalized",
      "structural equation modeling",
      "using stata"
    ]
  },
  {
    "href": "https://www.sciencedirect.com/science/article/pii/S0346251X10000734",
    "id": "aGtr_e07ptQJ",
    "childNodes": [
      "The L2 motivational self system, L2 anxiety, and motivated behavior: A",
      "structural equation modeling",
      "approach"
    ]
  },
  {
    "href": "https://link.springer.com/article/10.1007/s11356-022-24286-w",
    "id": "pj8wBW-YoRkJ",
    "childNodes": [
      "Influencing factors of consumers' buying intention of solar energy: a",
      "structural equation modeling",
      "approach"
    ]
  },
  {
    "href": "https://www.sciencedirect.com/science/article/pii/S0967070X13000115",
    "id": "PYycNEFCagUJ",
    "childNodes": [
      "Evaluation of the relevance measure between ports and regional economy using",
      "structural equation modeling"
    ]
  }
]