[
  {
    "href": "https://psycnet.apa.org/journals/arc/1/1/14/",
    "id": "Lu2dV-C9TicJ",
    "childNodes": [
      "Reporting results from",
      "structural equation modeling",
      "analyses in Archives of Scientific Psychology."
    ]
  },
  {
    "href": "https://www.sciencedirect.com/science/article/pii/S0167811611000486",
    "id": "YtQxkxbi1KUJ",
    "childNodes": [
      "Two new methods for estimating",
      "structural equation models",
      ": An illustration and a comparison with two established methods"
    ]
  },
  {
    "href": "https://researchportal.murdoch.edu.au/esploro/outputs/journalArticle/An-assessment-of-pre-service-teachers-technology/991005544964207891",
    "id": "_O4RZ1-G7ocJ",
    "childNodes": [
      "An assessment of pre-service teachers' technology acceptance in Turkey: A",
      "structural equation modeling",
      "approach"
    ]
  },
  {
    "href": "https://www.emerald.com/insight/content/doi/10.1108/EBR-10-2013-0128/nhttp:/www.emeraldinsight.com/10.1108/EBR-10-2013-0128/full/html",
    "id": "8r4J_2eLDd8J",
    "childNodes": [
      "Partial least squares",
      "structural equation modeling",
      "(PLS-SEM): An emerging tool in business research"
    ]
  },
  {
    "href": "https://psycnet.apa.org/record/2019-64276-001",
    "id": "AAUS6rrtKrUJ",
    "childNodes": [
      "Meta-analytic",
      "structural equation modeling",
      "with moderating effects on SEM parameters."
    ]
  },
  {
    "href": "https://link.springer.com/article/10.1007/s12208-009-0042-9",
    "id": "AUJZC_3b6SAJ",
    "childNodes": [
      "Understanding university image: a",
      "structural equation model",
      "approach"
    ]
  },
  {
    "href": "https://www.sciencedirect.com/science/article/pii/S0306460301001812",
    "id": "M35HRChxXbMJ",
    "childNodes": [
      "A",
      "structural equation model",
      "of the effect of poverty and unemployment on alcohol abuse"
    ]
  },
  {
    "href": "https://psycnet.apa.org/record/2010-09923-005",
    "id": "5kpMNEPWdnQJ",
    "childNodes": [
      "Mechanisms linking socioeconomic status to smoking cessation: a",
      "structural equation modeling",
      "approach."
    ]
  },
  {
    "href": "https://link.springer.com/chapter/10.1007/978-981-19-6509-8_18",
    "id": "Dz2t0TPX6LkJ",
    "childNodes": [
      "Artificial neural network and",
      "structural equation modeling",
      "in the future"
    ]
  },
  {
    "href": "https://link.springer.com/article/10.1007/s11205-013-0424-6",
    "id": "txVDzjlNQe4J",
    "childNodes": [
      "How gratitude influences well-being: A",
      "structural equation modeling",
      "approach"
    ]
  }
]