[
  {
    "href": "https://books.google.com/books?hl=en&lr=&id=jpRbBAAAQBAJ&oi=fnd&pg=PA207&dq=+Structural+Equation+Modeling&ots=PJ2DMtwZAN&sig=TJE7GFN-K6IW3hRK9KL5qV5sEQc",
    "id": "iSUdPsv-P7oJ",
    "childNodes": [
      "Structural equation modeling",
      "of mediation and moderation with contextual factors"
    ]
  },
  {
    "href": "https://www.sciencedirect.com/science/article/pii/S0272696305000963",
    "id": "HhBsgmdDU6gJ",
    "childNodes": [
      "Use of",
      "structural equation modeling",
      "in operations management research: Looking back and forward"
    ]
  },
  {
    "href": "https://www.sciencedirect.com/science/article/pii/S1551741107000290",
    "id": "6R21NLofs-cJ",
    "childNodes": [
      "Core reporting practices in",
      "structural equation modeling"
    ]
  },
  {
    "href": "https://www.tandfonline.com/doi/abs/10.1080/10705511.2013.824793",
    "id": "vmsp1Uq3PfcJ",
    "childNodes": [
      "Understanding robust corrections in",
      "structural equation modeling"
    ]
  },
  {
    "href": "https://www.sciencedirect.com/science/article/pii/S014829631630128X",
    "id": "9rfCu4_IwFgJ",
    "childNodes": [
      "Assessing the predictive performance of",
      "structural equation model",
      "estimators"
    ]
  },
  {
    "href": "https://journals.sagepub.com/doi/abs/10.1177/0049124198027002004",
    "id": "rPGnfbBAijgJ",
    "childNodes": [
      "Graphs, causality, and",
      "structural equation models"
    ]
  },
  {
    "href": "https://content.iospress.com/articles/work/wor00576",
    "id": "hqFdCrcNxGMJ",
    "childNodes": [
      "Comparing groups on latent variables: A",
      "structural equation modeling",
      "approach"
    ]
  },
  {
    "href": "https://esajournals.onlinelibrary.wiley.com/doi/abs/10.1890/09-0464.1",
    "id": "W92biGsWKkcJ",
    "childNodes": [
      "On the specification of",
      "structural equation models",
      "for ecological systems"
    ]
  },
  {
    "href": "https://journal.rescollacomm.com/index.php/ijeer/article/view/295",
    "id": "4A8AxleDWRkJ",
    "childNodes": [
      "Study on",
      "structural equation modeling",
      "for analyzing data"
    ]
  },
  {
    "href": "https://www.ingentaconnect.com/content/png/ajhb/2007/00000031/00000001/art00008",
    "id": "TOFY7-5S-yMJ",
    "childNodes": [
      "Structural equation modeling",
      ": a primer for health behavior researchers"
    ]
  }
]