[
  {
    "href": "https://www.sciencedirect.com/science/article/pii/S0378437119301918",
    "id": "wqB_7IW-idEJ",
    "childNodes": [
      "Understanding parking decisions with",
      "structural equation modeling"
    ]
  },
  {
    "href": "https://www.academia.edu/download/87485286/c1fc1482c215dda27d17ead65a03ced6b3fa.pdf",
    "id": "l4ct8LkVaE0J",
    "childNodes": [
      "The relationship between work-family conflict and job satisfaction: A",
      "structural equation modeling",
      "(SEM) approach"
    ]
  },
  {
    "href": "https://www.tandfonline.com/doi/abs/10.1080/00273171.2018.1446819",
    "id": "CWO071ZcDwQJ",
    "childNodes": [
      "At the frontiers of",
      "modeling",
      "intensive longitudinal data: Dynamic",
      "structural equation models",
      "for the affective measurements from the COGITO study"
    ]
  },
  {
    "href": "https://brill.com/downloadpdf/book/9789462093324/BP000014.pdf",
    "id": "sshE1Et2IkEJ",
    "childNodes": [
      "Structural equation modeling",
      "approaches in educational research and practice"
    ]
  },
  {
    "href": "https://www.tandfonline.com/doi/abs/10.1080/026783799296183",
    "id": "PVTJ8MUoKlEJ",
    "childNodes": [
      "A cross-validation of a",
      "structural equation model",
      "of accidents: organizational and psychological variables as predictors of work safety"
    ]
  },
  {
    "href": "https://www.sciencedirect.com/science/article/pii/S2772766122000246",
    "id": "8UcngYG_HjEJ",
    "childNodes": [
      "Partial Least Squares",
      "Structural Equation Modeling",
      "(PLS-SEM) in second language and education research: Guidelines using an applied example"
    ]
  },
  {
    "href": "https://www.tandfonline.com/doi/abs/10.1080/10705511.2022.2127100",
    "id": "XnA_dV_XcFgJ",
    "childNodes": [
      "Multiple group alignment for exploratory and",
      "structural equation models"
    ]
  },
  {
    "href": "https://psycnet.apa.org/record/2023-35925-001",
    "id": "CMct8-P0NzEJ",
    "childNodes": [
      "We need to change how we compute RMSEA for nested",
      "model",
      "comparisons in",
      "structural equation modeling",
      "."
    ]
  },
  {
    "href": "https://link.springer.com/article/10.1057/s41270-019-00058-3",
    "id": "Mko2rDGDevsJ",
    "childNodes": [
      "Partial least squares",
      "structural equation modeling",
      "using SmartPLS: a software review"
    ]
  },
  {
    "href": "https://www.emerald.com/insight/content/doi/10.1108/JIBR-02-2013-0013/full/html",
    "id": "Yd77Wn90pS4J",
    "childNodes": [
      "Internet banking adoption in India:",
      "structural equation modeling",
      "approach"
    ]
  }
]