[
  {
    "href": "https://www.frontiersin.org/articles/10.3389/fcomp.2020.567344/full?ref=https://githubhelp.com",
    "id": "p0dhzmOMPZIJ",
    "childNodes": [
      "Increasing interpretability of",
      "bayesian",
      "probabilistic programming models through interactive representations"
    ]
  },
  {
    "href": "https://ieeexplore.ieee.org/abstract/document/6146946/",
    "id": "ff2-H4t0p1QJ",
    "childNodes": [
      "Bayesian",
      "embedding of co-occurrence data for query-based",
      "visualization"
    ]
  },
  {
    "href": "https://researchcommons.waikato.ac.nz/bitstream/handle/10289/85/content.pdf",
    "id": "DE76qYyI9EMJ",
    "childNodes": [
      "Bayesian",
      "network classifiers in weka"
    ]
  },
  {
    "href": "https://eric.ed.gov/?id=ED615541",
    "id": "fa3veo4CHgUJ",
    "childNodes": [
      "Effects of Algorithmic Transparency in",
      "Bayesian",
      "Knowledge Tracing on Trust and Perceived Accuracy."
    ]
  },
  {
    "href": "https://www.sciencedirect.com/science/article/pii/S0957417420304735",
    "id": "oNyS3jhO8ogJ",
    "childNodes": [
      "Bayesian",
      "networks for supply chain risk, resilience and ripple effect analysis: A literature review"
    ]
  },
  {
    "href": "https://ieeexplore.ieee.org/abstract/document/7527993/",
    "id": "Zqbjrrsz1mkJ",
    "childNodes": [
      "Visual",
      "bayesian",
      "fusion to navigate a data lake"
    ]
  },
  {
    "href": "https://jurnal.yoctobrain.org/index.php/ijodas/article/view/112",
    "id": "g1W7dg3UbrcJ",
    "childNodes": [
      "A Machine Learning Perspective on Daisy and Dandelion Classification: Gaussian Naive",
      "Bayes",
      "with Sobel"
    ]
  },
  {
    "href": "https://ieeexplore.ieee.org/abstract/document/7047878/",
    "id": "gmXBrLR0pEkJ",
    "childNodes": [
      "3-D stent detection in intravascular OCT using a",
      "Bayesian",
      "network and graph search"
    ]
  },
  {
    "href": "https://journals.plos.org/plosmedicine/article?id=10.1371/journal.pmed.1003111",
    "id": "EyYcoc-NEYAJ",
    "childNodes": [
      "Preoperative risk stratification in endometrial cancer (ENDORISK) by a",
      "Bayesian",
      "network model: A development and validation study"
    ]
  },
  {
    "href": "https://ieeexplore.ieee.org/abstract/document/1498754/",
    "id": "gE9u-dDu_CUJ",
    "childNodes": [
      "On",
      "visualization",
      "and aggregation of nearest neighbor classifiers"
    ]
  }
]