[
  {
    "href": "https://academic.oup.com/toxsci/article-abstract/162/1/89/4596610",
    "id": "4o9acDhIifcJ",
    "childNodes": [
      "Predicting drug safety and communicating risk: benefits of a",
      "Bayesian",
      "approach"
    ]
  },
  {
    "href": "https://books.google.com/books?hl=en&lr=&id=rYFvnyPRwkgC&oi=fnd&pg=PR5&dq=bayes+visualization&ots=6gzCixJtO_&sig=egl-7J5net3Nvirqop8uuyTLORM",
    "id": "1Qmd1yIZI5UJ",
    "childNodes": [
      "Information",
      "visualization",
      "in data mining and knowledge discovery"
    ]
  },
  {
    "href": "https://ieeexplore.ieee.org/abstract/document/5716370/",
    "id": "AMk1rYA_bKUJ",
    "childNodes": [
      "Naïve",
      "Bayes",
      "and unsupervised artificial neural nets for Cancun tourism social media data analysis"
    ]
  },
  {
    "href": "https://www.sciencedirect.com/science/article/pii/S0264127523008730",
    "id": "WrAmLri27FsJ",
    "childNodes": [
      "Self-Supervised",
      "Bayesian",
      "representation learning of acoustic emissions from laser powder bed Fusion process for in-situ monitoring"
    ]
  },
  {
    "href": "https://journals.plos.org/plosone/article?id=10.1371/journal.pone.0186972",
    "id": "Euq_F9InHFoJ",
    "childNodes": [
      "Statins and new-onset atrial fibrillation in a cohort of patients with hypertension. Analysis of electronic health records, 2006–2015"
    ]
  },
  {
    "href": "https://pubs.acs.org/doi/abs/10.1021/acsnano.5b07257",
    "id": "dguua5HZ8T0J",
    "childNodes": [
      "Study of RNA polymerase II clustering inside live-cell nuclei using",
      "Bayesian",
      "nanoscopy"
    ]
  },
  {
    "href": "https://www.tandfonline.com/doi/abs/10.1080/17405629.2016.1259614",
    "id": "64XcTx8NLmoJ",
    "childNodes": [
      "Bayesian",
      "benefits with JASP"
    ]
  },
  {
    "href": "https://ojs.unud.ac.id/index.php/lontar/article/download/88679/47017",
    "id": "WZLGwlMaIOEJ",
    "childNodes": [
      "Sentiment Analysis on Product Reviews from Shopee Marketplace using the Naïve",
      "Bayes",
      "Classifier"
    ]
  },
  {
    "href": "https://link.springer.com/article/10.1007/s12559-021-09826-9",
    "id": "DuwI50d95Y8J",
    "childNodes": [
      "To ban or not to ban:",
      "Bayesian",
      "attention networks for reliable hate speech detection"
    ]
  },
  {
    "href": "https://www.academia.edu/download/106867667/IJCMS-V3I3-2012-2.pdf",
    "id": "gvDZ0PzaN-8J",
    "childNodes": [
      "Prediction system for heart disease using Naïve",
      "Bayes"
    ]
  }
]