[
  {
    "href": "https://projecteuclid.org/journals/bayesian-analysis/volume-19/issue-3/Default-Bayes-Factors-for-Testing-the-Inequality-of-Several-Population/10.1214/23-BA1369.short",
    "id": "aTF5dnM3DaMJ",
    "childNodes": [
      "Default",
      "Bayes",
      "factors for testing the (in) equality of several population variances"
    ]
  },
  {
    "href": "https://rupress.org/jgp/article-abstract/143/3/401/43236",
    "id": "hF7mpi8BsWoJ",
    "childNodes": [
      "Determination of parameter identifiability in nonlinear biophysical models: A",
      "Bayesian",
      "approach"
    ]
  },
  {
    "href": "https://ieeexplore.ieee.org/abstract/document/7590735/",
    "id": "TKNWi8pjEuQJ",
    "childNodes": [
      "Bayesian",
      "deconvolution of scanning electron microscopy images using point-spread function estimation and non-local regularization"
    ]
  },
  {
    "href": "https://www.sciencedirect.com/science/article/pii/S0001457522002494",
    "id": "vgZx2mFNFZcJ",
    "childNodes": [
      "Intersection two-vehicle crash scenario specification for automated vehicle safety evaluation using sequence analysis and",
      "Bayesian",
      "networks"
    ]
  },
  {
    "href": "https://ieeexplore.ieee.org/abstract/document/7210266/",
    "id": "yQJ1G1pm0FkJ",
    "childNodes": [
      "Jakarta congestion mapping and classification from twitter data extraction using tokenization and naïve",
      "bayes",
      "classifier"
    ]
  },
  {
    "href": "https://link.springer.com/content/pdf/10.1007/3-540-33521-8.pdf#page=224",
    "id": "1_O_4Qdl47EJ",
    "childNodes": [
      "Converting a Naive",
      "Bayes",
      "Model into a Set of Rules."
    ]
  },
  {
    "href": "https://www.mdpi.com/1660-4601/17/16/5890",
    "id": "TEs8AAmQrGkJ",
    "childNodes": [
      "Spatial and temporal impacts of socioeconomic and environmental factors on healthcare resources: a county-level",
      "bayesian",
      "local spatiotemporal regression modeling …"
    ]
  },
  {
    "href": "https://academic.oup.com/jcde/article-abstract/7/3/352/5815826",
    "id": "ovzHXfyBiGIJ",
    "childNodes": [
      "Modeling and assessing cyber resilience of smart grid using",
      "Bayesian",
      "network-based approach: a system of systems problem"
    ]
  },
  {
    "href": "https://dl.acm.org/doi/abs/10.1145/1102351.1102457",
    "id": "qixVVxd_gbAJ",
    "childNodes": [
      "Compact approximations to",
      "Bayesian",
      "predictive distributions"
    ]
  },
  {
    "href": "https://openreview.net/forum?id=ZxdkjTgK_Dl",
    "id": "9lzDs7jzsi0J",
    "childNodes": [
      "Bstt: A",
      "bayesian",
      "spatial-temporal transformer for sleep staging"
    ]
  }
]