[
  {
    "href": "https://www.mdpi.com/1660-4601/15/12/2641",
    "id": "KkVKUNQ9mT0J",
    "childNodes": [
      "Geographical variation in oral and oropharynx cancer mortality in Brazil: a",
      "Bayesian",
      "approach"
    ]
  },
  {
    "href": "https://journals.plos.org/plosone/article?id=10.1371/journal.pone.0085103",
    "id": "N79M6LGX6P8J",
    "childNodes": [
      "Bayesian",
      "Analysis of Congruence of Core Genes in",
      "I",
      "and",
      "I",
      "and Implications on Horizontal Gene Transfer"
    ]
  },
  {
    "href": "https://ieeexplore.ieee.org/abstract/document/7314091/",
    "id": "-L5TYKlXBlkJ",
    "childNodes": [
      "Estimating software development effort using",
      "Bayesian",
      "networks"
    ]
  },
  {
    "href": "https://journals.sagepub.com/doi/abs/10.3102/10769986026002153",
    "id": "9oM0LjPii1cJ",
    "childNodes": [
      "Bayesian",
      "inference with probability matrix decomposition models"
    ]
  },
  {
    "href": "https://pdfs.semanticscholar.org/51c8/52465cf6bc1a5f762ba249941a514b9494be.pdf",
    "id": "CcB0Z5Te-5EJ",
    "childNodes": [
      "Sentiment Analysis Against Digital Payment “GoPay”,“OVO”,“DANA”, and “ShopeePay” Using Naïve",
      "Bayes",
      "Classifier Algorithm"
    ]
  },
  {
    "href": "https://www.joiv.org/index.php/joiv/article/view/1474",
    "id": "D7WyJFLMk0EJ",
    "childNodes": [
      "Economic Impact due Covid-19 Pandemic: Sentiment Analysis on Twitter Using NaÃ¯ ve",
      "Bayes",
      "Classifier and Support Vector Machine"
    ]
  },
  {
    "href": "https://www.sciencedirect.com/science/article/pii/S1361841513000327",
    "id": "kesk3bcSjnkJ",
    "childNodes": [
      "Bayesian",
      "characterization of uncertainty in intra-subject non-rigid registration"
    ]
  },
  {
    "href": "https://onlinelibrary.wiley.com/doi/abs/10.1002/jbio.201960242",
    "id": "COKMPCkj0_MJ",
    "childNodes": [
      "Efficient super‐resolution volumetric imaging by radial fluctuation",
      "Bayesian",
      "analysis light‐sheet microscopy"
    ]
  },
  {
    "href": "https://epubs.siam.org/doi/abs/10.1137/21M1406313",
    "id": "sOa93E24WuUJ",
    "childNodes": [
      "Bayesian",
      "imaging with data-driven priors encoded by neural networks"
    ]
  },
  {
    "href": "https://agupubs.onlinelibrary.wiley.com/doi/abs/10.1029/2019WR024739",
    "id": "5Sv4kAmtGIQJ",
    "childNodes": [
      "Bayesian",
      "calibration and sensitivity analysis for a karst aquifer model using active subspaces"
    ]
  }
]