[
  {
    "href": "https://link.springer.com/article/10.1007/s10115-005-0211-z",
    "id": "CMhetvNlM8UJ",
    "childNodes": [
      "Learning accurate and concise naïve",
      "Bayes",
      "classifiers from attribute value taxonomies and data"
    ]
  },
  {
    "href": "http://ijcs.net/ijcs/index.php/ijcs/article/view/3473",
    "id": "VppppnipDwcJ",
    "childNodes": [
      "Analisis Sentimen Ulasan Aplikasi TikTok Shop Seller Center di Google Playstore Menggunakan Algoritma Naive",
      "Bayes"
    ]
  },
  {
    "href": "https://www.frontiersin.org/articles/10.3389/fenvs.2022.958784/full",
    "id": "AZCxprsW6rgJ",
    "childNodes": [
      "Predicting the occurrence of short-chain PFAS in groundwater using machine-learned",
      "Bayesian",
      "networks"
    ]
  },
  {
    "href": "https://books.google.com/books?hl=en&lr=&id=t6PcDgAAQBAJ&oi=fnd&pg=PP1&dq=bayes+visualization&ots=xNL_Kr2y_3&sig=8EXEnB2TnGkQ_UE-2Kgh6UbwPKM",
    "id": "Sl6mqihf9OwJ",
    "childNodes": [
      "Bayesian",
      "analysis with python"
    ]
  },
  {
    "href": "https://ieeexplore.ieee.org/abstract/document/8792512/",
    "id": "2hHGlv1IsYcJ",
    "childNodes": [
      "Performance comparison of Naïve",
      "Bayes",
      "and complement Naïve",
      "Bayes",
      "algorithms"
    ]
  },
  {
    "href": "https://psycnet.apa.org/record/2022-72776-001",
    "id": "nNhTsylUNuQJ",
    "childNodes": [
      "Visual organization of icon arrays affects",
      "bayesian",
      "reasoning and risk judgments."
    ]
  },
  {
    "href": "https://www.mdpi.com/2227-9032/8/2/111",
    "id": "fEGoM_XQFtMJ",
    "childNodes": [
      "A comparative analysis of breast cancer detection and diagnosis using data",
      "visualization",
      "and machine learning applications"
    ]
  },
  {
    "href": "https://www.academia.edu/download/66262632/8._PIA_Accidents_Analysis_Using_Naive_Bayes_Classifier.pdf",
    "id": "Y_QO2Z_WMHcJ",
    "childNodes": [
      "PIA Accidents Analysis Using Naïve",
      "Bayes",
      "Classifier"
    ]
  },
  {
    "href": "https://www.sciencedirect.com/science/article/pii/S1877050917316290",
    "id": "2Q1bDcYtnJMJ",
    "childNodes": [
      "The influence of customer movement between sales areas on sales amount: a dynamic",
      "bayesian",
      "model of the in-store customer movement and sales relationship"
    ]
  },
  {
    "href": "https://klein.mit.edu/~dav/05.dir/class3-prep.pdf",
    "id": "KbALYJn7IhYJ",
    "childNodes": [
      "Conditional Probability, Independence and",
      "Bayes",
      "' Theorem Class 3, 18.05"
    ]
  }
]