[
  {
    "href": "https://ascopubs.org/doi/abs/10.1200/CCI.19.00136",
    "id": "y0RQ9O3RaFcJ",
    "childNodes": [
      "Predicting lung cancer survival using probabilistic reclassification of TNM editions with a",
      "Bayesian",
      "network"
    ]
  },
  {
    "href": "https://link.springer.com/article/10.1007/s11548-008-0235-4",
    "id": "6KKJ0vb5H7sJ",
    "childNodes": [
      "Automatic segmentation of calcified plaques and vessel borders in IVUS images"
    ]
  },
  {
    "href": "https://www.ijiset.com/vol2/v2s9/IJISET_V2_I9_54.pdf",
    "id": "WgwGYmSBrusJ",
    "childNodes": [
      "Heart diseases detection using Naive",
      "Bayes",
      "algorithm"
    ]
  },
  {
    "href": "https://www.sciencedirect.com/science/article/pii/S1476945X18301132",
    "id": "z-XT4Rg-YSYJ",
    "childNodes": [
      "Cartogramming uncertainty in species distribution models: a",
      "Bayesian",
      "approach"
    ]
  },
  {
    "href": "https://link.springer.com/chapter/10.1007/978-3-030-22002-0_11",
    "id": "-DhBnYfA7vIJ",
    "childNodes": [
      "Contextual",
      "Visualization",
      "of Crime Matching Through Interactive Clustering and",
      "Bayesian",
      "Theory"
    ]
  },
  {
    "href": "https://onlinelibrary.wiley.com/doi/abs/10.1155/2020/6613896",
    "id": "Z-umMZ57apcJ",
    "childNodes": [
      "Dynamic knowledge inference based on",
      "bayesian",
      "network learning"
    ]
  },
  {
    "href": "https://ieeexplore.ieee.org/abstract/document/10264147/",
    "id": "-mNho7s09EAJ",
    "childNodes": [
      "Sparse",
      "bayesian",
      "learning-based 3D radio environment map construction—Sampling optimization, scenario-dependent dictionary construction and sparse recovery"
    ]
  },
  {
    "href": "https://ieeexplore.ieee.org/abstract/document/9320797/",
    "id": "PLx6ak3XpL4J",
    "childNodes": [
      "Prediction for diagnosing liver disease in patients using KNN and Naïve",
      "Bayes",
      "algorithms"
    ]
  },
  {
    "href": "https://ieeexplore.ieee.org/abstract/document/8626478/",
    "id": "mMVkZJNi_oUJ",
    "childNodes": [
      "Accelerated structure-aware sparse",
      "Bayesian",
      "learning for three-dimensional electrical impedance tomography"
    ]
  },
  {
    "href": "https://www.sciencedirect.com/science/article/pii/S1532046415000027",
    "id": "HzzFw9nJGnkJ",
    "childNodes": [
      "A spline-based tool to assess and",
      "visualize",
      "the calibration of multiclass risk predictions"
    ]
  }
]