[
  {
    "href": "https://aapm.onlinelibrary.wiley.com/doi/abs/10.1002/mp.12979",
    "id": "bgRK62wnNHMJ",
    "childNodes": [
      "An image‐guided radiotherapy decision support framework incorporating a",
      "Bayesian",
      "network and",
      "visualization",
      "tool"
    ]
  },
  {
    "href": "https://www.sciencedirect.com/science/article/pii/S0957417421002116",
    "id": "3mqdB59LS74J",
    "childNodes": [
      "Rice diseases detection and classification using attention based neural network and",
      "bayesian",
      "optimization"
    ]
  },
  {
    "href": "https://link.springer.com/chapter/10.1007/978-1-4615-4813-3_11",
    "id": "T9ONTxg8x9kJ",
    "childNodes": [
      "Simplifying",
      "Bayesian",
      "inference: The general case"
    ]
  },
  {
    "href": "https://ieeexplore.ieee.org/abstract/document/8202130/",
    "id": "kM7Ypte9vegJ",
    "childNodes": [
      "Feature discovery and",
      "visualization",
      "of robot mission data using convolutional autoencoders and",
      "Bayesian",
      "nonparametric topic models"
    ]
  },
  {
    "href": "https://arxiv.org/abs/2112.00162",
    "id": "hNzUK4d9RrQJ",
    "childNodes": [
      "Teaching",
      "Bayes",
      "' Rule using Mosaic Plots"
    ]
  },
  {
    "href": "https://journals.sagepub.com/doi/abs/10.1177/23814683221086623",
    "id": "gFDvfPxc-yMJ",
    "childNodes": [
      "Improving diagnostic efficiency with frequency double-trees and frequency nets in",
      "Bayesian",
      "reasoning"
    ]
  },
  {
    "href": "https://link.springer.com/article/10.1007/s10459-020-10025-8",
    "id": "VM6C6WUB5jEJ",
    "childNodes": [
      "Natural frequency trees improve diagnostic efficiency in",
      "Bayesian",
      "reasoning"
    ]
  },
  {
    "href": "https://link.springer.com/chapter/10.1007/978-981-15-7078-0_22",
    "id": "9uGkrHkPvcoJ",
    "childNodes": [
      "Effective use of naïve",
      "bayes",
      ", decision tree, and random forest techniques for analysis of chronic kidney disease"
    ]
  },
  {
    "href": "https://www.academia.edu/download/57265184/IJDI-ERET_Darshan__DEC__2014.pdf",
    "id": "zct9rt3wkawJ",
    "childNodes": [
      "Applying Naïve",
      "bayes",
      ", BayesNet, PART, JRip and OneR algorithms on hypothyroid database for comparative analysis"
    ]
  },
  {
    "href": "https://www.sciencedirect.com/science/article/pii/S0098300415000515",
    "id": "Qk92tzqssOsJ",
    "childNodes": [
      "PyBetVH: A Python tool for probabilistic volcanic hazard assessment and for generation of",
      "Bayesian",
      "hazard curves and maps"
    ]
  }
]