[
  {
    "href": "https://openreview.net/forum?id=A1RVn1m3J3",
    "id": "PP9dqR8ii9oJ",
    "childNodes": [
      "BoChemian: Large language model embeddings for",
      "Bayesian",
      "optimization of chemical reactions"
    ]
  },
  {
    "href": "https://journal.r-project.org/articles/RJ-2022-009/RJ-2022-009.pdf",
    "id": "vh5jmYistSAJ",
    "childNodes": [
      "bayesanova: An R package for",
      "Bayesian",
      "Inference in the Analysis of Variance via Markov Chain Monte Carlo in Gaussian Mixture Models."
    ]
  },
  {
    "href": "https://onlinelibrary.wiley.com/doi/abs/10.3982/TE1808",
    "id": "WIeeA1ZagwAJ",
    "childNodes": [
      "Bayes",
      "correlated equilibrium and the comparison of information structures in games"
    ]
  },
  {
    "href": "https://ieeexplore.ieee.org/abstract/document/9557291/",
    "id": "Xq52SPRSaK4J",
    "childNodes": [
      "Adaptive imaging of sound source based on total variation prior and a subspace iteration integrated variational",
      "bayesian",
      "method"
    ]
  },
  {
    "href": "https://philpapers.org/rec/NGUFYO",
    "id": "zQ3quuYIx-AJ",
    "childNodes": [
      "Five years of the bayesvl package: A journey through",
      "Bayesian",
      "statistical analysis"
    ]
  },
  {
    "href": "https://cyberleninka.ru/article/n/hybrid-naive-bayes-tf-idf-algorithm-and-lexicon-approach-for-sentiment-analysis-of-reviews",
    "id": "77D1NT9ATiwJ",
    "childNodes": [
      "Hybrid Naive",
      "Bayes",
      "TF-IDF Algorithm and Lexicon Approach for Sentiment Analysis of Reviews"
    ]
  },
  {
    "href": "https://staff.fnwi.uva.nl/r.valenti/projects/mmis/Automatic%20Facial%20Emotion%20Recognition.pdf",
    "id": "tHhu5Du2Dp0J",
    "childNodes": [
      "Automatic facial emotion recognition"
    ]
  },
  {
    "href": "https://www.sciencedirect.com/science/article/pii/S0951832022001120",
    "id": "I0LBoHYDtLsJ",
    "childNodes": [
      "Manifold-based Conditional",
      "Bayesian",
      "network for aging pipe yield strength estimation with non-destructive measurements"
    ]
  },
  {
    "href": "https://ieeexplore.ieee.org/abstract/document/8647714/",
    "id": "S7g9brMOxKwJ",
    "childNodes": [
      "Bayesian",
      "optimization with machine learning algorithms towards anomaly detection"
    ]
  }
]