[
  {
    "href": "https://journals.plos.org/globalpublichealth/article?id=10.1371/journal.pgph.0000271",
    "id": "E12mv4k9J8QJ",
    "childNodes": [
      "Spatial statistical analysis of regional disparities in suicide among policy units in Japan: Using the",
      "Bayesian",
      "hierarchical model"
    ]
  },
  {
    "href": "https://ieeexplore.ieee.org/abstract/document/9759040/",
    "id": "NiRuHcX85coJ",
    "childNodes": [
      "Analysis of income on the basis of occupation using data mining"
    ]
  },
  {
    "href": "https://journals.plos.org/plosone/article?id=10.1371/journal.pone.0071448",
    "id": "N_LI7EWoOM0J",
    "childNodes": [
      "No control genes required:",
      "Bayesian",
      "analysis of qRT-PCR data"
    ]
  },
  {
    "href": "https://www.sciencedirect.com/science/article/pii/S1053811903004439",
    "id": "h2SsUVNyymcJ",
    "childNodes": [
      "Bayesian",
      "second-level analysis of functional magnetic resonance images"
    ]
  },
  {
    "href": "https://www.sciencedirect.com/science/article/pii/S0306987720307702",
    "id": "8fBNLTt3M5EJ",
    "childNodes": [
      "COVIDiagnosis-Net: Deep",
      "Bayes",
      "-SqueezeNet based diagnosis of the coronavirus disease 2019 (COVID-19) from X-ray images"
    ]
  },
  {
    "href": "https://aisel.aisnet.org/siggis2015/4/",
    "id": "54dPOI9m4wQJ",
    "childNodes": [
      "Space-Time Diffusion",
      "Visualization",
      "using",
      "Bayesian",
      "Inference"
    ]
  },
  {
    "href": "https://ieeexplore.ieee.org/abstract/document/9060892/",
    "id": "-sk6mrVqgjwJ",
    "childNodes": [
      "Sentiment analysis of danmaku videos based on naïve",
      "bayes",
      "and sentiment dictionary"
    ]
  },
  {
    "href": "https://airccj.org/CSCP/vol2/csit2236.pdf",
    "id": "wR4KPYg3Rw4J",
    "childNodes": [
      "Analysis of",
      "Bayes",
      ", neural network and tree classifier of classification technique in data mining using WEKA"
    ]
  },
  {
    "href": "https://ieeexplore.ieee.org/abstract/document/10292485/",
    "id": "PPExfEq8_f0J",
    "childNodes": [
      "Performance comparison and implementation of",
      "bayesian",
      "variants for network intrusion detection"
    ]
  },
  {
    "href": "https://dl.acm.org/doi/abs/10.1145/1656274.1656278",
    "id": "JtMfpZWRM4gJ",
    "childNodes": [
      "The WEKA data mining software: an update"
    ]
  }
]