[
  {
    "href": "https://www.liebertpub.com/doi/abs/10.1089/cmb.2016.0100",
    "id": "bqGrVRrAWmkJ",
    "childNodes": [
      "New algorithm and software (BNOmics) for inferring and",
      "visualizing bayesian",
      "networks from heterogeneous big biological and genetic data"
    ]
  },
  {
    "href": "https://www.frontiersin.org/articles/10.3389/fpsyg.2016.02026/full",
    "id": "aLBtdwiXx10J",
    "childNodes": [
      "The impact of",
      "visualizing",
      "nested sets. An empirical study on tree diagrams and unit squares"
    ]
  },
  {
    "href": "https://www.frontiersin.org/articles/10.3389/fpsyg.2015.01186/full",
    "id": "GDC79R1Fk9kJ",
    "childNodes": [
      "Effects of",
      "visualizing",
      "statistical information–an empirical study on tree diagrams and 2× 2 tables"
    ]
  },
  {
    "href": "https://ieeexplore.ieee.org/abstract/document/1277822/",
    "id": "P7wcIFwIRagJ",
    "childNodes": [
      "A case study of applying boosting Naive",
      "Bayes",
      "to claim fraud diagnosis"
    ]
  },
  {
    "href": "https://jurnal.yoctobrain.org/index.php/ijaimi/article/view/160",
    "id": "ZIH1ukWcbDcJ",
    "childNodes": [
      "Predictive modelling of chronic kidney disease using gaussian naive",
      "bayes",
      "algorithm"
    ]
  },
  {
    "href": "https://academic.oup.com/mbe/article-abstract/33/8/2167/2579258",
    "id": "ynZzJ5cLoU4J",
    "childNodes": [
      "SpreaD3: interactive",
      "visualization",
      "of spatiotemporal history and trait evolutionary processes"
    ]
  },
  {
    "href": "https://link.springer.com/article/10.1007/s12650-021-00781-z",
    "id": "LXVdPUDHUSsJ",
    "childNodes": [
      "Modeling layout design for multiple-view",
      "visualization",
      "via",
      "Bayesian",
      "inference"
    ]
  },
  {
    "href": "https://ieeexplore.ieee.org/abstract/document/7536212/",
    "id": "Z-28FKS-F8UJ",
    "childNodes": [
      "Surprise!",
      "Bayesian",
      "weighting for de-biasing thematic maps"
    ]
  },
  {
    "href": "https://citeseerx.ist.psu.edu/document?repid=rep1&type=pdf&doi=64925970d1984abb534bccada4191980ff5d8ad3",
    "id": "nVMLjM1Z6BQJ",
    "childNodes": [
      "A",
      "visualization",
      "technique for",
      "Bayesian",
      "modeling"
    ]
  },
  {
    "href": "https://www.jmlr.org/papers/volume1/heckerman00a/heckerman00a.pdf",
    "id": "OlPuS3vkAfQJ",
    "childNodes": [
      "Dependency networks for inference, collaborative filtering, and data",
      "visualization"
    ]
  }
]