[
  {
    "href": "https://www.sciencedirect.com/science/article/pii/S0957417406003137",
    "id": "o-U4LYHSBbwJ",
    "childNodes": [
      "Visualization",
      "and analysis of classifiers performance in multi-class medical data"
    ]
  },
  {
    "href": "http://iase-web.org/icots/10/proceedings/pdfs/ICOTS10_6A2.pdf",
    "id": "3Z5lV-rm2zUJ",
    "childNodes": [
      "The effect of",
      "visualizing",
      "statistical information in",
      "Bayesian",
      "reasoning problems"
    ]
  },
  {
    "href": "https://link.springer.com/article/10.3758/s13428-023-02204-3",
    "id": "X6akb6YUEnUJ",
    "childNodes": [
      "Bayesian",
      "hierarchical modeling: An introduction and reassessment"
    ]
  },
  {
    "href": "https://arxiv.org/abs/2006.10273",
    "id": "F78R2RtnfV4J",
    "childNodes": [
      "A Tutorial on VAEs: From",
      "Bayes",
      "' Rule to Lossless Compression"
    ]
  },
  {
    "href": "https://onlinelibrary.wiley.com/doi/abs/10.1111/pala.12500",
    "id": "365O2ECCgR8J",
    "childNodes": [
      "Bayesian",
      "analyses in phylogenetic palaeontology: interpreting the posterior sample"
    ]
  },
  {
    "href": "https://journals.ashs.org/hortsci/view/journals/hortsci/46/12/article-p1588.xml",
    "id": "okTkRJWo1cUJ",
    "childNodes": [
      "Development of simple",
      "Bayesian",
      "belief and decision networks as interactive",
      "visualization",
      "tools for determining optimal in-row spacing for 'Beauregard'sweetpotato"
    ]
  },
  {
    "href": "https://onlinelibrary.wiley.com/doi/abs/10.1002/mrm.22187",
    "id": "-ulLpRUqzM0J",
    "childNodes": [
      "Quantitative susceptibility map reconstruction from MR phase data using",
      "bayesian",
      "regularization: validation and application to brain imaging"
    ]
  },
  {
    "href": "https://www.sciencedirect.com/science/article/pii/S0957417421016663",
    "id": "IgGQgG9QwJ4J",
    "childNodes": [
      "Developing fuzzy logic strength of evidence index and application in",
      "Bayesian",
      "networks for system risk management"
    ]
  },
  {
    "href": "https://papers.ssrn.com/sol3/Delivery.cfm?abstractid=4140351",
    "id": "AxymmlzCqa0J",
    "childNodes": [
      "Bayesvl: an R package for user-friendly",
      "Bayesian",
      "regression modelling"
    ]
  },
  {
    "href": "https://link.springer.com/article/10.1007/s10845-018-1412-0",
    "id": "lIK0xEn2KCAJ",
    "childNodes": [
      "Online quality inspection using",
      "Bayesian",
      "classification in powder-bed additive manufacturing from high-resolution visual camera images"
    ]
  }
]