[
  {
    "href": "https://link.springer.com/article/10.1186/s13638-020-01671-y",
    "id": "OFzYJkmskNgJ",
    "childNodes": [
      "Identifying correctness data scheme for aggregating data in cluster heads of wireless sensor network based on naive",
      "Bayes",
      "classification"
    ]
  },
  {
    "href": "https://www.nature.com/articles/s41598-021-91437-3",
    "id": "HQ8qJf2b2P4J",
    "childNodes": [
      "Mixed-effect",
      "Bayesian",
      "network reveals personal effects of nutrition"
    ]
  },
  {
    "href": "https://www.researchgate.net/profile/Pv-Praveen-Sundar/publication/280007711_A_COMPARATIVE_STUDY_FOR_PREDICTING_STUDENT'S_ACADEMIC_PERFORMANCE_USING_BAYESIAN_NETWORK_CLASSIFIERS/links/55a361bb08ae1c0e046547dd/A-COMPARATIVE-STUDY-FOR-PREDICTING-STUDENTS-ACADEMIC-PERFORMANCE-USING-BAYESIAN-NETWORK-CLASSIFIERS.pdf",
    "id": "eateqX8cAhoJ",
    "childNodes": [
      "A comparative study for predicting students academic performance using",
      "Bayesian",
      "network classifiers"
    ]
  },
  {
    "href": "https://www.sciencedirect.com/science/article/pii/S1470160X22000401",
    "id": "3E8QKiy4stwJ",
    "childNodes": [
      "Exploring ecosystem services trade-offs using the",
      "Bayesian",
      "belief network model for ecological restoration decision-making: A case study in Guizhou …"
    ]
  },
  {
    "href": "https://www.sciencedirect.com/science/article/pii/S0968090X21003314",
    "id": "Lpf4TwdyD20J",
    "childNodes": [
      "Data-driven trajectory prediction with weather uncertainties: A",
      "Bayesian",
      "deep learning approach"
    ]
  },
  {
    "href": "https://www.journal.irpi.or.id/index.php/predatecs/article/view/814",
    "id": "5ZMZPHprBvMJ",
    "childNodes": [
      "Sentiment Analysis of Towards Electric Cars using Naive",
      "Bayes",
      "Classifier and Support Vector Machine Algorithm"
    ]
  },
  {
    "href": "https://www.frontiersin.org/articles/10.3389/fpsyg.2022.1011137/full",
    "id": "qi9GrTeo1UgJ",
    "childNodes": [
      "Study on a",
      "Bayes",
      "evaluation of the working ability of petroleum workers in the Karamay region, Xinjiang, China"
    ]
  },
  {
    "href": "https://www.biorxiv.org/content/10.1101/2022.12.30.522281.abstract",
    "id": "wwB0tx_vYBEJ",
    "childNodes": [
      "SAMBA: Structure-Learning of Aquaculture Microbiomes Using a",
      "Bayesian",
      "-Network Approach"
    ]
  },
  {
    "href": "https://www.tandfonline.com/doi/abs/10.1080/16000889.2018.1530031",
    "id": "GcVu60rtFEoJ",
    "childNodes": [
      "Predicting atmospheric particle formation days by",
      "Bayesian",
      "classification of the time series features"
    ]
  }
]