[
  {
    "href": "https://proceedings.neurips.cc/paper_files/paper/2021/hash/95b431e51fc53692913da5263c214162-Abstract.html",
    "id": "u77B3pdIzCEJ",
    "childNodes": [
      "Graph posterior network:",
      "Bayesian",
      "predictive uncertainty for node classification"
    ]
  },
  {
    "href": "https://www.sciencedirect.com/science/article/pii/S0022354915322541",
    "id": "G1MhLa39tKQJ",
    "childNodes": [
      "Latent structure analysis in pharmaceutical formulations using Kohonen's self-organizing map and a",
      "Bayesian",
      "network"
    ]
  },
  {
    "href": "https://www.nature.com/articles/s41467-022-32202-6",
    "id": "B-PPFmcvun0J",
    "childNodes": [
      "Multi-cohort and longitudinal",
      "Bayesian",
      "clustering study of stage and subtype in Alzheimer's disease"
    ]
  },
  {
    "href": "https://psycnet.apa.org/record/2023-57852-001",
    "id": "110CkflBPJQJ",
    "childNodes": [
      "Troubleshooting",
      "Bayesian",
      "cognitive models."
    ]
  },
  {
    "href": "https://ieeexplore.ieee.org/abstract/document/8260684/",
    "id": "TDgxE-AWGewJ",
    "childNodes": [
      "A novel application of Naive",
      "Bayes",
      "Classifier in Photovoltaic energy prediction"
    ]
  },
  {
    "href": "https://link.springer.com/article/10.1007/s41365-023-01173-8",
    "id": "SuISUPikNB8J",
    "childNodes": [
      "Construction of fault diagnosis system for control rod drive mechanism based on knowledge graph and",
      "Bayesian",
      "inference"
    ]
  },
  {
    "href": "https://www.academia.edu/download/86045379/Paper_11-Comparison_of_Accuracy_between_Convolutional_Neural_Networks.pdf",
    "id": "HSKvhCONKsQJ",
    "childNodes": [
      "Comparison of accuracy between convolutional neural networks and Naïve",
      "Bayes",
      "Classifiers in sentiment analysis on Twitter"
    ]
  },
  {
    "href": "https://www.sciencedirect.com/science/article/pii/S0021999123001997",
    "id": "lDRyqbEACskJ",
    "childNodes": [
      "Residual-based error correction for neural operator accelerated infinite-dimensional",
      "Bayesian",
      "inverse problems"
    ]
  },
  {
    "href": "https://www.sciencedirect.com/science/article/pii/S1364815221002772",
    "id": "lEevrCs3j8AJ",
    "childNodes": [
      "Using",
      "Bayesian",
      "optimization to automate the calibration of complex hydrological models: Framework and application"
    ]
  },
  {
    "href": "https://ieeexplore.ieee.org/abstract/document/1335187/",
    "id": "u-COEqoIpfIJ",
    "childNodes": [
      "A",
      "bayesian",
      "framework for 3D models retrieval based on characteristic views"
    ]
  }
]