[
  {
    "href": "https://link.springer.com/article/10.3758/s13428-021-01613-6",
    "id": "cOCyDq_yxMwJ",
    "childNodes": [
      "fbst: An R package for the Full",
      "Bayesian",
      "Significance Test for testing a sharp null hypothesis against its alternative via the",
      "I",
      "value"
    ]
  },
  {
    "href": "https://link.springer.com/article/10.1007/s40745-019-00234-3",
    "id": "tC6i694JhtwJ",
    "childNodes": [
      "Bayesian",
      "reliability analysis of Marshall and Olkin model"
    ]
  },
  {
    "href": "https://link.springer.com/article/10.1023/A:1023949509487",
    "id": "0i_piSAWRC0J",
    "childNodes": [
      "Consensus clustering: a resampling-based method for class discovery and",
      "visualization",
      "of gene expression microarray data"
    ]
  },
  {
    "href": "https://ieeexplore.ieee.org/abstract/document/1295313/",
    "id": "2xIp981OkBMJ",
    "childNodes": [
      "SAR DEM filtering by mean of",
      "Bayesian",
      "and multi-scale, nonstationary methods"
    ]
  },
  {
    "href": "https://deepblue.lib.umich.edu/handle/2027.42/116099",
    "id": "UiknME-uMYoJ",
    "childNodes": [
      "MCMCpack: Markov chain monte carlo in R"
    ]
  },
  {
    "href": "https://www.frontiersin.org/articles/10.3389/fpsyg.2020.00947/full",
    "id": "se38WhlsM1IJ",
    "childNodes": [
      "bayes4psy—An open source R package for",
      "Bayesian",
      "statistics in psychology"
    ]
  },
  {
    "href": "https://link.springer.com/article/10.1208/s12248-009-9133-0",
    "id": "QIYbKUmEQAUJ",
    "childNodes": [
      "Importance of shrinkage in empirical",
      "bayes",
      "estimates for diagnostics: problems and solutions"
    ]
  },
  {
    "href": "https://www.academia.edu/download/33326656/hiit-2004-2.pdf",
    "id": "jvmgImmfm_UJ",
    "childNodes": [
      "Bayesian",
      "methods that optimize cross-cultural data analysis"
    ]
  },
  {
    "href": "https://www.sciencedirect.com/science/article/pii/S0169743921000952",
    "id": "WlzUdblnDHUJ",
    "childNodes": [
      "Dynamic",
      "Bayesian",
      "networks for temporal prediction of chemical radioisotope levels in nuclear power plant reactors"
    ]
  },
  {
    "href": "https://ieeexplore.ieee.org/abstract/document/10285769/",
    "id": "5T81fPeFeisJ",
    "childNodes": [
      "Recognizing public satisfaction toward kampus mengajar program with naive",
      "bayes"
    ]
  }
]