[
  {
    "href": "https://jurnal.polgan.ac.id/index.php/sinkron/article/view/11968",
    "id": "hfM1l9YTLCgJ",
    "childNodes": [
      "Data Mining Selection of Prospective Government Employees with Employment Agreements using Naive",
      "Bayes",
      "Classifier"
    ]
  },
  {
    "href": "https://arxiv.org/abs/2208.08966",
    "id": "ibrcnxwOFXYJ",
    "childNodes": [
      "Visualizations",
      "for",
      "Bayesian",
      "Additive Regression Trees"
    ]
  },
  {
    "href": "https://www.mdpi.com/2227-7390/10/9/1558",
    "id": "XbcSI_xsQHMJ",
    "childNodes": [
      "How to train novices in",
      "Bayesian",
      "reasoning"
    ]
  },
  {
    "href": "https://search.proquest.com/openview/9d6ec5a0458e34fcb6b75e8c86952b27/1?pq-origsite=gscholar&cbl=2035762",
    "id": "okdRPw5qbdcJ",
    "childNodes": [
      "AovBay: an R package for application and",
      "visualization",
      "of parametric non-parametric and",
      "bayesian",
      "ANOVA"
    ]
  },
  {
    "href": "https://esajournals.onlinelibrary.wiley.com/doi/abs/10.1002/ecs2.3739",
    "id": "fKfTpGWB2pUJ",
    "childNodes": [
      "Choosing priors in",
      "Bayesian",
      "ecological models by simulating from the prior predictive distribution"
    ]
  },
  {
    "href": "https://www.frontiersin.org/articles/10.3389/feduc.2020.607260/full",
    "id": "TQXSw6bwOWgJ",
    "childNodes": [
      "Bayesian",
      "mixed effects model and data",
      "visualization",
      "for understanding item response time and response order in open online assessment"
    ]
  },
  {
    "href": "https://dl.acm.org/doi/abs/10.1145/3184558.3191547",
    "id": "ggE3TcuWR5gJ",
    "childNodes": [
      "A gamified approach to NaïVe",
      "Bayes",
      "classification: A case study for newswires and systematic medical reviews"
    ]
  },
  {
    "href": "https://www.sciencedirect.com/science/article/pii/S1071581904000242",
    "id": "MRS_QXMtyusJ",
    "childNodes": [
      "Inspectable",
      "Bayesian",
      "student modelling servers in multi-agent tutoring systems"
    ]
  },
  {
    "href": "https://ieeexplore.ieee.org/abstract/document/9574419/",
    "id": "pQXJSKvRMIgJ",
    "childNodes": [
      "Sentiment analysis on movie review using Naïve",
      "Bayes"
    ]
  },
  {
    "href": "https://dl.acm.org/doi/abs/10.1145/3313831.3376377",
    "id": "HUe8-T_KjKUJ",
    "childNodes": [
      "Prior setting in practice: Strategies and rationales used in choosing prior distributions for",
      "Bayesian",
      "analysis"
    ]
  }
]