[
  {
    "href": "https://www.jstatsoft.org/article/view/v061i13",
    "id": "GGsfVzobG7wJ",
    "childNodes": [
      "BayesLCA: An R package for",
      "Bayesian",
      "latent class analysis"
    ]
  },
  {
    "href": "https://journal.universitasbumigora.ac.id/index.php/bite/article/view/4081",
    "id": "h3_gyXEYkzwJ",
    "childNodes": [
      "Analysis of Tourist Sentiment towards Tourist Attractions in the Mandalika Special Economic Zone Using the Naïve",
      "Bayes",
      "Method"
    ]
  },
  {
    "href": "https://www.mdpi.com/2076-3417/11/21/10284",
    "id": "lrZ-7PoucfAJ",
    "childNodes": [
      "A query expansion method using multinomial naive",
      "bayes"
    ]
  },
  {
    "href": "https://www.tandfonline.com/doi/pdf/10.3402/ehtj.v4i0.11907#page=40",
    "id": "afqTssPSCWoJ",
    "childNodes": [
      "Generalized fast subset sums for",
      "Bayesian",
      "detection and",
      "visualization"
    ]
  },
  {
    "href": "https://link.springer.com/article/10.1007/s11356-018-2962-6",
    "id": "WAP2uhCiwN4J",
    "childNodes": [
      "A",
      "Bayesian",
      "assessment of occupational health surveillance in workers exposed to silica in the energy and construction industry"
    ]
  },
  {
    "href": "https://www.sciencedirect.com/science/article/pii/S2352711020303010",
    "id": "nci-QvyEQjoJ",
    "childNodes": [
      "BANSHEE–A MATLAB toolbox for non-parametric",
      "Bayesian",
      "networks"
    ]
  },
  {
    "href": "https://www.sciencedirect.com/science/article/pii/S009813542400228X",
    "id": "A_uQ6UDydbIJ",
    "childNodes": [
      "Human-algorithm collaborative",
      "Bayesian",
      "optimization for engineering systems"
    ]
  },
  {
    "href": "https://link.springer.com/article/10.1007/s00521-016-2205-z",
    "id": "YwuQ_T61nmEJ",
    "childNodes": [
      "Criminal prediction using Naive",
      "Bayes",
      "theory"
    ]
  },
  {
    "href": "https://www.frontiersin.org/articles/10.3389/fneur.2018.00699/full",
    "id": "TVch_pnHm9gJ",
    "childNodes": [
      "A",
      "Bayesian",
      "network model for predicting post-stroke outcomes with available risk factors"
    ]
  },
  {
    "href": "https://currentprotocols.onlinelibrary.wiley.com/doi/abs/10.1002/cpz1.98",
    "id": "iJA5D5CWEgMJ",
    "childNodes": [
      "Bayesian",
      "phylogeographic analysis incorporating predictors and individual travel histories in BEAST"
    ]
  }
]