[
  {
    "href": "https://www.sciencedirect.com/science/article/pii/S0307904X1830252X",
    "id": "Dca_HuEgTtoJ",
    "childNodes": [
      "Bayesian",
      "accelerated life test plans for series systems with Weibull component lifetimes"
    ]
  },
  {
    "href": "https://www.academia.edu/download/87946589/1054-R2007.pdf",
    "id": "3nXFa2m21KAJ",
    "childNodes": [
      "Adoption of opinion mining in the faculty performance evaluation system by the students using naive",
      "bayes",
      "algorithm"
    ]
  },
  {
    "href": "https://ieeexplore.ieee.org/abstract/document/9424355/",
    "id": "ZeUCYNzM5ikJ",
    "childNodes": [
      "Chaogate parameter optimization using",
      "bayesian",
      "optimization and genetic algorithm"
    ]
  },
  {
    "href": "https://ieeexplore.ieee.org/abstract/document/9240390/",
    "id": "X7ofq7s_gywJ",
    "childNodes": [
      "Bayes",
      "network model to prevent hypertension"
    ]
  },
  {
    "href": "https://www.mdpi.com/2075-4701/9/11/1198",
    "id": "T7DUcgHrBaUJ",
    "childNodes": [
      "A stochastic model approach for copper heap leaching through",
      "bayesian",
      "networks"
    ]
  },
  {
    "href": "https://pubs.aip.org/aip/acp/article-abstract/2580/1/040002/2890830",
    "id": "6PgPriW4SrEJ",
    "childNodes": [
      "Leakage prediction on superheater in boiler with hierarchical clustering and Naïve",
      "Bayes",
      "classification"
    ]
  },
  {
    "href": "https://www.nature.com/articles/s41746-022-00727-1",
    "id": "eB1lfZtu-3AJ",
    "childNodes": [
      "Discovery of associative patterns between workplace sound level and physiological wellbeing using wearable devices and empirical",
      "Bayes",
      "modeling"
    ]
  },
  {
    "href": "https://ieeexplore.ieee.org/abstract/document/10283849/",
    "id": "hKaQtZHFzFwJ",
    "childNodes": [
      "Arc-tangent exponential distribution with applications to weather and chemical data under classical and",
      "Bayesian",
      "approach"
    ]
  },
  {
    "href": "http://www.ijciras.com/Users/ManuScript/ManuScriptDetails/a9903b84-dfa2-406b-a9c4-7e2a060831c4",
    "id": "QZKSVj8y2-4J",
    "childNodes": [
      "Naïve",
      "Bayes",
      "Classifier for sentiment analysis"
    ]
  },
  {
    "href": "http://jutif.if.unsoed.ac.id/index.php/jurnal/article/view/1209",
    "id": "I0diDcFzFJQJ",
    "childNodes": [
      "Analysis of Public Sentiment Related To the Failure of Indonesia To Host U-20 Using Multinomial Naïve",
      "Bayes",
      "Classifier"
    ]
  }
]