[
  {
    "href": "https://ieeexplore.ieee.org/abstract/document/4267869/",
    "id": "OfvA8F54g5wJ",
    "childNodes": [
      "Explanation of",
      "Bayesian",
      "networks and influence diagrams in Elvira"
    ]
  },
  {
    "href": "https://link.springer.com/chapter/10.1007/978-3-319-07926-4_37",
    "id": "Fj59ETWjioYJ",
    "childNodes": [
      "Bayesian",
      "mapping of medical data"
    ]
  },
  {
    "href": "https://koreascience.kr/article/JAKO202331266894852.pdf",
    "id": "o8Dyif8d6jIJ",
    "childNodes": [
      "Prediction of PM10 concentration in Seoul, Korea using",
      "Bayesian",
      "network"
    ]
  },
  {
    "href": "https://ieeexplore.ieee.org/abstract/document/4193254/",
    "id": "bczuN6fu9-AJ",
    "childNodes": [
      "Automatic segmentation of coronary arteries using",
      "bayesian",
      "driven implicit surfaces"
    ]
  },
  {
    "href": "https://ieeexplore.ieee.org/abstract/document/10840779/",
    "id": "IdSIIcHuOWsJ",
    "childNodes": [
      "Assessing Social Media's Impact on Mental Health: A Gaussian Naive",
      "Bayes",
      "Approach"
    ]
  },
  {
    "href": "https://ieeexplore.ieee.org/abstract/document/8628887/",
    "id": "a6k4fdPlCCkJ",
    "childNodes": [
      "Visual sparse",
      "Bayesian",
      "reinforcement learning: a framework for interpreting what an agent has learned"
    ]
  },
  {
    "href": "https://openaccess.thecvf.com/content/CVPR2023W/CVMI/html/Khanzhina_New_Bayesian_Focal_Loss_Targeting_Aleatoric_Uncertainty_Estimate_Pollen_Image_CVPRW_2023_paper.html",
    "id": "qYhKAO22zqEJ",
    "childNodes": [
      "New",
      "bayesian",
      "focal loss targeting aleatoric uncertainty estimate: Pollen image recognition"
    ]
  },
  {
    "href": "https://elifesciences.org/articles/32930",
    "id": "yDWdQ9z8kaMJ",
    "childNodes": [
      "The periaqueductal gray and",
      "Bayesian",
      "integration in placebo analgesia"
    ]
  },
  {
    "href": "http://www.ijadis.org/index.php/IJADIS/article/view/1233",
    "id": "2rHxihoAS2gJ",
    "childNodes": [
      "Sentiment Analysis of Kampus Mengajar 2 Toward the Implementation of Merdeka Belajar Kampus Merdeka Using Naïve",
      "Bayes",
      "and Euclidean Distence Methods"
    ]
  },
  {
    "href": "https://onlinelibrary.wiley.com/doi/abs/10.1111/j.1538-4632.2004.tb01132.x",
    "id": "H4KkbfL-10gJ",
    "childNodes": [
      "A",
      "Bayesian",
      "approach to modeling binary data: The case of high‐intensity crime areas"
    ]
  }
]