[
  {
    "href": "https://ieeexplore.ieee.org/abstract/document/10642011/",
    "id": "spKPnYhSTfwJ",
    "childNodes": [
      "Visualizing Bayesian",
      "Convolutional Neural Network Uncertainty In Coastal Images with Grad-Cam Ensembling"
    ]
  },
  {
    "href": "https://www.sciencedirect.com/science/article/pii/S0301479725000374",
    "id": "G7lv0gAP5swJ",
    "childNodes": [
      "bneR: A collaborative workflow for air pollution exposure modeling and uncertainty characterization using the",
      "Bayesian",
      "Nonparametric Ensemble"
    ]
  },
  {
    "href": "https://ieeexplore.ieee.org/abstract/document/7465273/",
    "id": "lG-5Le84bv4J",
    "childNodes": [
      "A",
      "bayesian",
      "approach for probabilistic streamline computation in uncertain flows"
    ]
  },
  {
    "href": "https://www.sciencedirect.com/science/article/pii/S0169743921000484",
    "id": "Mp3gmoFw5QkJ",
    "childNodes": [
      "Bayesian",
      "multivariate receptor modeling software: BNFA and bayesMRM"
    ]
  },
  {
    "href": "https://ieeexplore.ieee.org/abstract/document/6468706/",
    "id": "4q4GqlJ0_RoJ",
    "childNodes": [
      "Classifying twitter data with naive",
      "bayes",
      "classifier"
    ]
  },
  {
    "href": "https://proceedings.neurips.cc/paper/2021/hash/a41db61e2728ef963614a8c8755b9b9a-Abstract.html",
    "id": "P6FW80WroaEJ",
    "childNodes": [
      "Model selection for",
      "bayesian",
      "autoencoders"
    ]
  },
  {
    "href": "https://www.sciencedirect.com/science/article/pii/S1090780716300970",
    "id": "rbXWVlupJbsJ",
    "childNodes": [
      "A",
      "Bayesian",
      "approach to quantifying uncertainty from experimental noise in DEER spectroscopy"
    ]
  },
  {
    "href": "http://proceedings.mlr.press/v9/titsias10a.html?a1ce0f80",
    "id": "DSOuHi7M2RQJ",
    "childNodes": [
      "Bayesian",
      "Gaussian process latent variable model"
    ]
  },
  {
    "href": "http://proceedings.mlr.press/v80/teye18a",
    "id": "ptLt6yumc_gJ",
    "childNodes": [
      "Bayesian",
      "uncertainty estimation for batch normalized deep networks"
    ]
  },
  {
    "href": "https://joss.theoj.org/papers/10.21105/joss.02733.pdf",
    "id": "ubehVlrrK-8J",
    "childNodes": [
      "JASP for Audit:",
      "Bayesian",
      "tools for the auditing practice"
    ]
  }
]