[
  {
    "href": "https://journals.sagepub.com/doi/abs/10.1177/25152459231193334",
    "id": "Gsz6OsGUVMEJ",
    "childNodes": [
      "Bayesian",
      "analysis of cross-sectional networks: A tutorial in R and JASP"
    ]
  },
  {
    "href": "https://academic.oup.com/bioinformatics/article-abstract/27/20/2910/202157",
    "id": "i-DifbFoUrwJ",
    "childNodes": [
      "SPREAD: spatial phylogenetic reconstruction of evolutionary dynamics"
    ]
  },
  {
    "href": "https://dl.acm.org/doi/abs/10.1145/2348283.2348427",
    "id": "MM1sLA7-qWcJ",
    "childNodes": [
      "A visual tool for",
      "bayesian",
      "data analysis: the impact of smoothing on naive",
      "bayes",
      "text classifiers"
    ]
  },
  {
    "href": "https://ieeexplore.ieee.org/abstract/document/8986936/",
    "id": "mgVrG6pyTL4J",
    "childNodes": [
      "UofC-",
      "Bayes",
      ": A",
      "Bayesian",
      "Approach to",
      "visualizing",
      "uncertainty in radiation data"
    ]
  },
  {
    "href": "https://www.sciencedirect.com/science/article/pii/S0022249611000423",
    "id": "44OrmtqDAksJ",
    "childNodes": [
      "A tutorial on",
      "Bayes",
      "factor estimation with the product space method"
    ]
  },
  {
    "href": "https://dl.acm.org/doi/abs/10.1145/2030365.2030367",
    "id": "RNCpCNYu_nwJ",
    "childNodes": [
      "Why-oriented end-user debugging of naive",
      "Bayes",
      "text classification"
    ]
  },
  {
    "href": "https://link.springer.com/article/10.1186/s12911-017-0471-z",
    "id": "1uZnRtHv0vwJ",
    "childNodes": [
      "Predictive models for pressure ulcers from intensive care unit electronic health records using",
      "Bayesian",
      "networks"
    ]
  },
  {
    "href": "https://www.sciencedirect.com/science/article/pii/S0966692306000901",
    "id": "TJCGw1i6cNAJ",
    "childNodes": [
      "A GIS-based",
      "Bayesian",
      "approach for analyzing spatial–temporal patterns of intra-city motor vehicle crashes"
    ]
  },
  {
    "href": "https://www.sciencedirect.com/science/article/pii/S0017931018346696",
    "id": "bLglpMhCO7wJ",
    "childNodes": [
      "Automatic detection of the onset of film boiling using convolutional neural networks and",
      "Bayesian",
      "statistics"
    ]
  },
  {
    "href": "https://www.sciencedirect.com/science/article/pii/S0951832020308607",
    "id": "6ISH7nCkgSEJ",
    "childNodes": [
      "Bayesian",
      "network modeling of accident investigation reports for aviation safety assessment"
    ]
  }
]