[
  {
    "href": "https://ebooks.iospress.nl/doi/10.3233/SHTI190243",
    "id": "tvDWJ9PeCmAJ",
    "childNodes": [
      "Modeling multi-view dependence in",
      "Bayesian",
      "networks for Alzheimer's disease detection"
    ]
  },
  {
    "href": "https://www.academia.edu/download/89284020/001-005.pdf",
    "id": "E5AhtrCeRgMJ",
    "childNodes": [
      "Visual Analytics-enabled",
      "Bayesian",
      "Network Approach to Reasoning about Public Camera Data."
    ]
  },
  {
    "href": "https://proceedings.neurips.cc/paper_files/paper/2022/hash/73e018a0123b35a3e64269526f9096c9-Abstract-Conference.html",
    "id": "eqf6JnbIEkYJ",
    "childNodes": [
      "On uncertainty, tempering, and data augmentation in",
      "bayesian",
      "classification"
    ]
  },
  {
    "href": "https://psycnet.apa.org/record/2025-30519-001",
    "id": "JdiygNh8yjMJ",
    "childNodes": [
      "Bayesian",
      "estimation and comparison of idiographic network models."
    ]
  },
  {
    "href": "https://onlinelibrary.wiley.com/doi/abs/10.1002/aisy.202100101",
    "id": "vQ9MCUIJXWAJ",
    "childNodes": [
      "Extrapolative",
      "Bayesian",
      "optimization with Gaussian process and neural network ensemble surrogate models"
    ]
  },
  {
    "href": "https://joss.theoj.org/papers/10.21105/joss.05320.pdf",
    "id": "XKlJKzSI6NEJ",
    "childNodes": [
      "BayesO: A",
      "Bayesian",
      "optimization framework in Python"
    ]
  },
  {
    "href": "https://onlinelibrary.wiley.com/doi/abs/10.1002/qre.978",
    "id": "lKpCbxrsvVUJ",
    "childNodes": [
      "Bayesian",
      "belief networks for system fault diagnostics"
    ]
  },
  {
    "href": "https://pubs.acs.org/doi/abs/10.1021/acs.chemrestox.9b00264",
    "id": "h76hgu06Y2MJ",
    "childNodes": [
      "Predicting drug-induced liver injury with",
      "Bayesian",
      "machine learning"
    ]
  },
  {
    "href": "https://www.sciencedirect.com/science/article/pii/S0888327016304678",
    "id": "yGxUDbaPIvQJ",
    "childNodes": [
      "Dynamic",
      "Bayesian",
      "wavelet transform: New methodology for extraction of repetitive transients"
    ]
  }
]