[
  {
    "href": "https://ieeexplore.ieee.org/abstract/document/4155727/",
    "id": "xartOvNE-CsJ",
    "childNodes": [
      "A",
      "bayesian",
      "approach to building footprint extraction from aerial lidar data"
    ]
  },
  {
    "href": "https://link.springer.com/chapter/10.1007/978-3-642-02830-4_10",
    "id": "siaJfcwVc6IJ",
    "childNodes": [
      "Mining and",
      "visualizing",
      "mobile social network based on",
      "Bayesian",
      "probabilistic model"
    ]
  },
  {
    "href": "https://www.sciencedirect.com/science/article/pii/S0893608023006470",
    "id": "XNOYJE9lt6EJ",
    "childNodes": [
      "Mental image reconstruction from human brain activity: Neural decoding of mental imagery via deep neural network-based",
      "Bayesian",
      "estimation"
    ]
  },
  {
    "href": "https://www.sciencedirect.com/science/article/pii/S016794731000040X",
    "id": "5vayzUi62fkJ",
    "childNodes": [
      "Assessing local model adequacy in",
      "Bayesian",
      "hierarchical models using the partitioned deviance information criterion"
    ]
  },
  {
    "href": "https://ieeexplore.ieee.org/abstract/document/7192661/",
    "id": "9Q3x8IYDgakJ",
    "childNodes": [
      "Beyond weber's law: A second look at ranking",
      "visualizations",
      "of correlation"
    ]
  },
  {
    "href": "https://www.sciencedirect.com/science/article/pii/S2215016122001881",
    "id": "3KzVwVkaknkJ",
    "childNodes": [
      "Introduction to",
      "Bayesian",
      "Mindsponge Framework analytics: An innovative method for social and psychological research"
    ]
  },
  {
    "href": "https://www.jurnal.yoctobrain.org/index.php/ijaimi/article/view/99",
    "id": "h8aTQeV9EGMJ",
    "childNodes": [
      "Evaluating Thresholding-Based Segmentation and Humoment Feature Extraction in Acute Lymphoblastic Leukemia Classification using Gaussian Naive",
      "Bayes"
    ]
  },
  {
    "href": "https://pubs.acs.org/doi/abs/10.1021/acs.jcim.5b00144",
    "id": "qqgCw1Dqp3gJ",
    "childNodes": [
      "Open source",
      "Bayesian",
      "models. 2. Mining a “big dataset” to create and validate models with ChEMBL"
    ]
  },
  {
    "href": "https://search.ebscohost.com/login.aspx?direct=true&profile=ehost&scope=site&authtype=crawler&jrnl=25806769&AN=173837095&h=LwscHFi%2F6XG3eFV9iKPTT%2BCPOKz%2FOGxIu8Yss3O6CXGqbHmvmMg07WJizqotTsYaDFQpDSdnojOn91j4VGQWlA%3D%3D&crl=c",
    "id": "GcmW2xzqetQJ",
    "childNodes": [
      "Price Prediction with",
      "Bayesian",
      "Inference and",
      "Visualization",
      ": Empirical Evidence in India Real Estate."
    ]
  },
  {
    "href": "https://link.springer.com/chapter/10.1007/978-3-031-21131-7_46",
    "id": "PWxzWqFMK88J",
    "childNodes": [
      "Bayesian",
      "approach to uncertainty",
      "visualization",
      "of heterogeneous behaviors in modeling networked anagram games"
    ]
  }
]