[
  {
    "href": "https://www.mdpi.com/2075-1680/12/2/145",
    "id": "sNpw4SCTLL4J",
    "childNodes": [
      "Estimation of uncertainty for technology evaluation factors via",
      "Bayesian",
      "neural networks"
    ]
  },
  {
    "href": "http://proceedings.mlr.press/v48/vikram16.html",
    "id": "_GUVrvmOyeUJ",
    "childNodes": [
      "Interactive",
      "bayesian",
      "hierarchical clustering"
    ]
  },
  {
    "href": "https://www.sciencedirect.com/science/article/pii/S0895611125000047",
    "id": "eISBdsmC4dUJ",
    "childNodes": [
      "Entity-level multiple instance leanring for mesoscopic histopathology images classification with",
      "Bayesian",
      "collaborative learning and pathological prior transfer"
    ]
  },
  {
    "href": "https://pubs.acs.org/doi/abs/10.1021/acs.analchem.0c05227",
    "id": "TGRiENIUcTIJ",
    "childNodes": [
      "Application of",
      "Bayesian",
      "Multilevel Modeling in the Quantitative Structure–Retention Relationship Studies of Heterogeneous Compounds"
    ]
  },
  {
    "href": "https://jurnal.polsri.ac.id/index.php/jupiter/article/view/5218",
    "id": "9XqMNHq8JrsJ",
    "childNodes": [
      "Sentiment Analysis Of Indonesian Capital Movement Using The Naive",
      "Bayes",
      "Algorithm"
    ]
  },
  {
    "href": "https://ieeexplore.ieee.org/abstract/document/7527899/",
    "id": "X7dQneZ3p4gJ",
    "childNodes": [
      "Bayesian",
      "data fusion for pipeline leak detection"
    ]
  },
  {
    "href": "https://link.springer.com/content/pdf/10.1007/978-1-4614-8033-4_28.pdf",
    "id": "pV-VqVb-w5wJ",
    "childNodes": [
      "Bayesian",
      "Scan Statistics"
    ]
  },
  {
    "href": "https://eurasianpublications.com/wp-content/uploads/2021/02/EJEF-8.4.8.pdf",
    "id": "WYEVpJJxyzIJ",
    "childNodes": [
      "Determinants of sovereign credit ratings: An application of the Naïve",
      "Bayes",
      "classifier"
    ]
  },
  {
    "href": "https://www.mdpi.com/1996-1944/17/16/4112",
    "id": "G01nn3HaIKAJ",
    "childNodes": [
      "Experimental Investigation and",
      "Bayesian",
      "Assessment for Permeability Characteristics of Lightweight Ceramsite Concrete"
    ]
  },
  {
    "href": "https://www.mdpi.com/2079-4991/13/16/2353",
    "id": "G9zxRffgTkYJ",
    "childNodes": [
      "Stabilization of Beeswax-In-Water Dispersions Using Anionic Cellulose Nanofibers and Their Application in Paper Coating"
    ]
  }
]