[
  {
    "href": "https://link.springer.com/article/10.1186/s13321-020-00439-2",
    "id": "lAwfq4XqiucJ",
    "childNodes": [
      "SYBA:",
      "Bayesian",
      "estimation of synthetic accessibility of organic compounds"
    ]
  },
  {
    "href": "https://ieeexplore.ieee.org/abstract/document/9618810/",
    "id": "dFH96GFYd7IJ",
    "childNodes": [
      "Deep Measurement Updates for",
      "Bayes",
      "Filters"
    ]
  },
  {
    "href": "https://pdfs.semanticscholar.org/88f8/bdf1b736f8b574a73f399532992daf7bcb81.pdf",
    "id": "eIONwqtweO4J",
    "childNodes": [
      "Ddos attacks classification using numeric attribute-based gaussian naive",
      "bayes"
    ]
  },
  {
    "href": "https://ieeexplore.ieee.org/abstract/document/10543836/",
    "id": "tOQucRIxvNgJ",
    "childNodes": [
      "Deciphering Social Media Sentiment for Enhanced Analytical Accuracy: Leveraging Random Forest, KNN, and Naive",
      "Bayes"
    ]
  },
  {
    "href": "https://academic.oup.com/nar/article-abstract/49/9/e50/6129341",
    "id": "LCJeRt8r0QcJ",
    "childNodes": [
      "SPOTlight: seeded NMF regression to deconvolute spatial transcriptomics spots with single-cell transcriptomes"
    ]
  },
  {
    "href": "https://www.sciencedirect.com/science/article/pii/S0306454918304729",
    "id": "Wub4jP0mCQgJ",
    "childNodes": [
      "Framework for fault diagnosis with multi-source sensor nodes in nuclear power plants based on a",
      "Bayesian",
      "network"
    ]
  },
  {
    "href": "https://onlinelibrary.wiley.com/doi/abs/10.1002/mrm.27017",
    "id": "aejP4e6yCgQJ",
    "childNodes": [
      "Bayesian",
      "estimation of multicomponent relaxation parameters in magnetic resonance fingerprinting"
    ]
  },
  {
    "href": "https://people.csail.mit.edu/hehaodele/projects/TADGM2018-BayesGAN/paper.pdf",
    "id": "3wTH8no4Mf8J",
    "childNodes": [
      "Bayesian",
      "modelling and monte carlo inference for GAN"
    ]
  },
  {
    "href": "https://www.sciencedirect.com/science/article/pii/S009923992300715X",
    "id": "HAOZIhyG_5wJ",
    "childNodes": [
      "Uncertainty-based active learning by",
      "bayesian",
      "U-Net for Multi-Label Cone-Beam CT segmentation"
    ]
  },
  {
    "href": "https://arxiv.org/abs/2112.10510",
    "id": "GJtk7gxoahkJ",
    "childNodes": [
      "Transformers can do",
      "bayesian",
      "inference"
    ]
  }
]