[
  {
    "href": "https://link.springer.com/article/10.1186/s12888-018-1761-4",
    "id": "iF9CtfXzsHUJ",
    "childNodes": [
      "Bayesian",
      "alternatives for common null-hypothesis significance tests in psychiatry: a non-technical guide using JASP"
    ]
  },
  {
    "href": "https://researchspace.auckland.ac.nz/handle/2292/40183",
    "id": "jiCNFLm0K7IJ",
    "childNodes": [
      "Bayesian",
      "nonparametric mixed effects models in microbiome data analysis"
    ]
  },
  {
    "href": "http://proceedings.mlr.press/v70/mescheder17a.html?ref=https://githubhelp.com",
    "id": "IbuVLE8cpq8J",
    "childNodes": [
      "Adversarial variational",
      "bayes",
      ": Unifying variational autoencoders and generative adversarial networks"
    ]
  },
  {
    "href": "https://ieeexplore.ieee.org/abstract/document/7469355/",
    "id": "np_CbZivycgJ",
    "childNodes": [
      "Bayesian",
      "time-of-flight for realtime shape, illumination and albedo"
    ]
  },
  {
    "href": "https://www.mdpi.com/2075-4426/12/8/1325",
    "id": "IyDX93jALzUJ",
    "childNodes": [
      "Hybrid",
      "Bayesian",
      "network-based modeling: COVID-19-pneumonia case"
    ]
  },
  {
    "href": "https://www.sciencedirect.com/science/article/pii/S0141029622009208",
    "id": "rroanKCeMAIJ",
    "childNodes": [
      "Development of a two-phase adaptive MCMC method for efficient",
      "Bayesian",
      "model updating of complex dynamic systems"
    ]
  },
  {
    "href": "https://dl.acm.org/doi/abs/10.1145/3468920.3468940",
    "id": "UBHl3njNy5MJ",
    "childNodes": [
      "Visual Analysis of Urban Block Risk in Extreme Low Temperature Weather Based on",
      "Bayesian",
      "Network"
    ]
  },
  {
    "href": "https://proceedings.mlr.press/v119/kristiadi20a.html",
    "id": "fIGVGY1KhqcJ",
    "childNodes": [
      "Being",
      "bayesian",
      ", even just a bit, fixes overconfidence in relu networks"
    ]
  },
  {
    "href": "https://www.sciencedirect.com/science/article/pii/S0967063723000857",
    "id": "HLBiHr09xlUJ",
    "childNodes": [
      "Spatial and seasonal patterns of cetacean species richness: A",
      "Bayesian",
      "approach"
    ]
  },
  {
    "href": "https://www.sciencedirect.com/science/article/pii/S001651071402269X",
    "id": "W1Jpq1TOXd8J",
    "childNodes": [
      "Identification of physicians with unusual performance in screening colonoscopy databases: a",
      "Bayesian",
      "approach"
    ]
  }
]