[
  {
    "href": "https://link.springer.com/chapter/10.1007/978-94-017-2217-9_4",
    "id": "fQpR59X5zX0J",
    "childNodes": [
      "Bayes",
      "-optimal",
      "visualization",
      "of vector fields"
    ]
  },
  {
    "href": "https://www.academia.edu/download/788390/ihe1n3nnooja48w.pdf",
    "id": "sApfy8QLSUIJ",
    "childNodes": [
      "Modular",
      "Bayesian",
      "Inference and Learning of Decision Networks as Stand-Alone Mechanisms of the MABEL Model: Implications for",
      "Visualization",
      "…"
    ]
  },
  {
    "href": "https://link.springer.com/article/10.3758/s13423-017-1323-7",
    "id": "r1y_rvO6zKwJ",
    "childNodes": [
      "Bayesian",
      "inference for psychology. Part II: Example applications with JASP"
    ]
  },
  {
    "href": "https://www.sciencedirect.com/science/article/pii/S0951832019307562",
    "id": "_Mhw5wcxJnAJ",
    "childNodes": [
      "Modeling and assessing interdependencies between critical infrastructures using",
      "Bayesian",
      "network: A case study of inland waterway port and surrounding supply …"
    ]
  },
  {
    "href": "https://academic.oup.com/bioinformatics/article-abstract/21/6/741/199074",
    "id": "1WIrdaH0cCoJ",
    "childNodes": [
      "Bayesian",
      "analysis of signaling networks governing embryonic stem cell fate decisions"
    ]
  },
  {
    "href": "https://www.sciencedirect.com/science/article/pii/S0925231220318609",
    "id": "fzML5_7ZzVIJ",
    "childNodes": [
      "BayeSuites: An open web framework for massive",
      "Bayesian",
      "networks focused on neuroscience"
    ]
  },
  {
    "href": "https://sisis.rz.htw-berlin.de/inh2012/12401301.pdf",
    "id": "s5BWr93c7uoJ",
    "childNodes": [
      "Practical machine learning tools and techniques"
    ]
  },
  {
    "href": "https://academic.oup.com/bioinformatics/article-abstract/38/10/2959/6554190",
    "id": "DTIK6VIQVukJ",
    "childNodes": [
      "I",
      ":",
      "Bayesian",
      "network plots for enrichment analysis"
    ]
  },
  {
    "href": "https://arxiv.org/abs/1506.02371",
    "id": "AZpqct6D1QwJ",
    "childNodes": [
      "Interpretable selection and",
      "visualization",
      "of features and interactions using",
      "bayesian",
      "forests"
    ]
  },
  {
    "href": "https://academic.oup.com/nar/article-abstract/35/6/2013/1034786",
    "id": "xT7TitAtYpMJ",
    "childNodes": [
      "QuantiSNP: an Objective",
      "Bayes",
      "Hidden-Markov Model to detect and accurately map copy number variation using SNP genotyping data"
    ]
  }
]