[
  {
    "href": "https://www.airitilibrary.com/Article/Detail/P20190813001-202106-202105280001-202105280001-57-70",
    "id": "SqTEgKSEHVwJ",
    "childNodes": [
      "Bibliometric Analysis and",
      "Visualization",
      "of",
      "Bayesian",
      "Network Application in Safety Field"
    ]
  },
  {
    "href": "https://www.sciencedirect.com/science/article/pii/S1441352319300063",
    "id": "jZa-oCuX3wgJ",
    "childNodes": [
      "Rethinking segmentation within the psychological continuum model using",
      "Bayesian",
      "analysis"
    ]
  },
  {
    "href": "https://www.mdpi.com/2076-3417/12/3/1423",
    "id": "qpbIUvWLNlwJ",
    "childNodes": [
      "Patent analysis using",
      "Bayesian",
      "data analysis and network modeling"
    ]
  },
  {
    "href": "https://osf.io/23m7f_v1/download",
    "id": "VyixPpdoX-cJ",
    "childNodes": [
      "Expert opinions on how to conduct and report",
      "Bayesian",
      "inference"
    ]
  },
  {
    "href": "https://www.tandfonline.com/doi/abs/10.1080/07370024.2016.1203264",
    "id": "95lFKmi5xXwJ",
    "childNodes": [
      "Interactive instruction in",
      "bayesian",
      "inference"
    ]
  },
  {
    "href": "https://link.springer.com/article/10.1186/1471-2105-11-116",
    "id": "JmUPZ7At3zEJ",
    "childNodes": [
      "ABCtoolbox: a versatile toolkit for approximate",
      "Bayesian",
      "computations"
    ]
  },
  {
    "href": "https://www.jstage.jst.go.jp/article/jsoft/34/3/34_98/_article/-char/ja/",
    "id": "5zRZpYjkFGcJ",
    "childNodes": [
      "Bayesian",
      "Modeling for",
      "Visualization",
      "of the Value-Creating Consensus Building Processes"
    ]
  },
  {
    "href": "https://www.earthdoc.org/content/papers/10.3997/2214-4609.201400296",
    "id": "h0gS7cpsrNkJ",
    "childNodes": [
      "Stalking uncertainty with",
      "Bayesian visualization"
    ]
  },
  {
    "href": "https://ieeexplore.ieee.org/abstract/document/8830493/",
    "id": "OOqfLkyVpE0J",
    "childNodes": [
      "Automated muscle segmentation from clinical CT using",
      "Bayesian",
      "U-Net for personalized musculoskeletal modeling"
    ]
  },
  {
    "href": "https://www.joiv.org/index.php/joiv/article/view/129",
    "id": "FyEmzKbeFqAJ",
    "childNodes": [
      "Illiteracy Classification Using K Means-NaÃ¯ ve",
      "Bayes",
      "Algorithm"
    ]
  }
]