[
  {
    "href": "http://www.fit.vutbr.cz/~schwarz/PDFCLANKY/mosis01.pdf",
    "id": "DgT3plXRcVYJ",
    "childNodes": [
      "Evolutionary Multiobjective",
      "Bayesian",
      "Optimization Algorithm: Experimental Study"
    ]
  },
  {
    "href": "https://essopenarchive.org/doi/pdf/10.22541/au.171770899.94985748",
    "id": "nsf-IxRkPM4J",
    "childNodes": [
      "Leveraging Naive",
      "Bayes",
      "Classification for Aviation Disaster Prevention"
    ]
  },
  {
    "href": "https://link.springer.com/chapter/10.1007/978-3-031-65630-9_18",
    "id": "2ESlY-UwVSYJ",
    "childNodes": [
      "Certified robust accuracy of neural networks are bounded due to",
      "bayes",
      "errors"
    ]
  },
  {
    "href": "https://ieeexplore.ieee.org/abstract/document/9758073/",
    "id": "Ved7H9Jd6S0J",
    "childNodes": [
      "PTPT: Physical design tool parameter tuning via multi-objective",
      "Bayesian",
      "optimization"
    ]
  },
  {
    "href": "https://core.ac.uk/download/pdf/354311294.pdf",
    "id": "XSIyI-5Wqw8J",
    "childNodes": [
      "Opinion Analysis for Emotional Classification on Emoji Tweets using the Naïve",
      "Bayes",
      "Algorithm."
    ]
  },
  {
    "href": "https://www.cs.ccsu.edu/~markov/ccsu_courses/probabilisticreasoning.pdf",
    "id": "ofdJVl7uSxAJ",
    "childNodes": [
      "Probabilistic reasoning with naïve",
      "Bayes",
      "and",
      "Bayesian",
      "networks"
    ]
  },
  {
    "href": "https://academic.oup.com/europace/article-abstract/26/11/euae272/7853049",
    "id": "b5hpqMMMxPQJ",
    "childNodes": [
      "Drug therapy and catheter ablation for management of arrhythmias in continuous flow left ventricular assist device's patients: a Clinical Consensus Statement of the …"
    ]
  },
  {
    "href": "https://arxiv.org/abs/2310.00803",
    "id": "ry8veVP4trAJ",
    "childNodes": [
      "A",
      "Bayesian",
      "joint model for mediation analysis with matrix-valued mediators"
    ]
  },
  {
    "href": "https://www.nature.com/articles/s41567-019-0611-8",
    "id": "QLTLcwwgfMoJ",
    "childNodes": [
      "Bayesian",
      "estimation of the specific shear and bulk viscosity of quark–gluon plasma"
    ]
  },
  {
    "href": "https://onlinelibrary.wiley.com/doi/abs/10.1111/acel.13360",
    "id": "iJg6JVnAGAcJ",
    "childNodes": [
      "Single human oocyte transcriptome analysis reveals distinct maturation stage‐dependent pathways impacted by age"
    ]
  }
]