[
  {
    "href": "https://ieeexplore.ieee.org/abstract/document/9906947/",
    "id": "OoD7YZHZf50J",
    "childNodes": [
      "A",
      "Bayesian",
      "domain adversarial neural network for corn yield prediction"
    ]
  },
  {
    "href": "https://dl.acm.org/doi/abs/10.1145/1502650.1502678",
    "id": "GSgY1QK2KjwJ",
    "childNodes": [
      "Fixing the program my computer learned: Barriers for end users, challenges for the machine"
    ]
  },
  {
    "href": "https://ieeexplore.ieee.org/abstract/document/8903844/",
    "id": "ggK6UDLYYpQJ",
    "childNodes": [
      "Prospects of application of models with latent variables and variational",
      "bayes",
      "for optimization problems"
    ]
  },
  {
    "href": "http://tunasbangsa.ac.id/ejurnal/index.php/jsakti/article/view/687",
    "id": "ypUD0UDnjckJ",
    "childNodes": [
      "Analisis Sentimen Terhadap Aplikasi Chatgpt Pada Twitter Menggunakan Algoritma Naïve",
      "Bayes"
    ]
  },
  {
    "href": "https://adac.ee/index.php/stat/article/view/75",
    "id": "9iEHhcRfcpAJ",
    "childNodes": [
      "Multinomial Naïve",
      "Bayes",
      "Classifier:",
      "Bayesian",
      "versus Nonparametric Classifier Approach"
    ]
  },
  {
    "href": "https://ieeexplore.ieee.org/abstract/document/5203844/",
    "id": "8b-Qkqoenf4J",
    "childNodes": [
      "Bayesian",
      "estimation with uncertain parameters of probability density functions"
    ]
  },
  {
    "href": "https://www.sciencedirect.com/science/article/pii/S0144861722008268",
    "id": "mO4v9QYlvjgJ",
    "childNodes": [
      "Predicting effect of fibers on thermal gelation of methylcellulose using",
      "Bayesian",
      "optimization"
    ]
  },
  {
    "href": "https://statmodeling.stat.columbia.edu/wp-content/uploads/2021/10/carpenter-b-probprog2021.pdf",
    "id": "-qBPNZGabyUJ",
    "childNodes": [
      "What do we need from a probabilistic programming language to support",
      "Bayesian",
      "workflow"
    ]
  },
  {
    "href": "https://www.sciencedirect.com/science/article/pii/S1743919121000753",
    "id": "5PPjZGJLo3MJ",
    "childNodes": [
      "Surgical outcomes of different approaches in robotic assisted thyroidectomy for thyroid cancer: A systematic review and",
      "Bayesian",
      "network meta-analysis"
    ]
  },
  {
    "href": "https://www.frontiersin.org/articles/10.3389/fdgth.2021.723348/full",
    "id": "-wNUIBbc_-oJ",
    "childNodes": [
      "Bayesian",
      "pure-tone audiometry through active learning under informed priors"
    ]
  }
]