[
  {
    "href": "https://www.frontiersin.org/journals/analytical-science/articles/10.3389/frans.2024.1414039/full",
    "id": "0JqnphLUBvsJ",
    "childNodes": [
      "Predicting blind-use test (BUT) results from sensory testing using",
      "Bayesian",
      "bootstrapping"
    ]
  },
  {
    "href": "https://revistas.ucc.edu.co/index.php/in/article/view/4592",
    "id": "D_PAokCjKykJ",
    "childNodes": [
      "Comparative Analysis of K-Nn, Naïve",
      "Bayes",
      ", and logistic regression for credit card fraud detection"
    ]
  },
  {
    "href": "https://ieeexplore.ieee.org/abstract/document/4271772/",
    "id": "TzGxLBbZ02wJ",
    "childNodes": [
      "State of the art review of the existing",
      "bayesian",
      "-network based approaches to trust and reputation computation"
    ]
  },
  {
    "href": "https://ieeexplore.ieee.org/abstract/document/9175785/",
    "id": "S2sfAOJqHDMJ",
    "childNodes": [
      "EEG artifact removal by",
      "bayesian",
      "deep learning & ICA"
    ]
  },
  {
    "href": "https://link.springer.com/content/pdf/10.1007/978-3-7908-1813-0_16.pdf",
    "id": "vxKyqGN5IykJ",
    "childNodes": [
      "Bayesian",
      "network mining system"
    ]
  },
  {
    "href": "https://vbn.aau.dk/en/publications/bayesian-based-prognostic-model-for-predictive-maintenance-of-off",
    "id": "5AM5_Ho0R8AJ",
    "childNodes": [
      "Bayesian",
      "based prognostic model for predictive maintenance of offshore wind farms"
    ]
  },
  {
    "href": "https://ieeexplore.ieee.org/abstract/document/7544930/",
    "id": "ia3Ri_j0twoJ",
    "childNodes": [
      "Detecting web attacks using multi-stage log analysis"
    ]
  },
  {
    "href": "https://www.biorxiv.org/content/10.1101/097048.abstract",
    "id": "hYBv0GqJKBcJ",
    "childNodes": [
      "tensorBF: an R package for",
      "Bayesian",
      "tensor factorization"
    ]
  },
  {
    "href": "https://journals.sagepub.com/doi/abs/10.3102/1076998615595403",
    "id": "1AvagcCGDVUJ",
    "childNodes": [
      "Bayesian",
      "estimation of the DINA model with Gibbs sampling"
    ]
  },
  {
    "href": "https://ieeexplore.ieee.org/abstract/document/10003325/",
    "id": "blxpic5TeZwJ",
    "childNodes": [
      "Tool wear prediction in the end milling process of Ti-6Al-4V using",
      "Bayesian",
      "learning"
    ]
  }
]