[
  {
    "href": "https://ieeexplore.ieee.org/abstract/document/9507165/",
    "id": "kbSZ_QAaBuYJ",
    "childNodes": [
      "The Success of",
      "Bayesian",
      "Statistics in Observational Astrophysics"
    ]
  },
  {
    "href": "https://proceedings.neurips.cc/paper/2013/hash/f33ba15effa5c10e873bf3842afb46a6-Abstract.html",
    "id": "DqO538pH5vcJ",
    "childNodes": [
      "Multi-task",
      "bayesian",
      "optimization"
    ]
  },
  {
    "href": "https://ieeexplore.ieee.org/abstract/document/8986916/",
    "id": "kS9VT3j2y_EJ",
    "childNodes": [
      "Earthquake Damage Report Interactive Dashboard Using",
      "Bayesian",
      "Structural Time Series and Value-Suppressing Uncertainty Palettes"
    ]
  },
  {
    "href": "https://proceedings.neurips.cc/paper_files/paper/2022/hash/8451a20c5a7e0ee5671dda28f7daf7f3-Abstract-Conference.html",
    "id": "otkn66ZFbJAJ",
    "childNodes": [
      "Generalizing",
      "Bayesian",
      "optimization with decision-theoretic entropies"
    ]
  },
  {
    "href": "https://www.sciencedirect.com/science/article/pii/S1572312711000451",
    "id": "MoFqPwxhnaEJ",
    "childNodes": [
      "Optimal",
      "bayesian",
      "fusion of large hyperspectral astronomical observations"
    ]
  },
  {
    "href": "https://www.mdpi.com/2220-9964/10/12/822",
    "id": "mUWOT4GiH08J",
    "childNodes": [
      "A",
      "bayesian",
      "approach to estimate the spatial distribution of crowdsourced radiation measurements around fukushima"
    ]
  },
  {
    "href": "https://journals.plos.org/ploscompbiol/article?id=10.1371/journal.pcbi.1006650",
    "id": "gfXz_bMX8RwJ",
    "childNodes": [
      "BEAST 2.5: An advanced software platform for",
      "Bayesian",
      "evolutionary analysis"
    ]
  },
  {
    "href": "https://ieeexplore.ieee.org/abstract/document/10859618/",
    "id": "lUBJ6oWpCqsJ",
    "childNodes": [
      "Optimization of",
      "Bayesian",
      "Statistical Model Based on Deep Learning"
    ]
  },
  {
    "href": "https://www.academia.edu/download/41236246/Balancing_User_Interaction_and_Control_i20160113-22193-2townt.pdf20160115-19908-itr0wf.pdf",
    "id": "GvomJ4Uu2OIJ",
    "childNodes": [
      "Balancing user interaction and control in",
      "Bayesian",
      "network structure learning"
    ]
  },
  {
    "href": "https://philarchive.org/archive/LABVLT",
    "id": "Jlfy9aLF2tAJ",
    "childNodes": [
      "bayesvl: Visually learning the graphical structure of",
      "Bayesian",
      "networks and performing MCMC with 'Stan'"
    ]
  }
]