[
  {
    "href": "https://ieeexplore.ieee.org/abstract/document/4359338/",
    "id": "hKkO-44RoOEJ",
    "childNodes": [
      "Bayes",
      "optimality in linear discriminant analysis"
    ]
  },
  {
    "href": "https://www.academia.edu/download/31152994/delay.pdf",
    "id": "yv9LZXZaiCMJ",
    "childNodes": [
      "Estimation of delay propagation in the national aviation system using",
      "Bayesian",
      "networks"
    ]
  },
  {
    "href": "http://www.cs.tufts.edu/~remco/publications/2012/Tufts2012-Bayes.pdf",
    "id": "HaM0vomYaWEJ",
    "childNodes": [
      "Visually communicating",
      "bayesian",
      "statistics to laypersons"
    ]
  },
  {
    "href": "https://cdn.techscience.cn/files/cmc/2019/v58n2/20190131025300_88513.pdf",
    "id": "lL0cbpKiU6YJ",
    "childNodes": [
      "Improve computer",
      "visualization",
      "of architecture based on the",
      "Bayesian",
      "network"
    ]
  },
  {
    "href": "https://www.sciencedirect.com/science/article/pii/S105381191001013X",
    "id": "GERK6BjYqoQJ",
    "childNodes": [
      "Spatial HARDI: improved",
      "visualization",
      "of complex white matter architecture with",
      "Bayesian",
      "spatial regularization"
    ]
  },
  {
    "href": "https://ieeexplore.ieee.org/abstract/document/8986935/",
    "id": "GN3Jtr4slZ0J",
    "childNodes": [
      "UofC-",
      "Bayes",
      ": a",
      "Bayesian",
      "approach to",
      "visualizing",
      "uncertainty in Likert scales"
    ]
  },
  {
    "href": "https://arxiv.org/abs/2201.10859",
    "id": "07J5flHTKywJ",
    "childNodes": [
      "Visualizing",
      "the diversity of representations learned by",
      "Bayesian",
      "neural networks"
    ]
  },
  {
    "href": "https://www.academia.edu/download/64005710/40%204Jul%2011Mar%2012252-21997-1-ED.pdf",
    "id": "GmEiydTAqoEJ",
    "childNodes": [
      "Analysis of mobile service providers performance using naive",
      "bayes",
      "data mining technique"
    ]
  },
  {
    "href": "https://ieeexplore.ieee.org/abstract/document/6634123/",
    "id": "jFmXnWvnbxYJ",
    "childNodes": [
      "Characterizing and",
      "visualizing",
      "predictive uncertainty in numerical ensembles through",
      "bayesian",
      "model averaging"
    ]
  }
]