[
  {
    "href": "https://citeseerx.ist.psu.edu/document?repid=rep1&type=pdf&doi=c3be024e60a1edcb33b11cdaf1bec2f188d97ebb",
    "id": "s5NKwDErKGAJ",
    "childNodes": [
      "Nomograms for naive",
      "Bayesian",
      "classifiers and how can they help in medical data analysis"
    ]
  },
  {
    "href": "https://link.springer.com/chapter/10.1007/978-981-19-5256-2_7",
    "id": "A01NjOlMb9AJ",
    "childNodes": [
      "Tunneling Risk",
      "Visualization",
      "Using BIM and Dynamic",
      "Bayesian",
      "Network"
    ]
  },
  {
    "href": "https://ieeexplore.ieee.org/abstract/document/8807222/",
    "id": "kLOQF6ePRrwJ",
    "childNodes": [
      "Bayesian",
      "data analysis in empirical software engineering research"
    ]
  },
  {
    "href": "https://link.springer.com/article/10.1186/1471-2105-9-539",
    "id": "K0_rdpWheIgJ",
    "childNodes": [
      "Enhanced",
      "Bayesian",
      "modelling in BAPS software for learning genetic structures of populations"
    ]
  },
  {
    "href": "http://bright-journal.org/Journal/index.php/JADS/article/view/39",
    "id": "pnon7dJLDusJ",
    "childNodes": [
      "Data mining predicts the need for immunization vaccines using the Naive",
      "Bayes",
      "method"
    ]
  },
  {
    "href": "https://link.springer.com/article/10.1186/s12911-024-02721-x",
    "id": "a9-k8DLN1FIJ",
    "childNodes": [
      "A software tool for applying",
      "Bayes",
      "' theorem in medical diagnostics"
    ]
  },
  {
    "href": "https://www.tandfonline.com/doi/pdf/10.1080/09332480.2011.10739844",
    "id": "docRwSGGuX8J",
    "childNodes": [
      "Galton",
      "visualizing Bayesian",
      "inference"
    ]
  },
  {
    "href": "https://link.springer.com/article/10.3758/s13423-017-1343-3",
    "id": "kpLVKYcT1xQJ",
    "childNodes": [
      "Bayesian",
      "inference for psychology. Part I: Theoretical advantages and practical ramifications"
    ]
  },
  {
    "href": "https://hal.science/hal-00645005/",
    "id": "DDHmc8100iIJ",
    "childNodes": [
      "Summarizing and",
      "visualizing",
      "a set of",
      "bayesian",
      "networks with quasi essential graphs"
    ]
  },
  {
    "href": "https://ieeexplore.ieee.org/abstract/document/5701826/",
    "id": "yI6NgAKf5jsJ",
    "childNodes": [
      "Thailand--Tourism and conflict: Modeling sentiment from Twitter tweets using naïve",
      "Bayes",
      "and unsupervised artificial neural nets"
    ]
  }
]