[
  {
    "href": "https://dl.acm.org/doi/abs/10.1145/3290605.3300912",
    "id": "w7ocWBhpC9YJ",
    "childNodes": [
      "A",
      "bayesian",
      "cognition approach to improve data",
      "visualization"
    ]
  },
  {
    "href": "https://link.springer.com/chapter/10.1007/978-3-540-33037-0_27",
    "id": "Nswz8vNnU80J",
    "childNodes": [
      "Visualization",
      "in",
      "Bayesian",
      "data analysis"
    ]
  },
  {
    "href": "https://academic.oup.com/jrsssa/article-abstract/182/2/389/7070184",
    "id": "yxRFJ9XwekQJ",
    "childNodes": [
      "Visualization",
      "in",
      "Bayesian",
      "workflow"
    ]
  },
  {
    "href": "https://onlinelibrary.wiley.com/doi/abs/10.1002/acp.3470",
    "id": "7ZGPvmrQgMgJ",
    "childNodes": [
      "A",
      "visualization",
      "technique for",
      "Bayesian",
      "reasoning"
    ]
  },
  {
    "href": "https://ieeexplore.ieee.org/abstract/document/9216507/",
    "id": "NxkRPvF5-UoJ",
    "childNodes": [
      "Bayesian",
      "-assisted inference from",
      "visualized",
      "data"
    ]
  },
  {
    "href": "https://www.frontiersin.org/articles/10.3389/fpsyg.2020.01897/full",
    "id": "glqzG0p6J7kJ",
    "childNodes": [
      "Different",
      "visualizations",
      "cause different strategies when dealing with",
      "Bayesian",
      "situations"
    ]
  },
  {
    "href": "https://ieeexplore.ieee.org/abstract/document/6327259/",
    "id": "sTj80biw3MYJ",
    "childNodes": [
      "Assessing the effect of",
      "visualizations",
      "on",
      "bayesian",
      "reasoning through crowdsourcing"
    ]
  },
  {
    "href": "https://www.cs.tufts.edu/~remco/publications/2017/DECISIVE2017-Bayesian.pdf",
    "id": "IVw2dnii_vwJ",
    "childNodes": [
      "Towards a",
      "bayesian",
      "model of data",
      "visualization",
      "cognition"
    ]
  },
  {
    "href": "https://www.mdpi.com/2411-5150/7/1/17",
    "id": "EE_HJI1BbDUJ",
    "childNodes": [
      "The use of",
      "visualizations",
      "to improve",
      "bayesian",
      "reasoning: a Literature Review"
    ]
  },
  {
    "href": "https://www.frontiersin.org/articles/10.3389/fpsyg.2019.00267/full",
    "id": "qH8r6_uYHeIJ",
    "childNodes": [
      "How to improve performance in",
      "Bayesian",
      "inference tasks: a comparison of five",
      "visualizations"
    ]
  }
]