[
  {
    "href": "https://www.sciencedirect.com/science/article/pii/S0951832023003356",
    "id": "ykYzhi38LLMJ",
    "childNodes": [
      "Bayesian",
      "large-kernel attention network for bearing remaining useful life prediction and uncertainty quantification"
    ]
  },
  {
    "href": "https://conbio.onlinelibrary.wiley.com/doi/abs/10.1111/cobi.12685",
    "id": "IrzyiZOaVOgJ",
    "childNodes": [
      "Multimethod, multistate",
      "Bayesian",
      "hierarchical modeling approach for use in regional monitoring of wolves"
    ]
  },
  {
    "href": "https://www.frontiersin.org/articles/10.3389/fpsyg.2020.00678/full",
    "id": "ijgXJzJR7mwJ",
    "childNodes": [
      "Processing probability information in nonnumerical settings–teachers'",
      "Bayesian",
      "and non-",
      "Bayesian",
      "strategies during diagnostic judgment"
    ]
  },
  {
    "href": "https://www.nature.com/articles/s41467-023-43317-9",
    "id": "w_JuAASuJJUJ",
    "childNodes": [
      "Bringing uncertainty quantification to the extreme-edge with memristor-based",
      "Bayesian",
      "neural networks"
    ]
  },
  {
    "href": "https://www.sciencedirect.com/science/article/pii/S0378778823002220",
    "id": "A8Sg7KA99oYJ",
    "childNodes": [
      "Improving building occupant comfort through a digital twin approach: A",
      "Bayesian",
      "network model and predictive maintenance method"
    ]
  },
  {
    "href": "https://projecteuclid.org/journals/annals-of-statistics/volume-48/issue-4/Identifiability-of-nonparametric-mixture-models-and-Bayes-optimal-clustering/10.1214/19-AOS1887.short",
    "id": "X163ObWqrmUJ",
    "childNodes": [
      "Identifiability of nonparametric mixture models and",
      "bayes",
      "optimal clustering"
    ]
  },
  {
    "href": "https://journals.sagepub.com/doi/abs/10.1177/09622802221129040",
    "id": "P1exrebRaNYJ",
    "childNodes": [
      "Revisiting Gaussian Markov random fields and",
      "Bayesian",
      "disease mapping"
    ]
  },
  {
    "href": "https://www.tandfonline.com/doi/abs/10.1080/21681163.2022.2099299",
    "id": "UFrHgR6HW3sJ",
    "childNodes": [
      "A deep learning approach with",
      "Bayesian",
      "optimized Kernel support vector machine for Covid-19 diagnosis"
    ]
  },
  {
    "href": "https://ieeexplore.ieee.org/abstract/document/10761491/",
    "id": "chMMN0xaz98J",
    "childNodes": [
      "Deciphering Key Features in Online Buying Session Prediction Using Logistic Regression and Naive",
      "Bayes"
    ]
  },
  {
    "href": "https://ieeexplore.ieee.org/abstract/document/8760511/",
    "id": "5EuXbBl53vUJ",
    "childNodes": [
      "Hierarchical Motion Estimation With",
      "Bayesian",
      "Regularization in Cardiac Elastography: Simulation and",
      "svg",
      "Validation"
    ]
  }
]