[
  {
    "href": "https://link.springer.com/article/10.1140/epjc/s10052-024-12792-9",
    "id": "dN8M0vJ5sbAJ",
    "childNodes": [
      "The",
      "Bayes",
      "factor surface for searches for new physics"
    ]
  },
  {
    "href": "https://www.sciencedirect.com/science/article/pii/S0005273606001854",
    "id": "SCZraFIUJ6QJ",
    "childNodes": [
      "High throughput assessment of cells and tissues:",
      "Bayesian",
      "classification of spectral metrics from infrared vibrational spectroscopic imaging data"
    ]
  },
  {
    "href": "https://norma.ncirl.ie/id/eprint/3856",
    "id": "k_wPc_Rp6N4J",
    "childNodes": [
      "Sentiment classification of current public opinion on BREXIT: Naïve",
      "Bayes",
      "classifier model vs Python's TextBlob approach"
    ]
  },
  {
    "href": "https://ieeexplore.ieee.org/abstract/document/885740/",
    "id": "5W4_2gDhF6wJ",
    "childNodes": [
      "Visualizing",
      "high-dimensional predictive model quality"
    ]
  },
  {
    "href": "https://arxiv.org/abs/2211.10575",
    "id": "l_hBys4gZqQJ",
    "childNodes": [
      "Bayesian",
      "autoencoders for data-driven discovery of coordinates, governing equations and fundamental constants"
    ]
  },
  {
    "href": "https://link.springer.com/chapter/10.1007/978-3-540-77409-9_34",
    "id": "f9hqggoQ1rQJ",
    "childNodes": [
      "Emotion-based music",
      "visualization",
      "using photos"
    ]
  },
  {
    "href": "https://ieeexplore.ieee.org/abstract/document/9535511/",
    "id": "B6ohEQ8lq2cJ",
    "childNodes": [
      "Bayesian",
      "uncertainty estimation of learned variational MRI reconstruction"
    ]
  },
  {
    "href": "https://projecteuclid.org/journals/bayesian-analysis/volume-19/issue-4/Prior-Knowledge-Elicitation-The-Past-Present-and-Future/10.1214/23-BA1381.short",
    "id": "fsxJiNvS45UJ",
    "childNodes": [
      "Prior knowledge elicitation: The past, present, and future"
    ]
  },
  {
    "href": "https://link.springer.com/article/10.1007/s11047-009-9142-z",
    "id": "8fkg-zVfEqoJ",
    "childNodes": [
      "A Petri net representation of",
      "Bayesian",
      "message flows: importance of",
      "Bayesian",
      "networks for biological applications"
    ]
  },
  {
    "href": "http://seaver-faculty.pepperdine.edu/thompson/projects/endow%202010/supplemental%20material/Appendix%20A.pdf",
    "id": "MO1YVtchszYJ",
    "childNodes": [
      "Evaluation of",
      "Bayesian",
      "networks used for diagnostics"
    ]
  }
]