[
  {
    "href": "https://cdnsciencepub.com/doi/abs/10.1139/cgj-2023-0686",
    "id": "M5MsmPk1x0EJ",
    "childNodes": [
      "Quantifying uncertainty of in situ horizontal stress and geotechnical parameters using a",
      "Bayesian",
      "inference approach for pressuremeter tests"
    ]
  },
  {
    "href": "https://ieeexplore.ieee.org/abstract/document/10000484/",
    "id": "1MMZWL7FVDYJ",
    "childNodes": [
      "Construction of forecast models based on",
      "bayesian",
      "structural time series"
    ]
  },
  {
    "href": "https://academic.oup.com/mbe/article-abstract/31/7/1869/2925708",
    "id": "6SQAY7SDcrEJ",
    "childNodes": [
      "Bayesian",
      "inference of infectious disease transmission from whole-genome sequence data"
    ]
  },
  {
    "href": "https://proceedings.neurips.cc/paper_files/paper/2020/hash/b19aa25ff58940d974234b48391b9549-Abstract.html",
    "id": "nS_6rbG_Fk4J",
    "childNodes": [
      "Boss:",
      "Bayesian",
      "optimization over string spaces"
    ]
  },
  {
    "href": "https://ieeexplore.ieee.org/abstract/document/9167596/",
    "id": "Lb6hD2lgwcoJ",
    "childNodes": [
      "A hybrid",
      "Bayesian",
      "ridge regression-CWT-catboost model for PV power forecasting"
    ]
  },
  {
    "href": "https://ieeexplore.ieee.org/abstract/document/9431197/",
    "id": "re-EWYSIwlEJ",
    "childNodes": [
      "Convolutional neural network-based",
      "Bayesian",
      "Gaussian mixture for intelligent fault diagnosis of rotating machinery"
    ]
  },
  {
    "href": "https://ieeexplore.ieee.org/abstract/document/8983151/",
    "id": "ibm0939oadUJ",
    "childNodes": [
      "BnBeeEpi: An approach of epistasis mining based on artificial bee colony algorithm optimizing",
      "Bayesian",
      "network"
    ]
  },
  {
    "href": "https://link.springer.com/chapter/10.1007/978-3-319-61358-1_11",
    "id": "VjkkPaqgzJUJ",
    "childNodes": [
      "Bayesian",
      "heteroscedastic regression for diffusion tensor imaging"
    ]
  },
  {
    "href": "https://ieeexplore.ieee.org/abstract/document/395/",
    "id": "9oFu4s8opW0J",
    "childNodes": [
      "Bayesian",
      "parameter estimation"
    ]
  },
  {
    "href": "https://www.tandfonline.com/doi/abs/10.1080/19401493.2020.1729862",
    "id": "CAPcw9JNMhsJ",
    "childNodes": [
      "Bayesian",
      "calibration at the urban scale: a case study on a large residential heating demand application in Amsterdam"
    ]
  }
]