[
  {
    "href": "https://content.iospress.com/articles/web-intelligence-and-agent-systems-an-international-journal/wia00081",
    "id": "-chjP9l4maQJ",
    "childNodes": [
      "A web-based",
      "bayesian",
      "intelligent tutoring system for computer programming"
    ]
  },
  {
    "href": "https://ieeexplore.ieee.org/abstract/document/8556738/",
    "id": "-sKiEqHv1zcJ",
    "childNodes": [
      "A comparative study of different curve fitting algorithms in artificial neural network using housing dataset"
    ]
  },
  {
    "href": "https://www.sciencedirect.com/science/article/pii/S1877584518301175",
    "id": "fam85DuvufgJ",
    "childNodes": [
      "Bayesian",
      "hierarchical spatial models: Implementing the Besag York Mollié model in stan"
    ]
  },
  {
    "href": "https://www.nature.com/articles/s42256-021-00432-w",
    "id": "yvpefXLIRsQJ",
    "childNodes": [
      "Cell type annotation of single-cell chromatin accessibility data via supervised",
      "Bayesian",
      "embedding"
    ]
  },
  {
    "href": "http://jutif.if.unsoed.ac.id/index.php/jurnal/article/view/1020",
    "id": "4U4U5Kt8u4EJ",
    "childNodes": [
      "Comparison of Naive",
      "Bayes",
      ", Decision Tree, and Random Forest Algorithms in Classifying Learning Styles of Universitas Kristen Indonesia Toraja Students"
    ]
  },
  {
    "href": "https://ieeexplore.ieee.org/abstract/document/737662/",
    "id": "NYO5GoPfK7EJ",
    "childNodes": [
      "Bayesian",
      "SPECT lung imaging for",
      "visualization",
      "and quantification of pulmonary perfusion"
    ]
  },
  {
    "href": "https://www.sciencedirect.com/science/article/pii/S0098300419307812",
    "id": "a4CubwzHEMcJ",
    "childNodes": [
      "Spatial prediction of oil and gas distribution using tree augmented",
      "Bayesian",
      "network"
    ]
  },
  {
    "href": "https://econtent.hogrefe.com/doi/full/10.1027/1015-5759/a000624",
    "id": "5vEdZaRP8JsJ",
    "childNodes": [
      "Bayesian",
      "multivariate mixed-effects location scale modeling of longitudinal relations among affective traits, states, and physical activity"
    ]
  },
  {
    "href": "https://ieeexplore.ieee.org/abstract/document/9745141/",
    "id": "55ogYokjPMUJ",
    "childNodes": [
      "Revisiting",
      "Bayesian",
      "autoencoders with MCMC"
    ]
  },
  {
    "href": "https://dl.acm.org/doi/abs/10.1145/1667053.1667056",
    "id": "IQgGhkNpCHIJ",
    "childNodes": [
      "The nested chinese restaurant process and",
      "bayesian",
      "nonparametric inference of topic hierarchies"
    ]
  }
]