[
  {
    "href": "https://arxiv.org/abs/2010.09233",
    "id": "0zyQJiyu9LoJ",
    "childNodes": [
      "Auto-encoding variational",
      "bayes",
      "for inferring topics and",
      "visualization"
    ]
  },
  {
    "href": "https://www.academia.edu/download/69028409/Visualization_of_Bayesian_Learner_Models20210903-24155-1bqfdhc.pdf",
    "id": "dL8s_0JJVW0J",
    "childNodes": [
      "Visualization",
      "of",
      "Bayesian",
      "learner models"
    ]
  },
  {
    "href": "https://www.sciencedirect.com/science/article/pii/S1071581915001081",
    "id": "z4EfQKQwbw4J",
    "childNodes": [
      "Benefits of",
      "visualization",
      "in the mammography problem"
    ]
  },
  {
    "href": "https://academic.oup.com/sysbio/article-abstract/67/5/901/4989127",
    "id": "eDD0Kigbm5sJ",
    "childNodes": [
      "Posterior summarization in",
      "Bayesian",
      "phylogenetics using Tracer 1.7"
    ]
  },
  {
    "href": "http://users.eecs.northwestern.edu/~jhullman/Workshop_on_Behavioral_EC_final.pdf",
    "id": "Y-nKR1TIamsJ",
    "childNodes": [
      "Modeling the interpretation of",
      "visualized",
      "statistics as",
      "bayesian",
      "cognition"
    ]
  },
  {
    "href": "https://ieeexplore.ieee.org/abstract/document/7905286/",
    "id": "0YHk8Af3jZoJ",
    "childNodes": [
      "Comparative analysis of K-Means method and Naïve",
      "Bayes",
      "method for brute force attack",
      "visualization"
    ]
  },
  {
    "href": "https://link.springer.com/chapter/10.1007/3-540-45108-0_58",
    "id": "WuPI_YZuJHwJ",
    "childNodes": [
      "Inspecting and",
      "visualizing",
      "distributed",
      "Bayesian",
      "student models"
    ]
  },
  {
    "href": "https://aisel.aisnet.org/cgi/viewcontent.cgi?article=1821&context=amcis2005",
    "id": "b2YTeW64ZpcJ",
    "childNodes": [
      "Visualization",
      "and",
      "Bayesian",
      "inference"
    ]
  },
  {
    "href": "https://link.springer.com/article/10.1186/s12859-019-3309-0",
    "id": "jF6byiiBjW0J",
    "childNodes": [
      "shinyBN: an online application for interactive",
      "Bayesian",
      "network inference and",
      "visualization"
    ]
  },
  {
    "href": "https://besjournals.onlinelibrary.wiley.com/doi/abs/10.1111/2041-210X.13750",
    "id": "vqdp8QTgOr4J",
    "childNodes": [
      "KBD",
      ": An",
      "KBD",
      "package for",
      "visualizing Bayesian",
      "phylogenetic analyses from",
      "KBD"
    ]
  }
]