[
  {
    "href": "https://www.tandfonline.com/doi/abs/10.1080/23789689.2023.2188348",
    "id": "6GH4kZaeaNkJ",
    "childNodes": [
      "Bayesian",
      "model for sustainable, resilient, and cost-effective concrete mixtures"
    ]
  },
  {
    "href": "https://dl.acm.org/doi/abs/10.1145/2858036.2858558",
    "id": "EEwsdRzyD1wJ",
    "childNodes": [
      "When (ish) is my bus? user-centered",
      "visualizations",
      "of uncertainty in everyday, mobile predictive systems"
    ]
  },
  {
    "href": "http://www.ijcoa.com/documents/%20IIR_IJCOA_17_12.pdf",
    "id": "uTTHqn2RsMoJ",
    "childNodes": [
      "A tentative analysis of liver disorder using data mining algorithms J48, decision table and naive",
      "Bayes"
    ]
  },
  {
    "href": "https://www.sciencedirect.com/science/article/pii/S0301562916001174",
    "id": "XF-AAd9hcZUJ",
    "childNodes": [
      "Improving displacement signal-to-noise ratio for low-signal radiation force elasticity imaging using",
      "bayesian",
      "techniques"
    ]
  },
  {
    "href": "https://ieeexplore.ieee.org/abstract/document/9017927/",
    "id": "elnO4q1jzaUJ",
    "childNodes": [
      "Bayesian",
      "contextual bandits for hyper parameter optimization"
    ]
  },
  {
    "href": "https://citeseerx.ist.psu.edu/document?repid=rep1&type=pdf&doi=0e170ec8f8f8e17729e18af67d19b081cf35aa45",
    "id": "36T4Q-jDDgAJ",
    "childNodes": [
      "Applying",
      "Bayesian",
      "Network and Association Rule Analysis for Product Recommendation."
    ]
  },
  {
    "href": "https://ieeexplore.ieee.org/abstract/document/7106930/",
    "id": "APX7bmc2PYkJ",
    "childNodes": [
      "Efficient data retrieval for large-scale smart city applications through applied",
      "Bayesian",
      "inference"
    ]
  },
  {
    "href": "https://www.sciencedirect.com/science/article/pii/S2352711023001759",
    "id": "nm5Dsn_LmwkJ",
    "childNodes": [
      "Version 1.3-BANSHEE—A MATLAB toolbox for Non-Parametric",
      "Bayesian",
      "Networks"
    ]
  },
  {
    "href": "https://link.springer.com/chapter/10.1007/978-981-15-8606-4_8",
    "id": "lj1Bm010d6cJ",
    "childNodes": [
      "Bayes",
      "meets Tikhonov: understanding uncertainty within Gaussian framework for seismic inversion"
    ]
  },
  {
    "href": "https://journals.plos.org/plosone/article?id=10.1371/journal.pone.0243719",
    "id": "P-6YE3n7Q4kJ",
    "childNodes": [
      "Central European Early Bronze Age chronology revisited: A",
      "Bayesian",
      "examination of large-scale radiocarbon dating"
    ]
  }
]