[
  {
    "href": "https://www.sciencedirect.com/science/article/pii/S0888327023005861",
    "id": "D6jkOEc2vwkJ",
    "childNodes": [
      "Densely connected semi-",
      "Bayesian",
      "network for machinery fault diagnosis with non-ideal data"
    ]
  },
  {
    "href": "http://djournals.com/klik/article/view/1555",
    "id": "AxiWMJP_WT4J",
    "childNodes": [
      "Analisis Sentimen Pengguna Aplikasi CapCut Pada Ulasan di Play Store Menggunakan Metode Naïve",
      "Bayes"
    ]
  },
  {
    "href": "https://scholarsarchive.byu.edu/iemssconference/2012/Stream-B/141/",
    "id": "HxEj9zq2VM0J",
    "childNodes": [
      "Participatory land use modeling with",
      "Bayesian",
      "networks: a focus on subjective validation"
    ]
  },
  {
    "href": "https://gfzpublic.gfz-potsdam.de/pubman/faces/ViewItemFullPage.jsp?itemId=item_5000161_1",
    "id": "IVzTyfZoGjYJ",
    "childNodes": [
      "BEAT:",
      "Bayesian",
      "Earthquake Analysis Tool"
    ]
  },
  {
    "href": "https://www.sciencedirect.com/science/article/pii/S0167637722000724",
    "id": "zcbn_JMo9gEJ",
    "childNodes": [
      "Support vector machines as",
      "Bayes",
      "' classifiers"
    ]
  },
  {
    "href": "https://ieeexplore.ieee.org/abstract/document/10009511/",
    "id": "xfXif8XuahkJ",
    "childNodes": [
      "Classification of Covid-19 Vaccines tweets using Naïve",
      "Bayes",
      "Classification"
    ]
  },
  {
    "href": "https://onlinelibrary.wiley.com/doi/abs/10.1155/2023/6664981",
    "id": "61MZPiK3_m0J",
    "childNodes": [
      "Prediction Model for Long‐Term Bridge Bearing Displacement Using Artificial Neural Network and",
      "Bayesian",
      "Optimization"
    ]
  },
  {
    "href": "https://ieeexplore.ieee.org/abstract/document/9467273/",
    "id": "AIIFzGru0GQJ",
    "childNodes": [
      "Fault diagnosis of motor bearings based on a convolutional long short-term memory network of",
      "bayesian",
      "optimization"
    ]
  },
  {
    "href": "https://ieeexplore.ieee.org/abstract/document/9946469/",
    "id": "dAhkvExkLs0J",
    "childNodes": [
      "Fine-grained sentiment analysis on pedulilindungi application users with multinomial Naive",
      "Bayes",
      "-smote"
    ]
  },
  {
    "href": "https://ijecom.org/index.php/IJECOM/article/view/60",
    "id": "h8ZKAP-wvuUJ",
    "childNodes": [
      "Analysis of machine learning approaches to determine online shopping ratings using naïve",
      "bayes",
      "and svm"
    ]
  }
]