[
  {
    "href": "https://link.springer.com/chapter/10.1007/978-3-031-43901-8_60",
    "id": "6dZA4_vi7zYJ",
    "childNodes": [
      "Scaling up 3d kernels with",
      "bayesian",
      "frequency re-parameterization for medical image segmentation"
    ]
  },
  {
    "href": "https://ieeexplore.ieee.org/abstract/document/5928314/",
    "id": "ybuW7EOC5O4J",
    "childNodes": [
      "A",
      "bayesian",
      "network-based knowledge engineering framework for it service management"
    ]
  },
  {
    "href": "https://arxiv.org/abs/2302.04703",
    "id": "bd1OTYpOGl8J",
    "childNodes": [
      "Practical guidance for",
      "Bayesian",
      "inference in astronomy"
    ]
  },
  {
    "href": "https://books.google.com/books?hl=en&lr=&id=EGeEEAAAQBAJ&oi=fnd&pg=PR3&dq=bayes+visualization&ots=PYDXIPU_wm&sig=2THmBNQqAUcsTA4iuMJNf-2Qvgk",
    "id": "tbmW4Wf_1h0J",
    "childNodes": [
      "The mindsponge and BMF analytics for innovative thinking in social sciences and humanities"
    ]
  },
  {
    "href": "https://genome.cshlp.org/content/11/8/1404.short",
    "id": "Ix2hYtIROK0J",
    "childNodes": [
      "Capturing whole-genome characteristics in short sequences using a naive",
      "Bayesian",
      "classifier"
    ]
  },
  {
    "href": "https://opg.optica.org/abstract.cfm?uri=oe-32-14-25147",
    "id": "7mwATN80jYcJ",
    "childNodes": [
      "Bayesian",
      "neuromorphic imaging for single-photon LiDAR"
    ]
  },
  {
    "href": "https://link.springer.com/article/10.1007/s10489-010-0267-7",
    "id": "gpz58qy6hToJ",
    "childNodes": [
      "Properties of",
      "Bayesian",
      "student model for INQPRO"
    ]
  },
  {
    "href": "https://www.mdpi.com/1099-4300/24/3/366",
    "id": "dkwrlMW5hRsJ",
    "childNodes": [
      "A",
      "Bayesian",
      "approach to predict football matches with changed home advantage in spectator-free matches after the COVID-19 break"
    ]
  },
  {
    "href": "https://link.springer.com/article/10.1007/s40725-017-0069-9",
    "id": "7juQBBftCOwJ",
    "childNodes": [
      "Bayesian",
      "methods for quantifying and reducing uncertainty and error in forest models"
    ]
  },
  {
    "href": "https://www.nature.com/articles/s41598-022-06843-y",
    "id": "ttKCOmp-sMgJ",
    "childNodes": [
      "Prediction of nickel concentration in peri-urban and urban soils using hybridized empirical",
      "bayesian",
      "kriging and support vector machine regression"
    ]
  }
]