[
  {
    "href": "https://www.tqmp.org/RegularArticles/vol14-2/p099/p099.pdf?ref=https://githubhelp.com",
    "id": "6Ct2EkfFw9MJ",
    "childNodes": [
      "User-friendly",
      "Bayesian",
      "regression modeling: A tutorial with rstanarm and shinystan"
    ]
  },
  {
    "href": "https://ieeexplore.ieee.org/abstract/document/1264978/",
    "id": "YgCH06SSiTYJ",
    "childNodes": [
      "A",
      "Bayesian",
      "framework for automated dataset retrieval in Geographic Information Systems"
    ]
  },
  {
    "href": "https://joss.theoj.org/papers/10.21105/joss.05612.pdf",
    "id": "HptWysT1750J",
    "childNodes": [
      "Bernadette:",
      "Bayesian",
      "Inference and Model Selection for Stochastic Epidemics in R"
    ]
  },
  {
    "href": "https://link.springer.com/article/10.1186/1758-2946-5-43",
    "id": "y1UGX_n8ii0J",
    "childNodes": [
      "Similarity maps-a",
      "visualization",
      "strategy for molecular fingerprints and machine-learning methods"
    ]
  },
  {
    "href": "https://onlinelibrary.wiley.com/doi/abs/10.1111/test.12380",
    "id": "klUOdt51zK8J",
    "childNodes": [
      "Introduction to the",
      "Bayes",
      "factor: A Shiny/R app"
    ]
  },
  {
    "href": "https://onlinelibrary.wiley.com/doi/abs/10.1002/bit.27282",
    "id": "uaSH4AGn9kMJ",
    "childNodes": [
      "Reduced scale model qualification of 5‐L and 250‐ml bioreactors using multivariant",
      "visualization",
      "and",
      "Bayesian",
      "inferential methods"
    ]
  },
  {
    "href": "https://www.mdpi.com/2624-8611/5/3/54",
    "id": "nTun4llpucAJ",
    "childNodes": [
      "Bayesian",
      "regularized SEM: Current capabilities and constraints"
    ]
  },
  {
    "href": "http://3.8.6.95/ijcs/index.php/ijcs/article/view/3238",
    "id": "m87jsZ5xaT0J",
    "childNodes": [
      "Sentiment Analysis of Tweets About Allowing Outdoor Mask Wear Using Naïve",
      "Bayes",
      "and TextBlob"
    ]
  },
  {
    "href": "https://www.nature.com/articles/s41598-024-57345-y",
    "id": "ikkIXui4XY8J",
    "childNodes": [
      "Bayesian",
      "spatial analysis of incomplete vaccination among children aged 12–23 months in Nigeria"
    ]
  },
  {
    "href": "https://journals.physiology.org/doi/abs/10.1152/jn.00379.2009",
    "id": "8S34yh_F4MIJ",
    "childNodes": [
      "Hierarchical",
      "Bayesian",
      "modeling and Markov chain Monte Carlo sampling for tuning-curve analysis"
    ]
  }
]