[
  {
    "href": "https://ir.uitm.edu.my/id/eprint/35621/",
    "id": "p4tSMo4A4kEJ",
    "childNodes": [
      "SpickME: Choosing spectacles prediction system by using multinomial Naïve",
      "Bayes"
    ]
  },
  {
    "href": "https://onlinelibrary.wiley.com/doi/abs/10.1111/cogs.12738",
    "id": "cpadQ2O95wQJ",
    "childNodes": [
      "Parameter inference for computational cognitive models with approximate",
      "Bayesian",
      "computation"
    ]
  },
  {
    "href": "https://ieeexplore.ieee.org/abstract/document/8947893/",
    "id": "hPoPtYfaloUJ",
    "childNodes": [
      "Explainable image caption generator using attention and",
      "Bayesian",
      "inference"
    ]
  },
  {
    "href": "https://content.iospress.com/articles/mobile-information-systems/mis00158",
    "id": "AVODI9Rxfe8J",
    "childNodes": [
      "A mobile picture tagging system using tree-structured layered",
      "Bayesian",
      "networks"
    ]
  },
  {
    "href": "https://www.tandfonline.com/doi/abs/10.1080/23729333.2019.1613073",
    "id": "2RKbTpFpnCcJ",
    "childNodes": [
      "Reasoning about socio-economic data: a visual analytics approach to",
      "Bayesian",
      "network"
    ]
  },
  {
    "href": "https://www.researchgate.net/profile/Ramesh-Rakesh/publication/338738944_Cyber_Security_Using_Bayesian_Attack_Path_Analysis/links/6369e4bb54eb5f547cb0d64d/Cyber-Security-Using-Bayesian-Attack-Path-Analysis.pdf",
    "id": "-WqOw6WUOaUJ",
    "childNodes": [
      "Cyber Security Using",
      "Bayesian",
      "Attack Path Analysis"
    ]
  },
  {
    "href": "https://ieeexplore.ieee.org/abstract/document/9626961/",
    "id": "y0UXh6rHK2UJ",
    "childNodes": [
      "Dynamic Explanation of",
      "Bayesian",
      "Networks with Abductive",
      "Bayes",
      "Factor Qualitative Propagation and Entropy-Based Qualitative Explanation"
    ]
  },
  {
    "href": "https://www.sciencedirect.com/science/article/pii/S0022249615000383",
    "id": "MrKGE-UhR9YJ",
    "childNodes": [
      "Harold Jeffreys's default",
      "Bayes",
      "factor hypothesis tests: Explanation, extension, and application in psychology"
    ]
  },
  {
    "href": "https://ascelibrary.org/doi/abs/10.1061/IJGNAI.GMENG-8213",
    "id": "MHsaZChmntAJ",
    "childNodes": [
      "Research and application of an intelligent prediction of rock bursts based on a",
      "bayes",
      "-optimized convolutional neural network"
    ]
  },
  {
    "href": "https://www.sciencedirect.com/science/article/pii/S1053810022000332",
    "id": "J-nJytO3Z1EJ",
    "childNodes": [
      "Knowledge-augmented face perception: Prospects for the",
      "Bayesian",
      "brain-framework to align AI and human vision"
    ]
  }
]