[
  {
    "href": "https://academic.oup.com/bioinformatics/article-abstract/35/24/5321/5530964",
    "id": "6dr0Pu8h9y8J",
    "childNodes": [
      "MCMCtreeR: functions to prepare MCMCtree analyses and",
      "visualize",
      "posterior ages on trees"
    ]
  },
  {
    "href": "https://www.sciencedirect.com/science/article/pii/S0005796716302364",
    "id": "fegTTZF2D_cJ",
    "childNodes": [
      "An introduction to using",
      "Bayesian",
      "linear regression with clinical data"
    ]
  },
  {
    "href": "https://link.springer.com/article/10.1007/s00521-011-0567-9",
    "id": "1QQp5UIArGcJ",
    "childNodes": [
      "NBSOM: The naive",
      "Bayes",
      "self-organizing map"
    ]
  },
  {
    "href": "https://besjournals.onlinelibrary.wiley.com/doi/abs/10.1111/2041-210X.12199",
    "id": "PHHui7q8OIwJ",
    "childNodes": [
      "BAMM tools: an R package for the analysis of evolutionary dynamics on phylogenetic trees"
    ]
  },
  {
    "href": "https://www.academia.edu/download/72927526/6484694c01f0a5d8740d849f6a5fc2b3d45d.pdf",
    "id": "aEGikTYIti4J",
    "childNodes": [
      "DOCAID: Predictive healthcare analytics using naive",
      "bayes",
      "classification"
    ]
  },
  {
    "href": "https://citeseerx.ist.psu.edu/document?repid=rep1&type=pdf&doi=8876a3a890278a459d7cb93cd21aaaad752ace67",
    "id": "vRcDyCfFbAUJ",
    "childNodes": [
      "Nomograms",
      "visualization",
      "of nave",
      "bayes",
      "classification on liver disorders data"
    ]
  },
  {
    "href": "https://www.mdpi.com/2624-8611/5/2/27",
    "id": "tgiuWJcX25oJ",
    "childNodes": [
      "Bayesian",
      "Estimation of Latent Space Item Response Models with",
      "KBD",
      ",",
      "KBD",
      ", and",
      "KBD",
      "in",
      "KBD"
    ]
  },
  {
    "href": "https://www.liebertpub.com/doi/abs/10.1089/big.2018.0071",
    "id": "us24xBGgln0J",
    "childNodes": [
      "Visualizing",
      "a team's goal chances in soccer from attacking events: A",
      "Bayesian",
      "inference approach"
    ]
  },
  {
    "href": "https://link.springer.com/chapter/10.1007/978-3-540-73214-3_15",
    "id": "AGafIa8XTTAJ",
    "childNodes": [
      "Visualization",
      "of uncertainty and reasoning"
    ]
  },
  {
    "href": "https://openreview.net/forum?id=_geIwiOyUhZ",
    "id": "C1R2FwcJjk4J",
    "childNodes": [
      "Bayes",
      "-MIL: A New Probabilistic Perspective on Attention-based Multiple Instance Learning for Whole Slide Images"
    ]
  }
]