[
  {
    "href": "https://www.mdpi.com/2071-1050/15/9/7298",
    "id": "pnnzJa6P1_8J",
    "childNodes": [
      "AI-Based Degradation Index from the Microstructure Image and Life Prediction Models Based on",
      "Bayesian",
      "Inference"
    ]
  },
  {
    "href": "https://ieeexplore.ieee.org/abstract/document/8987464/",
    "id": "C62t4c7LNYMJ",
    "childNodes": [
      "Comparison of Performance Support Vector Machine Algorithm and Naive",
      "Bayes",
      "for Diabetes Diagnosis"
    ]
  },
  {
    "href": "https://www.jstatsoft.org/index.php/jss/article/view/v094i03",
    "id": "uhWGgeuTXBsJ",
    "childNodes": [
      "BayesNetBP: an R package for probabilistic reasoning in",
      "Bayesian",
      "networks"
    ]
  },
  {
    "href": "https://pubs.aip.org/aip/apl/article/122/9/094103/2881005",
    "id": "NtOrrgx8ShYJ",
    "childNodes": [
      "Bayesian",
      "modeling of scattered light in the LIGO interferometers"
    ]
  },
  {
    "href": "https://journal.stekom.ac.id/index.php/elkom/article/view/872",
    "id": "rH9AC31wq6YJ",
    "childNodes": [
      "Analisis Sentimen Bahasa Indonesia Pada Tempat Wisata Di Kabupaten Sukabumi Dengan Naive",
      "Bayes",
      "Classifier"
    ]
  },
  {
    "href": "https://ieeexplore.ieee.org/abstract/document/9699009/",
    "id": "J6gjlEXBMFcJ",
    "childNodes": [
      "Concrete crack quantification using voxel-based reconstruction and",
      "Bayesian",
      "data fusion"
    ]
  },
  {
    "href": "https://psycnet.apa.org/record/2020-12344-001",
    "id": "KqoUechf_fkJ",
    "childNodes": [
      "Comparing Gaussian graphical models with the posterior predictive distribution and",
      "Bayesian",
      "model selection."
    ]
  },
  {
    "href": "https://open.library.ubc.ca/soa/cIRcle/collections/831/831/items/1.0051344",
    "id": "8TxE57in2jYJ",
    "childNodes": [
      "Link strength in",
      "bayesian",
      "networks"
    ]
  },
  {
    "href": "https://journals.lww.com/amjforensicmedicine/fulltext/1997/03000/Bayesian_Evaluation_of_the_Modified_Zinc_Test_and.8.aspx",
    "id": "XAIrfkGRrdEJ",
    "childNodes": [
      "Bayesian",
      "evaluation of the modified zinc test and the acid phosphatase spot test for forensic semen investigation"
    ]
  },
  {
    "href": "https://www.tandfonline.com/doi/abs/10.1080/01621459.2012.655995",
    "id": "CGigJecAjXMJ",
    "childNodes": [
      "Bayesian",
      "spatio-dynamic modeling in cell motility studies: Learning nonlinear taxic fields guiding the immune response"
    ]
  }
]