[
  {
    "href": "https://arxiv.org/abs/2011.01808",
    "id": "k3SUPzGvsU0J",
    "childNodes": [
      "Bayesian",
      "workflow"
    ]
  },
  {
    "href": "https://www.mdpi.com/2076-3417/13/17/9726",
    "id": "5Ze8i5z6jlEJ",
    "childNodes": [
      "Prediction of maximum tunnel uplift caused by overlying excavation using XGBoost algorithm with",
      "Bayesian",
      "optimization"
    ]
  },
  {
    "href": "https://www.nature.com/articles/s43586-020-00001-2",
    "id": "hQdDte7EgZAJ",
    "childNodes": [
      "Bayesian",
      "statistics and modelling"
    ]
  },
  {
    "href": "https://www.sciencedirect.com/science/article/pii/S2214785323028560",
    "id": "5wAxqYJKWSUJ",
    "childNodes": [
      "Attention-based",
      "Bayesian",
      "inferential imagery captioning maker"
    ]
  },
  {
    "href": "https://link.springer.com/chapter/10.1007/3-540-44527-7_14",
    "id": "o3eU0AfHyo0J",
    "childNodes": [
      "An unsupervised",
      "Bayesian",
      "distance measure"
    ]
  },
  {
    "href": "https://ieeexplore.ieee.org/abstract/document/7953045/",
    "id": "bu0oq2QyFyQJ",
    "childNodes": [
      "Computation and",
      "visualization",
      "of posterior densities in scalar nonlinear and non-Gaussian",
      "Bayesian",
      "filtering and smoothing problems"
    ]
  },
  {
    "href": "https://link.springer.com/chapter/10.1007/978-3-319-24598-0_16",
    "id": "lbBeN4qYfowJ",
    "childNodes": [
      "Using a new tool to",
      "visualize",
      "environmental data for",
      "bayesian",
      "network modelling"
    ]
  },
  {
    "href": "https://www.sciencedirect.com/science/article/pii/S0048969719340033",
    "id": "-KuwJZAt03gJ",
    "childNodes": [
      "Incorporating stakeholders' values into environmental decision support: A",
      "Bayesian",
      "Belief Network approach"
    ]
  },
  {
    "href": "https://link.springer.com/article/10.1007/s12144-023-05003-3",
    "id": "ENp1WY-N79cJ",
    "childNodes": [
      "Bayesian",
      "method in psychology: a bibliometric analysis"
    ]
  },
  {
    "href": "https://www.mdpi.com/1424-8220/21/2/634",
    "id": "SdlHq1OzoRwJ",
    "childNodes": [
      "Wildfire risk assessment of transmission-line corridors based on naïve",
      "bayes",
      "network and remote sensing data"
    ]
  }
]