[
  {
    "href": "https://link.springer.com/chapter/10.1007/11893028_75",
    "id": "MEtnVRay59wJ",
    "childNodes": [
      "Learning hierarchical",
      "Bayesian",
      "networks for large-scale data analysis"
    ]
  },
  {
    "href": "https://www.mdpi.com/2306-5710/6/1/5",
    "id": "SSC3BIad4fIJ",
    "childNodes": [
      "Understanding 21st century bordeaux wines from wine reviews using naïve",
      "bayes",
      "classifier"
    ]
  },
  {
    "href": "https://synapse.koreamed.org/articles/1075829",
    "id": "NqL8_6p6huIJ",
    "childNodes": [
      "Nomogram of naive",
      "bayesian",
      "model for recurrence prediction of breast cancer"
    ]
  },
  {
    "href": "https://ieeexplore.ieee.org/abstract/document/7424489/",
    "id": "wzLwxN3_JOYJ",
    "childNodes": [
      "Superposed naive",
      "bayes",
      "for accurate and interpretable prediction"
    ]
  },
  {
    "href": "https://www.sciencedirect.com/science/article/pii/S092583882302916X",
    "id": "nHvxx4jeAAUJ",
    "childNodes": [
      "Application of",
      "Bayesian",
      "optimization to the synthesis process of BaFe2 (As, P) 2 polycrystalline bulk superconducting materials"
    ]
  },
  {
    "href": "https://www.tandfonline.com/doi/abs/10.1080/01621459.2017.1288631",
    "id": "1q1WmU9RoWkJ",
    "childNodes": [
      "Bayesian",
      "nonparametric ordination for the analysis of microbial communities"
    ]
  },
  {
    "href": "https://ieeexplore.ieee.org/abstract/document/6663168/",
    "id": "etwAmrDKKqQJ",
    "childNodes": [
      "An evaluation of the circles information",
      "visualization",
      "tool for presenting",
      "Bayesian",
      "Network output"
    ]
  },
  {
    "href": "https://ieeexplore.ieee.org/abstract/document/10331126/",
    "id": "XKoLK46iVyAJ",
    "childNodes": [
      "Mental Health Sentiment Analysis on Social Media TikTok with the Naïve",
      "Bayes",
      "Algorithm"
    ]
  },
  {
    "href": "https://www.sciencedirect.com/science/article/pii/S1532046418302041",
    "id": "H3HtkD2iwXEJ",
    "childNodes": [
      "CBN: Constructing a clinical",
      "Bayesian",
      "network based on data from the electronic medical record"
    ]
  },
  {
    "href": "https://www.mdpi.com/2071-1050/10/1/115",
    "id": "xANM6winbYYJ",
    "childNodes": [
      "Sustainable technology analysis of artificial intelligence using",
      "Bayesian",
      "and social network models"
    ]
  }
]