[
  {
    "href": "https://www.ideals.illinois.edu/items/34830",
    "id": "gOATF4Z_VwcJ",
    "childNodes": [
      "Interactive",
      "visualizations",
      "to improve",
      "Bayesian",
      "reasoning"
    ]
  },
  {
    "href": "https://arxiv.org/abs/2306.00357",
    "id": "ac_PBlZi-6EJ",
    "childNodes": [
      "Efficient and robust",
      "bayesian",
      "selection of hyperparameters in dimension reduction for",
      "visualization"
    ]
  },
  {
    "href": "https://www.mdpi.com/2071-1050/13/14/7917",
    "id": "skjNruMho5EJ",
    "childNodes": [
      "Bayesian",
      "structure learning and",
      "visualization",
      "for technology analysis"
    ]
  },
  {
    "href": "https://journals.sagepub.com/doi/abs/10.1177/0962280218758357",
    "id": "LTLBfXwitQoJ",
    "childNodes": [
      "Using empirical",
      "Bayes",
      "predictors from generalized linear mixed models to test and",
      "visualize",
      "associations among longitudinal outcomes"
    ]
  },
  {
    "href": "https://ojs.aaai.org/index.php/AAAI/article/view/17361",
    "id": "7YHlVn0jS1UJ",
    "childNodes": [
      "Bayes",
      "-trex: a",
      "bayesian",
      "sampling approach to model transparency by example"
    ]
  },
  {
    "href": "https://staff.icar.cnr.it/manco/Teaching/2005/datamining/articoli/nbtree.pdf",
    "id": "3UpGbTOuHq8J",
    "childNodes": [
      "Scaling up the accuracy of naive-",
      "bayes",
      "classifiers: A decision-tree hybrid."
    ]
  },
  {
    "href": "https://link.springer.com/article/10.1186/1471-2105-11-538",
    "id": "FAZ1eqaSwcoJ",
    "childNodes": [
      "pplacer: linear time maximum-likelihood and",
      "Bayesian",
      "phylogenetic placement of sequences onto a fixed reference tree"
    ]
  },
  {
    "href": "https://academic.oup.com/mbe/article-abstract/29/8/1969/1044583",
    "id": "XQRhW8f0BssJ",
    "childNodes": [
      "Bayesian",
      "phylogenetics with BEAUti and the BEAST 1.7"
    ]
  },
  {
    "href": "https://citeseerx.ist.psu.edu/document?repid=rep1&type=pdf&doi=45e6de6fbff3ccf40e93941c72f12e14bf8e5747",
    "id": "jDDE9vl-L4gJ",
    "childNodes": [
      "Detecting auto insurance fraud by data mining techniques"
    ]
  },
  {
    "href": "http://semarakilmu.com.my/journals/index.php/applied_sciences_eng_tech/article/view/3286",
    "id": "SL04QllMebMJ",
    "childNodes": [
      "Intelligence Shopee Product Comparison (i-SPC) and",
      "Visualization",
      "of Product Information via Naïve",
      "Bayes",
      "Adaptation"
    ]
  }
]