[
  {
    "href": "https://ieeexplore.ieee.org/abstract/document/10862974/",
    "id": "NQ31p7kb8CAJ",
    "childNodes": [
      "Sentiment Analysis of Customer Reviews on DANA Application Service using Multinomial Naïve",
      "Bayes",
      "Classifier Algorithm"
    ]
  },
  {
    "href": "https://ieeexplore.ieee.org/abstract/document/9063792/",
    "id": "jNoplwlgPq0J",
    "childNodes": [
      "Comparison of support vector machine and naïve",
      "bayes",
      "classifiers for predicting diabetes"
    ]
  },
  {
    "href": "https://link.springer.com/chapter/10.1007/978-3-319-61425-0_32",
    "id": "wY9rrbF7g7cJ",
    "childNodes": [
      "Predicting learner's deductive reasoning skills using a",
      "bayesian",
      "network"
    ]
  },
  {
    "href": "https://distill.pub/2020/bayesian-optimization/?utm_campaign=Data_Elixir&utm_source=Data_Elixir_285",
    "id": "XzxxgCrpDagJ",
    "childNodes": [
      "Exploring",
      "bayesian",
      "optimization"
    ]
  },
  {
    "href": "https://link.springer.com/article/10.3758/s13421-023-01497-1",
    "id": "f5-Qr4ZOAtgJ",
    "childNodes": [
      "The impact of problem domain on",
      "Bayesian",
      "inferences: A systematic investigation"
    ]
  },
  {
    "href": "https://www.jstatsoft.org/article/view/v100i19",
    "id": "X9fQUTdbtJcJ",
    "childNodes": [
      "Applying meta-analytic-predictive priors with the R",
      "Bayesian",
      "evidence synthesis tools"
    ]
  },
  {
    "href": "https://onlinelibrary.wiley.com/doi/abs/10.1002/cjce.25393",
    "id": "oJDr-mNeee0J",
    "childNodes": [
      "Risk assessment of gas pipeline using an integrated",
      "Bayesian",
      "belief network and GIS: Using",
      "Bayesian",
      "neural networks for external pitting corrosion modelling"
    ]
  },
  {
    "href": "https://www.worldscientific.com/doi/abs/10.1142/S1469026815500017",
    "id": "TR0IbYIt8BYJ",
    "childNodes": [
      "Collaborative fuzzy clustering of variational",
      "Bayesian",
      "generative topographic mapping"
    ]
  },
  {
    "href": "https://journal.admi.or.id/index.php/JTS/article/view/521",
    "id": "2n1Zu622cB0J",
    "childNodes": [
      "Analisis Sentimen Opini Pengguna Twitter Pada Aplikasi Bibit Menggunakan Multinomial Naïve",
      "Bayes"
    ]
  },
  {
    "href": "https://www.sciencedirect.com/science/article/pii/S1526612523011593",
    "id": "kAO4obndIZoJ",
    "childNodes": [
      "Tunable simultaneous",
      "Bayesian",
      "optimization of hole taper and processing time in QCW laser drilling"
    ]
  }
]