[
  {
    "href": "https://academic.oup.com/bioinformatics/article-abstract/21/10/2210/208974",
    "id": "X1GzWaN2quoJ",
    "childNodes": [
      "A novel approach for clustering proteomics data using",
      "Bayesian",
      "fast Fourier transform"
    ]
  },
  {
    "href": "https://opg.optica.org/abstract.cfm?uri=oe-32-5-7495",
    "id": "0Y8NFZ2b1PwJ",
    "childNodes": [
      "3D object tracking using integral imaging with mutual information and",
      "Bayesian",
      "optimization"
    ]
  },
  {
    "href": "https://www.sciencedirect.com/science/article/pii/S0963869522001529",
    "id": "l1dBOhZxvLMJ",
    "childNodes": [
      "Uncertainty quantification in super-resolution guided wave array imaging using a variational",
      "Bayesian",
      "deep learning approach"
    ]
  },
  {
    "href": "https://arxiv.org/abs/1705.11123",
    "id": "UkFooiIgcs4J",
    "childNodes": [
      "Advanced",
      "Bayesian",
      "multilevel modeling with the R package brms"
    ]
  },
  {
    "href": "https://ieeexplore.ieee.org/abstract/document/9754243/",
    "id": "xPkAjF5Xp0cJ",
    "childNodes": [
      "Visual assistance in development and validation of",
      "bayesian",
      "networks for clinical decision support"
    ]
  },
  {
    "href": "https://journals.sagepub.com/doi/abs/10.1177/14761270211072248",
    "id": "tB8PDWMC5YYJ",
    "childNodes": [
      "A",
      "Bayesian",
      "approach to nested data analysis: A primer for strategic management research"
    ]
  },
  {
    "href": "https://link.springer.com/article/10.3758/s13428-019-01255-9",
    "id": "_UGYjFrFx48J",
    "childNodes": [
      "A",
      "Bayesian",
      "nonlinear mixed-effects location scale model for learning"
    ]
  },
  {
    "href": "https://www.sciencedirect.com/science/article/pii/S092698511730143X",
    "id": "Of53FZspDLYJ",
    "childNodes": [
      "Inferring the most probable maps of underground utilities using",
      "Bayesian",
      "mapping model"
    ]
  },
  {
    "href": "https://www.mdpi.com/2079-9292/13/17/3387",
    "id": "BZVfP1upKswJ",
    "childNodes": [
      "Bayesian",
      "Modeling of Travel Times on the Example of Food Delivery: Part 1—Spatial Data Analysis and Processing"
    ]
  },
  {
    "href": "https://www.mdpi.com/2076-3263/10/5/191",
    "id": "fJyYePm-_QgJ",
    "childNodes": [
      "Bayesian",
      "inference in snow avalanche simulation with r. avaflow"
    ]
  }
]