[
  {
    "href": "https://ieeexplore.ieee.org/abstract/document/8713569/",
    "id": "eHCkxyBgCrkJ",
    "childNodes": [
      "Learning-aided 3-D occupancy mapping with",
      "Bayesian",
      "generalized kernel inference"
    ]
  },
  {
    "href": "https://www.joiv.org/index.php/joiv/article/view/1995",
    "id": "Xh8h5QThNUEJ",
    "childNodes": [
      "Determination of Training Participants in Community Work Training Centers Using the Naïve",
      "Bayes",
      "Classifier Algorithm"
    ]
  },
  {
    "href": "https://www.tandfonline.com/doi/abs/10.1080/01621459.2019.1611582",
    "id": "BPrQjFjYuDAJ",
    "childNodes": [
      "A",
      "Bayesian",
      "general linear modeling approach to cortical surface fMRI data analysis"
    ]
  },
  {
    "href": "https://psycnet.apa.org/record/2022-39838-001",
    "id": "1VJWoVfeCP0J",
    "childNodes": [
      "Workflow techniques for the robust use of",
      "bayes",
      "factors."
    ]
  },
  {
    "href": "https://www.jmlr.org/papers/v17/15-017.html",
    "id": "OlCqx8gdx_MJ",
    "childNodes": [
      "Bayesian",
      "optimization for likelihood-free inference of simulator-based statistical models"
    ]
  },
  {
    "href": "https://joss.theoj.org/papers/10.21105/joss.04716.pdf",
    "id": "j4CPke2I_5sJ",
    "childNodes": [
      "geostan: An R package for",
      "Bayesian",
      "spatial analysis"
    ]
  },
  {
    "href": "https://www.sciencedirect.com/science/article/pii/S0022460X12003446",
    "id": "4j7GX2yycbUJ",
    "childNodes": [
      "Toward a probabilistic acoustic emission source location algorithm: a",
      "Bayesian",
      "approach"
    ]
  },
  {
    "href": "https://academic.oup.com/sysbio/article-abstract/67/4/735/4921127",
    "id": "UsiGDlBhuTsJ",
    "childNodes": [
      "Inferring phylogenetic networks using PhyloNet"
    ]
  },
  {
    "href": "https://link.springer.com/article/10.1186/s12874-020-00968-2",
    "id": "YDvqdCtUpJ4J",
    "childNodes": [
      "Analysis of",
      "Bayesian",
      "posterior significance and effect size indices for the two-sample t-test to support reproducible medical research"
    ]
  },
  {
    "href": "https://link.springer.com/article/10.1007/s10940-022-09544-x",
    "id": "OyFpLsZbmnsJ",
    "childNodes": [
      "Understanding how offending prevalence and frequency change with age in the Cambridge Study in Delinquent Development using",
      "Bayesian",
      "statistical models"
    ]
  }
]