[
  {
    "href": "https://citeseerx.ist.psu.edu/document?repid=rep1&type=pdf&doi=d744bb8b2b1ca2c3d04cf73c2cf231690fa93282",
    "id": "YquE75_FsuAJ",
    "childNodes": [
      "Visualizing",
      "inference in",
      "Bayesian",
      "networks"
    ]
  },
  {
    "href": "https://ieeexplore.ieee.org/abstract/document/7192720/",
    "id": "DB0jhBvx3fsJ",
    "childNodes": [
      "Improving",
      "Bayesian",
      "reasoning: The effects of phrasing,",
      "visualization",
      ", and spatial ability"
    ]
  },
  {
    "href": "https://pubs.acs.org/doi/abs/10.1021/ci500410g",
    "id": "FTKHn7tdwpMJ",
    "childNodes": [
      "Introduction of a methodology for",
      "visualization",
      "and graphical interpretation of",
      "Bayesian",
      "classification models"
    ]
  },
  {
    "href": "https://arxiv.org/abs/1707.00791",
    "id": "j03T4CeQALcJ",
    "childNodes": [
      "Visualizing",
      "the consequences of evidence in",
      "bayesian",
      "networks"
    ]
  },
  {
    "href": "https://www.academia.edu/download/69028344/Visualization_of_Bayesian_Belief_Network20210903-20732-1urw2d9.pdf",
    "id": "HelgYw60KksJ",
    "childNodes": [
      "Visualization",
      "of",
      "Bayesian",
      "belief networks"
    ]
  },
  {
    "href": "https://dl.acm.org/doi/abs/10.1145/3411764.3445176",
    "id": "bkF610eT0uMJ",
    "childNodes": [
      "Does interaction improve",
      "bayesian",
      "reasoning with",
      "visualization",
      "?"
    ]
  },
  {
    "href": "https://journals.sagepub.com/doi/abs/10.1177/1071181311551079",
    "id": "wovSqB5HKGgJ",
    "childNodes": [
      "Interactive",
      "visualizations",
      "to improve",
      "Bayesian",
      "reasoning"
    ]
  },
  {
    "href": "https://www.sciencedirect.com/science/article/pii/S1877050923017167",
    "id": "OjtqcKo0Yy8J",
    "childNodes": [
      "Proposing a",
      "visualized",
      "comparative review analysis model on tourism domain using Naïve",
      "Bayes",
      "classifier"
    ]
  },
  {
    "href": "https://www.tandfonline.com/doi/abs/10.1080/00031305.2019.1671219",
    "id": "-MIMuaRo968J",
    "childNodes": [
      "Assessing",
      "Bayes",
      "factor surfaces using interactive",
      "visualization",
      "and computer surrogate modeling"
    ]
  },
  {
    "href": "https://books.google.com/books?hl=en&lr=&id=XrLaBwAAQBAJ&oi=fnd&pg=PR12&dq=bayes+visualization&ots=g5p-6qyuwr&sig=RuS10oiVshvaOQRIMYYo3fRkdNs",
    "id": "dY0DwvtseG4J",
    "childNodes": [
      "Bayesian",
      "Heuristic approach to discrete and global optimization: Algorithms,",
      "visualization",
      ", software, and applications"
    ]
  }
]