[
  {
    "href": "https://proceedings.mlr.press/v202/choshen23a.html",
    "id": "ARVvuJvs7PAJ",
    "childNodes": [
      "Contrabar: Contrastive",
      "bayes",
      "-adaptive deep rl"
    ]
  },
  {
    "href": "https://academic.oup.com/bioinformatics/article-abstract/34/14/2496/4924214",
    "id": "okIBvpw-Gy8J",
    "childNodes": [
      "AnaCoDa: analyzing codon data with",
      "Bayesian",
      "mixture models"
    ]
  },
  {
    "href": "https://www.sciencedirect.com/science/article/pii/S0950705122004841",
    "id": "R88NVG-ThmMJ",
    "childNodes": [
      "Bayesian",
      "spatio-temporal graph transformer network (b-star) for multi-aircraft trajectory prediction"
    ]
  },
  {
    "href": "https://www.sciencedirect.com/science/article/pii/S0378437123008300",
    "id": "swLNElYsnqEJ",
    "childNodes": [
      "Interval prediction of vessel trajectory based on lower and upper bound estimation and attention-modified LSTM with",
      "bayesian",
      "optimization"
    ]
  },
  {
    "href": "https://www.sciencedirect.com/science/article/pii/S0925443925000468",
    "id": "EHVjmryD5swJ",
    "childNodes": [
      "Decoding the cytokine code for heart failure based on bioinformatics, machine learning and",
      "Bayesian",
      "networks"
    ]
  },
  {
    "href": "https://link.springer.com/content/pdf/10.1007/978-981-19-4755-1.pdf",
    "id": "BkBu4de_iTUJ",
    "childNodes": [
      "Bayesian",
      "Statistical Modeling with Stan, R, and Python"
    ]
  },
  {
    "href": "https://ieeexplore.ieee.org/abstract/document/10692731/",
    "id": "_JZrullGNqIJ",
    "childNodes": [
      "Exploring WeTV Application with Naïve",
      "Bayes",
      ", Decision Tree, and Random Forest Classifiers for Sentiment Analysis"
    ]
  },
  {
    "href": "https://ieeexplore.ieee.org/abstract/document/8642370/",
    "id": "pb_nTqGRjOEJ",
    "childNodes": [
      "Inferring user intent using",
      "Bayesian",
      "theory of mind in shared avatar-agent virtual environments"
    ]
  },
  {
    "href": "https://dl.acm.org/doi/abs/10.1145/1499799.1499948",
    "id": "gQUpyrCESx4J",
    "childNodes": [
      "Subjective",
      "Bayesian",
      "methods for rule-based inference systems"
    ]
  },
  {
    "href": "https://ieeexplore.ieee.org/abstract/document/6248111/",
    "id": "6LDWD618tjEJ",
    "childNodes": [
      "Local naive",
      "bayes",
      "nearest neighbor for image classification"
    ]
  }
]