[
  {
    "href": "https://link.springer.com/chapter/10.1007/978-3-319-59650-1_24",
    "id": "UXZbF2MtpwkJ",
    "childNodes": [
      "rnpbst: An r package covering non-parametric and",
      "bayesian",
      "statistical tests"
    ]
  },
  {
    "href": "https://www.sciencedirect.com/science/article/pii/S0263224123015622",
    "id": "A6oAVPKfnoMJ",
    "childNodes": [
      "Scoring",
      "Bayesian",
      "Neural Networks for learning from inconsistent labels in surface defect segmentation"
    ]
  },
  {
    "href": "https://www.mdpi.com/1424-8220/23/4/2085",
    "id": "nVtqcJBtugYJ",
    "childNodes": [
      "Bayesian",
      "optimization with support vector machine model for parkinson disease classification"
    ]
  },
  {
    "href": "https://www.sciencedirect.com/science/article/pii/S1046202323000968",
    "id": "tqH6EjtscNQJ",
    "childNodes": [
      "A posterior probability based",
      "Bayesian",
      "method for single-cell RNA-seq data imputation"
    ]
  },
  {
    "href": "https://onlinelibrary.wiley.com/doi/abs/10.1002/adfm.202010853",
    "id": "v-hq3E8tUiIJ",
    "childNodes": [
      "Integrating",
      "bayesian",
      "inference with scanning probe experiments for robust identification of surface adsorbate configurations"
    ]
  },
  {
    "href": "https://journals.sagepub.com/doi/abs/10.1177/02783649221101417",
    "id": "9hpWOOobxskJ",
    "childNodes": [
      "Bayesian",
      "iterative closest point for mobile robot localization"
    ]
  },
  {
    "href": "https://link.springer.com/chapter/10.1007/3-540-31272-2_24",
    "id": "kKyzxzdq05AJ",
    "childNodes": [
      "Tensor field regularization using normalized convolution and markov random fields in a",
      "bayesian",
      "framework"
    ]
  },
  {
    "href": "https://www.ahajournals.org/doi/abs/10.1161/01.CIR.26.6.1312",
    "id": "mXob5gUj5ccJ",
    "childNodes": [
      "Use of",
      "Bayes",
      "' Theorem in Ophthalmodynamometry"
    ]
  },
  {
    "href": "https://www.sciencedirect.com/science/article/pii/S2046043023000667",
    "id": "ORDxFoiPqUQJ",
    "childNodes": [
      "Risk analysis of bridge maintenance accidents: A two-stage LEC method and",
      "Bayesian",
      "network approach"
    ]
  },
  {
    "href": "https://dl.acm.org/doi/abs/10.1145/3490953",
    "id": "3qTQHM5KgosJ",
    "childNodes": [
      "Applying",
      "Bayesian",
      "analysis guidelines to empirical software engineering data: The case of programming languages and code quality"
    ]
  }
]