[
  {
    "href": "http://iocscience.org/ejournal/index.php/mantik/article/view/2548",
    "id": "A1-S5bOe5XgJ",
    "childNodes": [
      "Product review sentiment analysis at online store jiniso official shop using Naive",
      "Bayes",
      "Classifier (NBC) method"
    ]
  },
  {
    "href": "https://link.springer.com/chapter/10.1007/978-3-319-68321-8_4",
    "id": "TDcfcefHk1sJ",
    "childNodes": [
      "An approach to sensitivity analysis of inference equations in algebraic",
      "bayesian",
      "networks"
    ]
  },
  {
    "href": "http://iocscience.org/ejournal/index.php/mantik/article/view/2397",
    "id": "BwHmnu8mouIJ",
    "childNodes": [
      "Sentiment analysis on shopee e-commerce using the naïve",
      "bayes",
      "classifier algorithm"
    ]
  },
  {
    "href": "https://www.sciencedirect.com/science/article/pii/016890029500274X",
    "id": "Zt-KdyzZHW0J",
    "childNodes": [
      "A multidimensional unfolding method based on",
      "Bayes",
      "' theorem"
    ]
  },
  {
    "href": "https://pubs.aip.org/aip/acp/article-abstract/2668/1/070017/2832170",
    "id": "yqMvhl7vZ5sJ",
    "childNodes": [
      "Sentiment analysis of SOCO by Sociolla e-commerce application review on Google Play Store site using naïve",
      "Bayes",
      "classifier method"
    ]
  },
  {
    "href": "https://projecteuclid.org/journals/annals-of-applied-statistics/volume-15/issue-4/Bayesian-multistudy-factor-analysis-for-high-throughput-biological-data/10.1214/21-AOAS1456.short",
    "id": "6tDkXWXg11wJ",
    "childNodes": [
      "Bayesian",
      "multistudy factor analysis for high-throughput biological data"
    ]
  },
  {
    "href": "https://ieeexplore.ieee.org/abstract/document/10061099/",
    "id": "ZXWF_GhhQ_sJ",
    "childNodes": [
      "Machine learning based plant disease identification by using hybrid naïve",
      "bayes",
      "with decision tree algorithm"
    ]
  },
  {
    "href": "https://www.ejournal.unma.ac.id/index.php/infotech/article/view/5322",
    "id": "rVsmEiTX5kQJ",
    "childNodes": [
      "Naive",
      "Bayes",
      "Dan Wordcloud Untuk Analisis Sentimen Wisata Halal Pulau Lombok"
    ]
  },
  {
    "href": "https://ejournal.seaninstitute.or.id/index.php/InfoSains/article/view/5107",
    "id": "K_dwVZZHqLMJ",
    "childNodes": [
      "Sentiment Analysis System Of Bali Tourism Using Naive",
      "Bayes",
      "Algorithm And Web Framework"
    ]
  },
  {
    "href": "https://cdn.aaai.org/KDD/1998/KDD98-015.pdf",
    "id": "ulhVpTnfm2IJ",
    "childNodes": [
      "Interpretable boosted naïve",
      "bayes",
      "classification."
    ]
  }
]