[
  {
    "href": "https://www.sciencedirect.com/science/article/pii/S0098299723000341",
    "id": "tq5G2AUj0TMJ",
    "childNodes": [
      "Cardiac Fibrosis in heart failure: Focus on non-invasive diagnosis and emerging therapeutic strategies"
    ]
  },
  {
    "href": "https://ieeexplore.ieee.org/abstract/document/9787911/",
    "id": "uZNwFWSHL5IJ",
    "childNodes": [
      "Detecting critical points in 2D scalar field ensembles using",
      "Bayesian",
      "inference"
    ]
  },
  {
    "href": "https://arxiv.org/abs/2404.15392",
    "id": "J_N_2EF6w0sJ",
    "childNodes": [
      "Na\\\" ive",
      "Bayes",
      "and Random Forest for Crop Yield Prediction"
    ]
  },
  {
    "href": "https://link.springer.com/content/pdf/10.1007/978-3-030-85040-1_50.pdf",
    "id": "XhAwwzn_4QwJ",
    "childNodes": [
      "Bayesian",
      "maximum entropy"
    ]
  },
  {
    "href": "https://www.mdpi.com/1422-0067/22/5/2316",
    "id": "csmQnOQzv0UJ",
    "childNodes": [
      "Dissecting response to cancer immunotherapy by applying",
      "bayesian",
      "network analysis to flow cytometry data"
    ]
  },
  {
    "href": "https://www.mdpi.com/2227-7102/9/2/158",
    "id": "4sQNB8u8wDEJ",
    "childNodes": [
      "Harnessing entropy via predictive analytics to optimize outcomes in the pedagogical system: An artificial intelligence-based",
      "Bayesian",
      "networks approach"
    ]
  },
  {
    "href": "https://proceedings.neurips.cc/paper/2019/hash/e205ee2a5de471a70c1fd1b46033a75f-Abstract.html",
    "id": "ilWBFHDW0rIJ",
    "childNodes": [
      "D-vae: A variational autoencoder for directed acyclic graphs"
    ]
  },
  {
    "href": "https://link.springer.com/chapter/10.1007/978-3-540-24586-5_83",
    "id": "LRbqp4-qOI8J",
    "childNodes": [
      "Generating three-dimensional neural cells based on",
      "bayes",
      "rules and interpolation with thin plate splines"
    ]
  },
  {
    "href": "https://gmd.copernicus.org/articles/14/3899/2021/gmd-14-3899-2021.html",
    "id": "_68EYhayQYQJ",
    "childNodes": [
      "Constraining stochastic 3-D structural geological models with topology information using approximate",
      "Bayesian",
      "computation in GemPy 2.1"
    ]
  },
  {
    "href": "https://opg.optica.org/abstract.cfm?uri=boe-11-10-5842",
    "id": "dTIoi7HtbUUJ",
    "childNodes": [
      "Live-SIMBA: an ImageJ plug-in for the universal and accelerated single molecule-guided",
      "Bayesian",
      "localization super resolution microscopy (SIMBA) method"
    ]
  }
]