[
  {
    "href": "https://link.springer.com/chapter/10.1007/978-94-011-4710-1_30",
    "id": "22z9soe68XEJ",
    "childNodes": [
      "Operation of the",
      "Bayes",
      "inference engine"
    ]
  },
  {
    "href": "https://ieeexplore.ieee.org/abstract/document/10435206/",
    "id": "1Umsy9zJFIEJ",
    "childNodes": [
      "A Nomogram Approach with Logistic Regression and Naïve",
      "Bayes",
      "to Identify Chronic Kidney Disease on Diabetes Type 2"
    ]
  },
  {
    "href": "https://www.mdpi.com/2072-4292/5/12/6667",
    "id": "w2a5OKsmvGEJ",
    "childNodes": [
      "Hierarchical",
      "Bayesian",
      "data analysis in radiometric SAR system calibration: A case study on transponder calibration with RADARSAT-2 data"
    ]
  },
  {
    "href": "https://ieeexplore.ieee.org/abstract/document/10722641/",
    "id": "iBlPnj-68FQJ",
    "childNodes": [
      "Disease-Free Survival Prediction in Recurrent Cervical Cancer using Naive",
      "Bayes",
      "Machine Learning Algorithm"
    ]
  },
  {
    "href": "https://scholar.archive.org/work/od7og5unlzfcramzdm7z6axmsy/access/wayback/http://www.ejge.com/2015/Ppr2015.0324ma.pdf",
    "id": "g325ndvwCpEJ",
    "childNodes": [
      "The prediction of the caving degree of coal seam roof based on the naive",
      "bayes",
      "classifier"
    ]
  },
  {
    "href": "https://ieeexplore.ieee.org/abstract/document/6514875/",
    "id": "7Oa35xk50mwJ",
    "childNodes": [
      "A spherical Gaussian framework for",
      "Bayesian",
      "Monte Carlo rendering of glossy surfaces"
    ]
  },
  {
    "href": "https://link.springer.com/article/10.1186/s12918-016-0339-3",
    "id": "vxlz1ZGBF2IJ",
    "childNodes": [
      "BCM: toolkit for",
      "Bayesian",
      "analysis of computational models using samplers"
    ]
  },
  {
    "href": "https://proceedings.neurips.cc/paper_files/paper/2023/hash/3f1a5e8bfcc3005724d246abe454c1e5-Abstract-Conference.html",
    "id": "IB5ZuKnugh8J",
    "childNodes": [
      "Efficient",
      "bayesian",
      "learning curve extrapolation using prior-data fitted networks"
    ]
  },
  {
    "href": "https://journals.physiology.org/doi/abs/10.1152/physiolgenomics.2000.4.2.127",
    "id": "VrNRKoI_pBYJ",
    "childNodes": [
      "Integrating naive",
      "Bayes",
      "models and external knowledge to examine copper and iron homeostasis in",
      "I"
    ]
  },
  {
    "href": "https://ieeexplore.ieee.org/abstract/document/10512986/",
    "id": "86NUM01O9UkJ",
    "childNodes": [
      "Clickbait Detection on Online News Headlines Using Naive",
      "Bayes",
      "and LSTM"
    ]
  }
]