[
  {
    "href": "https://link.springer.com/article/10.1007/s10618-016-0487-5",
    "id": "7PzUs2KU22AJ",
    "childNodes": [
      "Visualizing",
      "the behavior and some symmetry properties of",
      "Bayesian",
      "confirmation measures"
    ]
  },
  {
    "href": "https://ieeexplore.ieee.org/abstract/document/10677479/",
    "id": "vua17VJKRDYJ",
    "childNodes": [
      "Trust Your Gut: Comparing Human and Machine Inference from Noisy",
      "Visualizations"
    ]
  },
  {
    "href": "https://proceedings.mlr.press/v115/izmailov20a.html",
    "id": "NJc4EzuycfgJ",
    "childNodes": [
      "Subspace inference for",
      "Bayesian",
      "deep learning"
    ]
  },
  {
    "href": "https://epubs.siam.org/doi/abs/10.1137/130934805",
    "id": "PUdC4KYo-2gJ",
    "childNodes": [
      "A computational framework for infinite-dimensional",
      "Bayesian",
      "inverse problems, Part II: Stochastic Newton MCMC with application to ice sheet flow inverse problems"
    ]
  },
  {
    "href": "https://www.sciencedirect.com/science/article/pii/S1874391923000842",
    "id": "xfPvba6-zDEJ",
    "childNodes": [
      "Using feature selection and",
      "Bayesian",
      "network identify cancer subtypes based on proteomic data"
    ]
  },
  {
    "href": "https://humanit.hb.se/article/view/579",
    "id": "NmVCZcw-TIoJ",
    "childNodes": [
      "Confusing the modern breakthrough: Naïve",
      "bayes",
      "classification of authors and works"
    ]
  },
  {
    "href": "https://psycnet.apa.org/record/2020-43606-001",
    "id": "43_RK9KpHv8J",
    "childNodes": [
      "Toward a principled",
      "Bayesian",
      "workflow in cognitive science."
    ]
  },
  {
    "href": "https://www.frontiersin.org/articles/10.3389/fpsyg.2018.01833/full",
    "id": "Dj3a3ZzRtBAJ",
    "childNodes": [
      "Why can only 24% solve",
      "Bayesian",
      "reasoning problems in natural frequencies: Frequency phobia in spite of probability blindness"
    ]
  },
  {
    "href": "https://www.sciencedirect.com/science/article/pii/S2352711022000243",
    "id": "IwUVT-xF32AJ",
    "childNodes": [
      "BOXVIA:",
      "Bayesian",
      "optimization executable and visualizable application"
    ]
  },
  {
    "href": "https://academic.oup.com/sysbio/article-abstract/61/3/539/1674894",
    "id": "CYCp8oFBfwIJ",
    "childNodes": [
      "MrBayes 3.2: efficient",
      "Bayesian",
      "phylogenetic inference and model choice across a large model space"
    ]
  }
]