[
  {
    "href": "https://royalsocietypublishing.org/doi/abs/10.1098/rsta.2022.0156",
    "id": "3xCBVoFLrdAJ",
    "childNodes": [
      "Being",
      "Bayesian",
      "in the 2020s: opportunities and challenges in the practice of modern applied",
      "Bayesian",
      "statistics"
    ]
  },
  {
    "href": "https://www.cell.com/heliyon/fulltext/S2405-8440(24)11079-1",
    "id": "YLQkxtDXC78J",
    "childNodes": [
      "A data-driven",
      "Bayesian",
      "network of management and organizational factors for human reliability analysis in the process industry"
    ]
  },
  {
    "href": "https://www.tandfonline.com/doi/abs/10.1080/00224065.2015.11918138",
    "id": "4YRnIZ3AtlsJ",
    "childNodes": [
      "Bayesian",
      "life test planning for log-location-scale family of distributions"
    ]
  },
  {
    "href": "http://openaccess.thecvf.com/content_ICCV_2019/html/Ma_Bayesian_Loss_for_Crowd_Count_Estimation_With_Point_Supervision_ICCV_2019_paper.html",
    "id": "V-lCw5Ge_j8J",
    "childNodes": [
      "Bayesian",
      "loss for crowd count estimation with point supervision"
    ]
  },
  {
    "href": "https://ofai.at/papers/oefai-tr-96-26.pdf",
    "id": "g22pN3xtP6kJ",
    "childNodes": [
      "Equivalent error bars for neural network classifiers trained by",
      "Bayesian",
      "inference."
    ]
  },
  {
    "href": "https://ojs.aaai.org/index.php/AAAI/article/view/9973",
    "id": "eAGw_euuRRwJ",
    "childNodes": [
      "VBPR: visual",
      "bayesian",
      "personalized ranking from implicit feedback"
    ]
  },
  {
    "href": "https://heinonline.org/hol-cgi-bin/get_pdf.cgi?handle=hein.journals/wujurisre7&section=5",
    "id": "pNGmAkODuCAJ",
    "childNodes": [
      "Visualizing",
      "Probabilistic Proof"
    ]
  },
  {
    "href": "https://advances.in/psychology/10.56296/aip00010/",
    "id": "cfFw9ix2UyYJ",
    "childNodes": [
      "Simplifying",
      "Bayesian",
      "analysis of graphical models for the social sciences with easybgm: A user-friendly R-package"
    ]
  },
  {
    "href": "https://onlinelibrary.wiley.com/doi/abs/10.1111/cgf.13444",
    "id": "BbQmFJyQB4YJ",
    "childNodes": [
      "Information",
      "visualization",
      "evaluation using crowdsourcing"
    ]
  },
  {
    "href": "https://www.sciencedirect.com/science/article/pii/S2214860420305686",
    "id": "V4mvts94QfUJ",
    "childNodes": [
      "In-situ X-ray tomography analysis of the evolution of pores during deformation of a Cu-Sn alloy fabricated by selective laser melting"
    ]
  }
]