[
  {
    "href": "https://journal.lenterailmu.com/index.php/jafotik/article/view/18",
    "id": "GW4XFrC7OSIJ",
    "childNodes": [
      "Naive",
      "Bayes",
      "-based",
      "Visualization",
      "of Disease-related Data in Muara Telang Public Health Centers"
    ]
  },
  {
    "href": "https://arxiv.org/abs/2406.14786",
    "id": "7HA2b3RgejcJ",
    "childNodes": [
      "Graph structure learning with interpretable",
      "Bayesian",
      "neural networks"
    ]
  },
  {
    "href": "https://www.jstatsoft.org/article/view/v089i03",
    "id": "2QjwGkjBXIAJ",
    "childNodes": [
      "BDgraph: An R package for",
      "Bayesian",
      "structure learning in graphical models"
    ]
  },
  {
    "href": "https://iase-web.org/icots/10/proceedings/pdfs/ICOTS10_6B1.pdf",
    "id": "LyFmCPvBQBgJ",
    "childNodes": [
      "Categorizing errors in",
      "Bayesian",
      "situations"
    ]
  },
  {
    "href": "https://www.nature.com/articles/nmeth.1650/1000",
    "id": "3ydgTHX9-DkJ",
    "childNodes": [
      "Bayesian",
      "community-wide culture-independent microbial source tracking"
    ]
  },
  {
    "href": "https://academic.oup.com/nar/article-abstract/35/suppl_2/W506/2923796",
    "id": "WQdFgoXvVBsJ",
    "childNodes": [
      "Selecton 2007: advanced models for detecting positive and purifying selection using a",
      "Bayesian",
      "inference approach"
    ]
  },
  {
    "href": "https://www.taylorfrancis.com/books/mono/10.1201/9781003019169/bayesian-modeling-computation-python-osvaldo-martin-ravin-kumar-junpeng-lao",
    "id": "5nsQGNoqKbgJ",
    "childNodes": [
      "Bayesian",
      "modeling and computation in Python"
    ]
  },
  {
    "href": "https://jurnal.yoctobrain.org/index.php/ijodas/article/view/76",
    "id": "1Kvix8Jga4UJ",
    "childNodes": [
      "Comparison Analysis of Classification Model Performance in Lung Cancer Prediction Using Decision Tree, Naive",
      "Bayes",
      ", and Support Vector Machine"
    ]
  },
  {
    "href": "https://analyticalsciencejournals.onlinelibrary.wiley.com/doi/abs/10.1002/bit.28216",
    "id": "T-7AwxOQhscJ",
    "childNodes": [
      "Maximizing mRNA vaccine production with",
      "Bayesian",
      "optimization"
    ]
  },
  {
    "href": "https://waseda.elsevierpure.com/en/publications/a-bayes-optimal-predicting-method-of-bayesian-network-with-visual",
    "id": "1U3msj3Tom8J",
    "childNodes": [
      "A",
      "Bayes",
      "optimal predicting method of",
      "Bayesian",
      "network with",
      "visualization",
      "of causal relationship"
    ]
  }
]