[
  {
    "href": "https://www.sciencedirect.com/science/article/pii/S0924224419304170",
    "id": "TA46POYWxqAJ",
    "childNodes": [
      "On the pros and cons of",
      "Bayesian",
      "kinetic modeling in food science"
    ]
  },
  {
    "href": "https://proceedings.mlr.press/v202/shi23i.html",
    "id": "R0pR3aaS6YwJ",
    "childNodes": [
      "On the complexity of",
      "bayesian",
      "generalization"
    ]
  },
  {
    "href": "https://link.springer.com/article/10.1007/s11886-022-01780-8",
    "id": "tSEbgd9Ty-wJ",
    "childNodes": [
      "Three-dimensional echocardiography for tricuspid valve assessment"
    ]
  },
  {
    "href": "https://tobias-lib.ub.uni-tuebingen.de/xmlui/bitstream/handle/10900/60729/41_Lazar_et_al_CAA_2002.pdf?sequence=2&isAllowed=y",
    "id": "CmvOKFCX-6UJ",
    "childNodes": [
      "Movies for the",
      "Visualization",
      "of Output from a",
      "Bayesian",
      "Analysis of Corbelled Domes"
    ]
  },
  {
    "href": "https://citeseerx.ist.psu.edu/document?repid=rep1&type=pdf&doi=561501ad1bdd7506f726222a0ca80a7fab588150",
    "id": "6eU0KKR3NvYJ",
    "childNodes": [
      "… Package (Version 1.0)–A PNL Package for the Calculation and",
      "Visualization",
      "of Entropy, Link Strengths and Connection Strengths in Discrete",
      "Bayesian",
      "…"
    ]
  },
  {
    "href": "https://mlpp.pressbooks.pub/littlemorelogical/chapter/the-logic-of-probability-the-many-applications-of-bayes-theorem/",
    "id": "eK98c7DwskQJ",
    "childNodes": [
      "The Logic of Probability: The Many Applications of",
      "Bayes",
      "Theorem"
    ]
  },
  {
    "href": "https://www.frontiersin.org/10.3389/conf.fnins.2010.13.00037/event_abstract",
    "id": "qU4kRqKBAekJ",
    "childNodes": [
      "A",
      "Bayesian",
      "parameter estimation and model selection tool for molecular cascades: LetItB (Let It found by",
      "Bayes",
      ")"
    ]
  },
  {
    "href": "https://ieeexplore.ieee.org/abstract/document/8031590/",
    "id": "pmjn0wqoKCMJ",
    "childNodes": [
      "Statistical",
      "visualization",
      "and analysis of large data using a value-based spatial distribution"
    ]
  },
  {
    "href": "https://www.ncbi.nlm.nih.gov/pmc/articles/PMC5869013/",
    "id": "caRouDzb4sMJ",
    "childNodes": [
      "Revealing neurocomputational mechanisms of reinforcement learning and decision-making with the hBayesDM package"
    ]
  },
  {
    "href": "https://bpspsychub.onlinelibrary.wiley.com/doi/abs/10.1111/bmsp.12267",
    "id": "UiMbExGoXzQJ",
    "childNodes": [
      "The evidence interval and the",
      "Bayesian",
      "evidence value: On a unified theory for",
      "Bayesian",
      "hypothesis testing and interval estimation"
    ]
  }
]