[
  {
    "href": "https://link.springer.com/article/10.1007/s00521-021-06528-z",
    "id": "Rv_uIqtknGcJ",
    "childNodes": [
      "Counterfactual explanation of",
      "Bayesian",
      "model uncertainty"
    ]
  },
  {
    "href": "https://www.sciencedirect.com/science/article/pii/S240563081830048X",
    "id": "ljc0sciScZ4J",
    "childNodes": [
      "… in human papilloma virus positive tumors of the oropharynx treated with radiotherapy (MR-ADAPTOR): an R-IDEAL stage 2a-2b/",
      "Bayesian",
      "phase II trial"
    ]
  },
  {
    "href": "https://www.jove.com/t/58934/simultaneous-electrical-mechanical-stimulation-to-enhance-cells",
    "id": "nCGIQIRZ0T4J",
    "childNodes": [
      "Simultaneous electrical and mechanical stimulation to enhance Cells' Cardiomyogenic potential"
    ]
  },
  {
    "href": "https://arxiv.org/abs/2303.09519",
    "id": "qKNNq8X56AUJ",
    "childNodes": [
      "PyVBMC: Efficient",
      "Bayesian",
      "inference in python"
    ]
  },
  {
    "href": "https://onlinelibrary.wiley.com/doi/abs/10.1155/2022/4257865",
    "id": "0tts8pBXy3wJ",
    "childNodes": [
      "Predicting Freeway Traffic Crash Severity Using XGBoost‐",
      "Bayesian",
      "Network Model with Consideration of Features Interaction"
    ]
  },
  {
    "href": "https://link.springer.com/article/10.1007/s10649-023-10274-5",
    "id": "oWNyY0qQO3MJ",
    "childNodes": [
      "Covariational reasoning in",
      "Bayesian",
      "situations"
    ]
  },
  {
    "href": "https://digibug.ugr.es/handle/10481/55038",
    "id": "Z8DMmLvIH_UJ",
    "childNodes": [
      "From research on",
      "Bayesian",
      "reasoning to classroom intervention"
    ]
  },
  {
    "href": "https://link.springer.com/article/10.3758/s13423-020-01798-5",
    "id": "DbxTDGM9fzYJ",
    "childNodes": [
      "The JASP guidelines for conducting and reporting a",
      "Bayesian",
      "analysis"
    ]
  },
  {
    "href": "http://jlc.jst.go.jp/DN/JALC/00349805380?from=Google",
    "id": "cNMMVKznEqYJ",
    "childNodes": [
      "Bayesian",
      "classification of cytochrome P450 3A4 substrates/non-substrates and color mapping for chemical interpretation"
    ]
  },
  {
    "href": "https://link.springer.com/article/10.1007/s44196-021-00060-7",
    "id": "1DTNuG0N0oQJ",
    "childNodes": [
      "Self-organizing maps and",
      "Bayesian",
      "regularized neural network for analyzing gasoline and diesel price drifts"
    ]
  }
]