[
  {
    "href": "https://ieeexplore.ieee.org/abstract/document/8289377/",
    "id": "mQTEOXIEHLgJ",
    "childNodes": [
      "Knowledge-aided",
      "Bayesian",
      "space-time adaptive processing"
    ]
  },
  {
    "href": "https://www.frontiersin.org/articles/10.3389/fonc.2022.833265/full",
    "id": "bUtxikikoPYJ",
    "childNodes": [
      "Small area disease mapping of cancer incidence in British Columbia using",
      "Bayesian",
      "spatial models and the smallareamapp R Package"
    ]
  },
  {
    "href": "https://journals.sagepub.com/doi/abs/10.3141/2024-08",
    "id": "OBga9rzeHeYJ",
    "childNodes": [
      "Bayesian",
      "approach based on geographic information system to identify hazardous roadway segments for traffic crashes"
    ]
  },
  {
    "href": "https://www.sciencedirect.com/science/article/pii/S0165168408002120",
    "id": "okgOJVAGvIQJ",
    "childNodes": [
      "Fast and accurate sequential floating forward feature selection with the",
      "Bayes",
      "classifier applied to speech emotion recognition"
    ]
  },
  {
    "href": "https://citeseerx.ist.psu.edu/document?repid=rep1&type=pdf&doi=ec67e243689b6a3c2c73018c03c6f1fde522f8ff",
    "id": "2bFxAq_ksp8J",
    "childNodes": [
      "Bayes",
      "point machines: Estimating the",
      "bayes",
      "point in kernel space"
    ]
  },
  {
    "href": "https://www.cell.com/immunity/fulltext/S1074-7613(24)00031-1?dgcid=raven_jbs_aip_email",
    "id": "rIgqBTWzzQsJ",
    "childNodes": [
      "An atlas of cells in the human tonsil"
    ]
  },
  {
    "href": "https://onlinelibrary.wiley.com/doi/abs/10.1002/sta4.324",
    "id": "Y6BIG1Xo8TEJ",
    "childNodes": [
      "Bayesian",
      "group learning for shot selection of professional basketball players"
    ]
  },
  {
    "href": "https://link.springer.com/article/10.1186/1471-2105-10-122",
    "id": "-KHKKZBXuy8J",
    "childNodes": [
      "Granger causality vs. dynamic",
      "Bayesian",
      "network inference: a comparative study"
    ]
  },
  {
    "href": "https://www.nature.com/articles/s41598-023-29340-2",
    "id": "hxErUkYL6IkJ",
    "childNodes": [
      "Bayesian",
      "estimation reveals that reproducible models in Systems Biology get more citations"
    ]
  },
  {
    "href": "https://www.researchgate.net/profile/Ana-Martins-23/post/Hello_i_am_a_young_scientist_interested_in_disease_modelling_Using_r_n_winbugs/attachment/61687835d248c650edab052b/AS%3A1078880102293504%401634236469168/download/tutorials_manual.pdf",
    "id": "owNoRe7ry0QJ",
    "childNodes": [
      "Software for",
      "Bayesian",
      "Inference in Structured Additive Regression Models"
    ]
  }
]