[
  {
    "href": "https://opg.optica.org/abstract.cfm?uri=col-13-7-070301",
    "id": "20fVZe59ka8J",
    "childNodes": [
      "Three-dimensional color photon counting microscopy using",
      "Bayesian",
      "estimation with adaptive priori information"
    ]
  },
  {
    "href": "https://www.sciencedirect.com/science/article/pii/S0022354916417764",
    "id": "xQiWvKq4K40J",
    "childNodes": [
      "Use of",
      "Bayesian",
      "Methods to Analyze and",
      "Visualize",
      "Content Uniformity Capability Versus United States Pharmacopeia and ASTM Standards"
    ]
  },
  {
    "href": "https://www.pnas.org/doi/abs/10.1073/pnas.1620425114",
    "id": "Y3Eb0EvJh7oJ",
    "childNodes": [
      "Analysis of high-resolution 3D intrachromosomal interactions aided by",
      "Bayesian",
      "network modeling"
    ]
  },
  {
    "href": "https://www.sciencedirect.com/science/article/pii/S1364815215001334",
    "id": "k_gtsHYgksIJ",
    "childNodes": [
      "A GIS plug-in for",
      "Bayesian",
      "belief networks: towards a transparent software framework to assess and visualise uncertainties in ecosystem service mapping"
    ]
  },
  {
    "href": "https://books.google.com/books?hl=en&lr=&id=1Z2BDwAAQBAJ&oi=fnd&pg=PP1&dq=bayes+visualization&ots=KjCvpAhmuR&sig=Q9ygP-rfIEj-zVvwgy7GMwwbBn0",
    "id": "wpTDj3DYBkcJ",
    "childNodes": [
      "Bayesian",
      "Analysis with Python: Introduction to statistical modeling and probabilistic programming using PyMC3 and ArviZ"
    ]
  },
  {
    "href": "https://www.mdpi.com/2072-4292/16/13/2405",
    "id": "WHB15qmZi1IJ",
    "childNodes": [
      "Bayes",
      "R-CNN: An Uncertainty-Aware",
      "Bayesian",
      "Approach to Object Detection in Remote Sensing Imagery for Enhanced Scene Interpretation"
    ]
  },
  {
    "href": "https://littlefreedigitallibrary.com/media/book/Bayes-Theorem-A-Visual-Introduction.pdf",
    "id": "kLXMp_OHAx4J",
    "childNodes": [
      "Bayes",
      "' Theorem: A Visual Introduction for Beginners"
    ]
  },
  {
    "href": "https://psycnet.apa.org/record/2014-21247-001",
    "id": "vVBY1x-X-h4J",
    "childNodes": [
      "Bayesian",
      "tests to quantify the result of a replication attempt."
    ]
  },
  {
    "href": "https://library.seg.org/doi/abs/10.1190/INT-2015-0188.1",
    "id": "EhZ8HlvlpR8J",
    "childNodes": [
      "Structural geologic modeling as an inference problem: A",
      "Bayesian",
      "perspective"
    ]
  },
  {
    "href": "https://www.sciencedirect.com/science/article/pii/S0968090X12001544",
    "id": "xTJ47LgpWdIJ",
    "childNodes": [
      "Black spots identification through a",
      "Bayesian",
      "Networks quantification of accident risk index"
    ]
  }
]