[
  {
    "href": "https://pubs.aip.org/aip/acp/article-abstract/2799/1/020113/3283494",
    "id": "dawVLh4k3oUJ",
    "childNodes": [
      "Sentiment analysis and",
      "visualization",
      "of reviews for healthcare service providers using naïve",
      "bayes"
    ]
  },
  {
    "href": "https://www.nature.com/articles/hdy200929",
    "id": "PZAwS1Xd9lEJ",
    "childNodes": [
      "An agglomerative hierarchical approach to",
      "visualization",
      "in",
      "Bayesian",
      "clustering problems"
    ]
  },
  {
    "href": "https://ieeexplore.ieee.org/abstract/document/7756929/",
    "id": "ltlUOdHfSo4J",
    "childNodes": [
      "Bayesian",
      "network for predicting students' final grade using e-book logs in university education"
    ]
  },
  {
    "href": "https://cdn.aaai.org/KDD/1998/KDD98-043.pdf",
    "id": "zJzT6j_TpJMJ",
    "childNodes": [
      "Targeting Business Users with Decision Table Classifiers."
    ]
  },
  {
    "href": "https://www.sciencedirect.com/science/article/pii/S2352711022001972",
    "id": "58y95hXXegEJ",
    "childNodes": [
      "PyBanshee version (1.0): A Python implementation of the MATLAB toolbox BANSHEE for Non-Parametric",
      "Bayesian",
      "Networks with updated features"
    ]
  },
  {
    "href": "https://www.nature.com/articles/s41562-019-0807-z",
    "id": "rYTmPfMZUJwJ",
    "childNodes": [
      "Discussion points for",
      "Bayesian",
      "inference"
    ]
  },
  {
    "href": "https://www.researchgate.net/profile/Pedro-Rodrigues-48/publication/236007639_Learning_from_Medical_Data_Streams/links/54e283eb0cf2c3e7d2d3a5e3/Learning-from-Medical-Data-Streams.pdf#page=23",
    "id": "P5uyHpKAY8YJ",
    "childNodes": [
      "Improving clinical record",
      "visualization",
      "recommendations with",
      "bayesian",
      "stream learning"
    ]
  },
  {
    "href": "https://link.springer.com/chapter/10.1007/978-94-011-5430-7_15",
    "id": "CEZrkmSJnUIJ",
    "childNodes": [
      "The",
      "Bayes",
      "inference engine"
    ]
  },
  {
    "href": "https://ieeexplore.ieee.org/abstract/document/9224186/",
    "id": "fRC28j8c2T8J",
    "childNodes": [
      "Competing models: Inferring exploration patterns and information relevance via",
      "bayesian",
      "model selection"
    ]
  },
  {
    "href": "https://www.frontiersin.org/articles/10.3389/fonc.2021.707023/full",
    "id": "PXJuEOZFicYJ",
    "childNodes": [
      "Effects of new",
      "Bayesian",
      "penalized likelihood reconstruction algorithm on",
      "visualization",
      "and quantification of upper abdominal malignant tumors in clinical FDG PET/CT …"
    ]
  }
]