[
  {
    "href": "https://www.sciencedirect.com/science/article/pii/S0957417409010860",
    "id": "5206G0QZpxsJ",
    "childNodes": [
      "ConaMSN: A context-aware messenger using dynamic",
      "Bayesian",
      "networks with wearable sensors"
    ]
  },
  {
    "href": "https://www.mdpi.com/1424-8220/24/23/7511",
    "id": "fI37ntmObAkJ",
    "childNodes": [
      "BSDA:",
      "Bayesian",
      "Random Semantic Data Augmentation for Medical Image Classification"
    ]
  },
  {
    "href": "https://arxiv.org/abs/1605.06170",
    "id": "g6EZRGYH74QJ",
    "childNodes": [
      "Evaluation system for a",
      "bayesian",
      "optimization service"
    ]
  },
  {
    "href": "https://pubs.aip.org/aip/acp/article-abstract/2680/1/020087/2928491",
    "id": "j2nUIfSu7AsJ",
    "childNodes": [
      "Sentiment analysis on the classification of Kereta Commuter Indonesia passenger opinions through Twitter using the naive",
      "bayes",
      "method"
    ]
  },
  {
    "href": "https://content.iospress.com/articles/integrated-computer-aided-engineering/ica190612",
    "id": "8425hMbUAdIJ",
    "childNodes": [
      "A domain-specific modeling approach supporting tool-chain development with",
      "Bayesian",
      "network models"
    ]
  },
  {
    "href": "https://journalinstal.cattleyadf.org/index.php/Instal/article/view/240",
    "id": "LPKq6KYvO28J",
    "childNodes": [
      "Sentiment Analysis of Platform X Users on Starlink Using Naive",
      "Bayes"
    ]
  },
  {
    "href": "https://dash.harvard.edu/handle/1/33840728",
    "id": "ah8zPQO1PzoJ",
    "childNodes": [
      "Building interpretable models: From",
      "Bayesian",
      "networks to neural networks"
    ]
  },
  {
    "href": "https://ieeexplore.ieee.org/abstract/document/10397601/",
    "id": "lZuR48oTz8cJ",
    "childNodes": [
      "Performance Analysis of Variants of Naïve",
      "Bayes",
      "Classifier to Identify Classes of Flowers Using Iris Recognition System"
    ]
  },
  {
    "href": "https://ieeexplore.ieee.org/abstract/document/7571912/",
    "id": "pYu0Rl5OFmwJ",
    "childNodes": [
      "Sentiment analysis system for Indonesia online retail shop review using hierarchy Naive",
      "Bayes",
      "technique"
    ]
  },
  {
    "href": "https://ieeexplore.ieee.org/abstract/document/10316844/",
    "id": "DlBaPwrBAb4J",
    "childNodes": [
      "Photon-counting integral imaging using",
      "Bayesian",
      "estimation with depth camera information"
    ]
  }
]