[
  {
    "href": "https://www.sciencedirect.com/science/article/pii/S0042682219302764",
    "id": "RfT9MtOJfaAJ",
    "childNodes": [
      "Inferring host roles in",
      "bayesian",
      "phylodynamics of global avian influenza A virus H9N2"
    ]
  },
  {
    "href": "https://proceedings.mlr.press/v139/neiswanger21a.html",
    "id": "qfGMOTQcDZQJ",
    "childNodes": [
      "Bayesian",
      "algorithm execution: Estimating computable properties of black-box functions using mutual information"
    ]
  },
  {
    "href": "https://dl.acm.org/doi/abs/10.1145/1029208.1029224",
    "id": "xLPXpNsr8F4J",
    "childNodes": [
      "Combining a",
      "bayesian",
      "classifier with visualisation: Understanding the IDS"
    ]
  },
  {
    "href": "https://pubs.acs.org/doi/abs/10.1021/acs.chemrestox.5b00145",
    "id": "3ih-O-aRqGkJ",
    "childNodes": [
      "Bayesian",
      "network inference enables unbiased phenotypic anchoring of transcriptomic responses to cigarette smoke in humans"
    ]
  },
  {
    "href": "https://ieeexplore.ieee.org/abstract/document/7050351/",
    "id": "mNkQy-A-5gEJ",
    "childNodes": [
      "Bayesian",
      "fusion of multi-band images"
    ]
  },
  {
    "href": "https://educationaldatamining.org/EDM2013/papers/rn_paper_08.pdf",
    "id": "abR-DlH2aiwJ",
    "childNodes": [
      "Optimal and worst-case performance of mastery learning assessment with",
      "bayesian",
      "knowledge tracing"
    ]
  },
  {
    "href": "https://ieeexplore.ieee.org/abstract/document/10115932/",
    "id": "lb9iF-Q2_3MJ",
    "childNodes": [
      "Applying",
      "Bayesian",
      "Inference to Estimate Uncertainties in the Aerodynamic Database of CALLISTO"
    ]
  },
  {
    "href": "https://link.springer.com/chapter/10.1007/978-3-030-10997-4_35",
    "id": "SqIJaFGGMxkJ",
    "childNodes": [
      "Combining",
      "bayesian",
      "inference and clustering for transport mode detection from sparse and noisy geolocation data"
    ]
  },
  {
    "href": "https://journals.sagepub.com/doi/abs/10.1177/1087057105281365",
    "id": "I1bqT5AaigsJ",
    "childNodes": [
      "Using extended-connectivity fingerprints with Laplacian-modified",
      "Bayesian",
      "analysis in high-throughput screening follow-up"
    ]
  },
  {
    "href": "https://www.jidt.org/jidt/article/view/494",
    "id": "wnAybltPWUIJ",
    "childNodes": [
      "Application of Naive",
      "Bayes",
      "Classifier Method to Analyze Social Media User Sentiment Towards the Presidential Election Phase"
    ]
  }
]