[
  {
    "href": "https://academic.oup.com/sysbio/article-abstract/54/1/66/2842931",
    "id": "nGt6DHj3qCAJ",
    "childNodes": [
      "Visualizing",
      "conflicting evolutionary hypotheses in large collections of trees: using consensus networks to study the origins of placentals and hexapods"
    ]
  },
  {
    "href": "https://arxiv.org/abs/2002.02405",
    "id": "1bK5LCfaO5sJ",
    "childNodes": [
      "How good is the",
      "Bayes",
      "posterior in deep neural networks really?"
    ]
  },
  {
    "href": "https://www.infeb.org/index.php/infeb/article/view/728",
    "id": "Eoz7er2VN8YJ",
    "childNodes": [
      "Analysis of Airline Passenger Satisfaction Using Decision Tree and Naïve",
      "Bayes",
      "Algorithms"
    ]
  },
  {
    "href": "https://dl.acm.org/doi/abs/10.1145/2541831.2541839",
    "id": "DjbOHBe22asJ",
    "childNodes": [
      "User-centred design of a mobile self-management solution for Parkinson's disease"
    ]
  },
  {
    "href": "https://onlinelibrary.wiley.com/doi/abs/10.1002/mrm.27386",
    "id": "gx6mBa2NjDoJ",
    "childNodes": [
      "A",
      "Bayesian",
      "approach for 4D flow imaging of aortic valve in a single breath‐hold"
    ]
  },
  {
    "href": "https://www.sciencedirect.com/science/article/pii/S1877050919313353",
    "id": "59KMb7AKcG4J",
    "childNodes": [
      "String-based multinomial Naïve",
      "Bayes",
      "for emotion detection among Facebook diabetes community"
    ]
  },
  {
    "href": "https://content.iospress.com/articles/journal-of-economic-and-social-measurement/jem00350",
    "id": "lQ_rTcmqcrMJ",
    "childNodes": [
      "Bayesian",
      "model averaging in R"
    ]
  },
  {
    "href": "https://journal.genintelektual.id/index.php/coreid/article/view/14",
    "id": "YOX-1upBEswJ",
    "childNodes": [
      "Sentiment Analysis on Twitter Social Media Regarding Depression Disorder Using the Naive",
      "Bayes",
      "Method"
    ]
  },
  {
    "href": "https://ieeexplore.ieee.org/abstract/document/7347338/",
    "id": "gn8z1Em_7-sJ",
    "childNodes": [
      "Unsupervised profiling of microglial arbor morphologies and distribution using a nonparametric",
      "Bayesian",
      "approach"
    ]
  },
  {
    "href": "https://eltikom.poliban.ac.id/index.php/eltikom/article/view/1144",
    "id": "7CJ9APnM4VkJ",
    "childNodes": [
      "Analysis of Hybrid Learning Sentiment among Information Systems Students using The Naïve",
      "Bayes",
      "Classifier"
    ]
  }
]