[
  {
    "href": "https://arxiv.org/abs/2401.13334",
    "id": "x3j7ksd37-0J",
    "childNodes": [
      "Explainable",
      "bayesian",
      "optimization"
    ]
  },
  {
    "href": "https://ieeexplore.ieee.org/abstract/document/9274475/",
    "id": "oyqUXpEHA3cJ",
    "childNodes": [
      "Distributed variational",
      "bayes",
      "-based in-network security for the Internet of Things"
    ]
  },
  {
    "href": "https://proceedings.neurips.cc/paper_files/paper/2023/hash/9235c376df778f1aaf486a882afb7471-Abstract-Conference.html",
    "id": "Gui76Vv62eYJ",
    "childNodes": [
      "PAC-",
      "Bayes",
      "generalization certificates for learned inductive conformal prediction"
    ]
  },
  {
    "href": "http://openaccess.thecvf.com/content_CVPRW_2020/html/w20/Gustafsson_Evaluating_Scalable_Bayesian_Deep_Learning_Methods_for_Robust_Computer_Vision_CVPRW_2020_paper.html",
    "id": "3p18xLtmBr4J",
    "childNodes": [
      "Evaluating scalable",
      "bayesian",
      "deep learning methods for robust computer vision"
    ]
  },
  {
    "href": "https://www.sciencedirect.com/science/article/pii/S1361841523001494",
    "id": "fnCfds33RCMJ",
    "childNodes": [
      "BayeSeg:",
      "Bayesian",
      "modeling for medical image segmentation with interpretable generalizability"
    ]
  },
  {
    "href": "https://www.tandfonline.com/doi/abs/10.5661/bger-28-15",
    "id": "a1XVGjEHiuoJ",
    "childNodes": [
      "Assessing compositional variability through graphical analysis and",
      "Bayesian",
      "statistical approaches: case studies on transgenic crops"
    ]
  },
  {
    "href": "https://osf.io/preprints/psyarxiv/3b5hf/",
    "id": "DSdKar7ubysJ",
    "childNodes": [
      "Bggm: AR package for",
      "bayesian",
      "gaussian graphical models"
    ]
  },
  {
    "href": "https://yadda.icm.edu.pl/baztech/element/bwmeta1.element.baztech-e9fa3178-9140-4ca5-91d5-7c1c8aadc319",
    "id": "GnQ1uCzLwD0J",
    "childNodes": [
      "Probability mapping of petroleum occurrence with a multivariate-",
      "Bayesian",
      "approach for risk reduction in exploration, Nanpu Sag of Bohay Bay Basin, China"
    ]
  },
  {
    "href": "https://citeseerx.ist.psu.edu/document?repid=rep1&type=pdf&doi=ea0be51dc26eb5b763273e914f04eb79883b7a48",
    "id": "YdJPgXWa3CMJ",
    "childNodes": [
      "A computational approach to",
      "Bayesian",
      "inference"
    ]
  }
]