[
  {
    "href": "https://psycnet.apa.org/record/2023-44321-001",
    "id": "PEODBiKPivQJ",
    "childNodes": [
      "Bayesian",
      "mediation analysis in trauma research."
    ]
  },
  {
    "href": "http://openaccess.thecvf.com/content/CVPR2023/html/Jiang_Robust_Outlier_Rejection_for_3D_Registration_With_Variational_Bayes_CVPR_2023_paper.html",
    "id": "9eSV6W6nbiAJ",
    "childNodes": [
      "Robust outlier rejection for 3d registration with variational",
      "bayes"
    ]
  },
  {
    "href": "https://www.tandfonline.com/doi/abs/10.1080/21642850.2018.1428102",
    "id": "shGrnpeGMccJ",
    "childNodes": [
      "Bayesian",
      "evaluation of behavior change interventions: A brief introduction and a practical example"
    ]
  },
  {
    "href": "https://academic.oup.com/bioinformatics/article-abstract/34/13/i284/5045796",
    "id": "wCh6N0NkcuQJ",
    "childNodes": [
      "DLBI: deep learning guided",
      "Bayesian",
      "inference for structure reconstruction of super-resolution fluorescence microscopy"
    ]
  },
  {
    "href": "https://pubs.aip.org/aip/jap/article/132/1/014901/2837116",
    "id": "AT4SC2Nx5YIJ",
    "childNodes": [
      "Prediction of high-temperature polymer dielectrics using a",
      "Bayesian",
      "molecular design model"
    ]
  },
  {
    "href": "https://ieeexplore.ieee.org/abstract/document/8844831/",
    "id": "qtD392B1bGAJ",
    "childNodes": [
      "Bayesian",
      "deep learning-based probabilistic load forecasting in smart grids"
    ]
  },
  {
    "href": "http://www.cs.columbia.edu/~orb/papers/xai_survey_paper_2017.pdf",
    "id": "EgBUK9T20hMJ",
    "childNodes": [
      "Explanation and justification in machine learning: A survey"
    ]
  },
  {
    "href": "https://besjournals.onlinelibrary.wiley.com/doi/abs/10.1111/2041-210X.12679",
    "id": "wQ0fRm5S_wEJ",
    "childNodes": [
      "KBD",
      ":",
      "Bayesian",
      "inference for dynamical models of biological systems in",
      "SPAN"
    ]
  },
  {
    "href": "https://openaccess.thecvf.com/content/CVPR2024/html/Goli_Bayes_Rays_Uncertainty_Quantification_for_Neural_Radiance_Fields_CVPR_2024_paper.html",
    "id": "hRcGfvu5-doJ",
    "childNodes": [
      "Bayes",
      "' Rays: Uncertainty Quantification for Neural Radiance Fields"
    ]
  },
  {
    "href": "https://iopscience.iop.org/article/10.1088/1361-651X/ad89b3/meta",
    "id": "K0Ze5m_0Pt0J",
    "childNodes": [
      "Bayesian",
      "optimization of 7-component (AlVCrFeCoNiMo) single crystal alloy's compositional space to optimize elasto-plastic properties from molecular dynamics …"
    ]
  }
]