[
  {
    "href": "https://link.springer.com/article/10.1007/s10994-009-5144-4",
    "id": "_-DxpVdpt-QJ",
    "childNodes": [
      "A multivariate",
      "Bayesian",
      "scan statistic for early event detection and characterization"
    ]
  },
  {
    "href": "https://www.tandfonline.com/doi/abs/10.1080/01621459.2020.1753519",
    "id": "tp_BYFLh250J",
    "childNodes": [
      "Bayesian",
      "projected calibration of computer models"
    ]
  },
  {
    "href": "https://www.sciencedirect.com/science/article/pii/S1532046420300836",
    "id": "yFLHyJ9XSWsJ",
    "childNodes": [
      "A novel approach to modeling multifactorial diseases using Ensemble",
      "Bayesian",
      "Rule classifiers"
    ]
  },
  {
    "href": "https://www.jamris.org/index.php/JAMRIS/article/download/580/580",
    "id": "WzZ9_V21KSgJ",
    "childNodes": [
      "Cloud-Based Sentiment Analysis for Measuring Customer Satisfaction in the Moroccan Banking Sector Using Na? ve",
      "Bayes",
      "and Stanford NLP"
    ]
  },
  {
    "href": "https://proceedings.mlr.press/v139/izmailov21a.html",
    "id": "MQcPfufDP4kJ",
    "childNodes": [
      "What are",
      "Bayesian",
      "neural network posteriors really like?"
    ]
  },
  {
    "href": "https://onlinelibrary.wiley.com/doi/abs/10.1002/9781118998205.ch7",
    "id": "GN-vNW6G9pwJ",
    "childNodes": [
      "The “Geometry” of Naïve",
      "Bayes",
      ": Teaching Probabilities by “Drawing” Them"
    ]
  },
  {
    "href": "https://ieeexplore.ieee.org/abstract/document/10425015/",
    "id": "65eUDAH10mIJ",
    "childNodes": [
      "Hypothesis Testing of Gaussian Naïve",
      "Bayes",
      "Classifier for Liver Disease Classification"
    ]
  },
  {
    "href": "https://ieeexplore.ieee.org/abstract/document/8741963/",
    "id": "UjxF-A4ewccJ",
    "childNodes": [
      "Satellite battery fault detection using Naïve",
      "Bayesian",
      "classifier"
    ]
  },
  {
    "href": "https://www.cell.com/neuron/fulltext/S0896-6273(19)30427-1",
    "id": "wsXiIzcmUdkJ",
    "childNodes": [
      "SynGO: an evidence-based, expert-curated knowledge base for the synapse"
    ]
  }
]