[
  {
    "href": "https://ieeexplore.ieee.org/abstract/document/7513929/",
    "id": "0y4IYJyw_v4J",
    "childNodes": [
      "Bayesian",
      "Network representation of meaningful patterns in electricity distribution grids"
    ]
  },
  {
    "href": "https://openresearchsoftware.metajnl.com/en-US/articles/10.5334/jors.290",
    "id": "f5NggpWykjEJ",
    "childNodes": [
      "bayest: An R Package for effect-size targeted",
      "Bayesian",
      "two-sample t-tests"
    ]
  },
  {
    "href": "https://arxiv.org/abs/2408.02603",
    "id": "skCYBsZqcMIJ",
    "childNodes": [
      "A four-step",
      "Bayesian",
      "workflow for improving ecological science"
    ]
  },
  {
    "href": "https://genome.cshlp.org/content/31/10/1913.short",
    "id": "XoX-bwDuZ1MJ",
    "childNodes": [
      "A single-cell tumor immune atlas for precision oncology"
    ]
  },
  {
    "href": "https://www.sciencedirect.com/science/article/pii/S003132039900179X",
    "id": "ZVTSlJT6MTgJ",
    "childNodes": [
      "Bayesian",
      "face recognition"
    ]
  },
  {
    "href": "https://www.biorxiv.org/content/10.1101/292037.abstract",
    "id": "zeqfXm62RiAJ",
    "childNodes": [
      "Bayesian",
      "inference for a generative model of transcriptome profiles from single-cell RNA sequencing"
    ]
  },
  {
    "href": "https://journals.plos.org/ploscompbiol/article?id=10.1371/journal.pcbi.1003537",
    "id": "yFblehoToyIJ",
    "childNodes": [
      "BEAST 2: a software platform for",
      "Bayesian",
      "evolutionary analysis"
    ]
  },
  {
    "href": "https://ieeexplore.ieee.org/abstract/document/7080688/",
    "id": "eMuF8x2r_jAJ",
    "childNodes": [
      "Bayesian",
      "feature selection applied in a P300 brain-computer interface"
    ]
  },
  {
    "href": "https://royalsocietypublishing.org/doi/abs/10.1098/rspa.2023.0506",
    "id": "zrQeuP7SO-gJ",
    "childNodes": [
      "Bayesian",
      "autoencoders for data-driven discovery of coordinates, governing equations and fundamental constants"
    ]
  },
  {
    "href": "https://biomisa.org/wp-content/uploads/2019/10/Lect-7-DM.pdf",
    "id": "9ZMzwW5BeSQJ",
    "childNodes": [
      "Naive",
      "bayes",
      "classifier"
    ]
  }
]