[
  {
    "href": "https://journals.plos.org/ploscompbiol/article?id=10.1371/journal.pcbi.1000520",
    "id": "Mf0-A4wVqlgJ",
    "childNodes": [
      "Bayesian",
      "phylogeography finds its roots"
    ]
  },
  {
    "href": "https://research.aalto.fi/files/171943781/10.21105.joss.01143.pdf",
    "id": "xuGCipIbRvEJ",
    "childNodes": [
      "ArviZ a unified library for exploratory analysis of",
      "Bayesian",
      "models in Python"
    ]
  },
  {
    "href": "https://www.frontiersin.org/articles/10.3389/fpubh.2022.1046296/full",
    "id": "bOhH-UYWYngJ",
    "childNodes": [
      "COVID-19 classification using chest X-ray images based on fusion-assisted deep",
      "Bayesian",
      "optimization and Grad-CAM",
      "visualization"
    ]
  },
  {
    "href": "https://content.iospress.com/articles/international-journal-of-artificial-intelligence-in-education/jai14-2-01",
    "id": "Ova8ln0NRjUJ",
    "childNodes": [
      "Interacting with inspectable",
      "Bayesian",
      "student models"
    ]
  },
  {
    "href": "https://aiem.es/article/view/3934",
    "id": "QrORCRpyTPgJ",
    "childNodes": [
      "The impact of",
      "visualization",
      "on flexible",
      "Bayesian",
      "reasoning"
    ]
  },
  {
    "href": "https://www.sciencedirect.com/science/article/pii/S1746809423006729",
    "id": "Q4nwV18cYV8J",
    "childNodes": [
      "Bayesian",
      "optimized GoogLeNet based respiratory signal prediction model from empirically decomposed gammatone",
      "visualization"
    ]
  },
  {
    "href": "https://www.sciencedirect.com/science/article/pii/S2352711022001637",
    "id": "Z_3d2Ps9I2AJ",
    "childNodes": [
      "The bayesvl package: An R package for implementing and",
      "visualizing Bayesian",
      "statistics"
    ]
  },
  {
    "href": "https://www.mdpi.com/2075-1680/11/12/674",
    "id": "XnWJmZdgVwEJ",
    "childNodes": [
      "Text Data Analysis Using Generalized Linear Mixed Model and",
      "Bayesian Visualization"
    ]
  },
  {
    "href": "https://onlinelibrary.wiley.com/doi/abs/10.1002/sim.3881",
    "id": "BHe6mK-akKsJ",
    "childNodes": [
      "Fast",
      "Bayesian",
      "scan statistics for multivariate event detection and",
      "visualization"
    ]
  },
  {
    "href": "https://journals.sagepub.com/doi/abs/10.1177/2515245920972624",
    "id": "Ca2b1JGiB4sJ",
    "childNodes": [
      "Simulation studies as a tool to understand",
      "Bayes",
      "factors"
    ]
  }
]