[
  {
    "href": "https://link.springer.com/article/10.1186/s40537-024-00958-x",
    "id": "pvC-qC0URVwJ",
    "childNodes": [
      "Unlocking the potential of Naive",
      "Bayes",
      "for spatio temporal classification: a novel approach to feature expansion"
    ]
  },
  {
    "href": "https://ieeexplore.ieee.org/abstract/document/9070468/",
    "id": "uZX24Tdq6GgJ",
    "childNodes": [
      "Visual imputation analytics for missing time-series data in",
      "bayesian",
      "network"
    ]
  },
  {
    "href": "https://onlinelibrary.wiley.com/doi/abs/10.1155/2013/264246",
    "id": "1bivsgaXQv8J",
    "childNodes": [
      "Evaluation of the diagnostic power of thermography in breast cancer using",
      "bayesian",
      "network classifiers"
    ]
  },
  {
    "href": "https://www.frontiersin.org/articles/10.3389/fpsyg.2019.00632/full",
    "id": "wCcQl7loa5IJ",
    "childNodes": [
      "An eye-tracking study of statistical reasoning with tree diagrams and 2× 2 tables"
    ]
  },
  {
    "href": "https://www.tandfonline.com/doi/abs/10.1080/00273171.2019.1642729",
    "id": "mS1miX8bQdkJ",
    "childNodes": [
      "Empirical",
      "Bayes",
      "derivative estimates"
    ]
  },
  {
    "href": "https://www.sciencedirect.com/science/article/pii/S1568494623009407",
    "id": "IFrxgfUQurwJ",
    "childNodes": [
      "Bayesian",
      "-based uncertainty-aware tool-wear prediction model in end-milling process of titanium alloy"
    ]
  },
  {
    "href": "https://www.tandfonline.com/doi/abs/10.1080/10618600.2020.1754226",
    "id": "5rGhp9hAhkwJ",
    "childNodes": [
      "Massive parallelization boosts big",
      "Bayesian",
      "multidimensional scaling"
    ]
  },
  {
    "href": "https://ieeexplore.ieee.org/abstract/document/9585450/",
    "id": "alTjtwsMZjYJ",
    "childNodes": [
      "Explanation and use of uncertainty quantified by",
      "Bayesian",
      "neural network classifiers for breast histopathology images"
    ]
  },
  {
    "href": "https://jtec.utem.edu.my/jtec/article/view/4335",
    "id": "j4zmDBM6W9AJ",
    "childNodes": [
      "Twitter data classification using multinomial naive",
      "bayes",
      "for tropical diseases mapping in Indonesia"
    ]
  },
  {
    "href": "https://proceedings.neurips.cc/paper/2021/hash/1ab60b5e8bd4eac8a7537abb5936aadc-Abstract.html",
    "id": "NfHLOlVXaoAJ",
    "childNodes": [
      "Dangers of",
      "Bayesian",
      "model averaging under covariate shift"
    ]
  }
]