[
  {
    "href": "https://link.springer.com/article/10.1007/s12035-024-04525-6",
    "id": "H6RpdwsQMCgJ",
    "childNodes": [
      "Antioxidant Effect of Naringin Demonstrated Through a",
      "Bayes",
      "' Theorem Driven Multidisciplinary Approach Reveals its Prophylactic Potential as a Dietary Supplement …"
    ]
  },
  {
    "href": "https://arxiv.org/abs/2306.00018",
    "id": "2Em5PkfaOAoJ",
    "childNodes": [
      "Utilization of Multinomial Naive",
      "Bayes",
      "Algorithm and Term Frequency Inverse Document Frequency (TF-IDF Vectorizer) in Checking the Credibility of News Tweet in …"
    ]
  },
  {
    "href": "http://www.midwifery.iocspublisher.org/index.php/midwifery/article/view/1661",
    "id": "7QmFuJ5J6ZkJ",
    "childNodes": [
      "Analysis of side effects from using influenza drugs using the Naïve",
      "Bayes",
      "method"
    ]
  },
  {
    "href": "https://www.taylorfrancis.com/books/mono/10.1201/9780429341823/geospatial-health-data-paula-moraga",
    "id": "OscVOuW9qC0J",
    "childNodes": [
      "Geospatial health data: Modeling and",
      "visualization",
      "with R-INLA and shiny"
    ]
  },
  {
    "href": "https://onlinelibrary.wiley.com/doi/abs/10.1155/2018/5851491",
    "id": "G5M3wamPyLMJ",
    "childNodes": [
      "RAMS Analysis of Train Air Braking System Based on GO‐",
      "Bayes",
      "Method and Big Data Platform"
    ]
  },
  {
    "href": "https://repository.gatech.edu/handle/1853/29804",
    "id": "6oPETLEUxhkJ",
    "childNodes": [
      "Tutorial on how to measure link strengths in discrete",
      "Bayesian",
      "networks"
    ]
  },
  {
    "href": "https://www.sciencedirect.com/science/article/pii/S1875510021005357",
    "id": "TyuErBU-fw8J",
    "childNodes": [
      "Seismic characterization of deeply buried paleocaves based on",
      "Bayesian",
      "deep learning"
    ]
  },
  {
    "href": "https://bpspsychub.onlinelibrary.wiley.com/doi/abs/10.1111/lcrp.12162",
    "id": "VxHZPkS-etwJ",
    "childNodes": [
      "What to do with all these",
      "Bayes",
      "factors: How to make",
      "Bayesian",
      "reports in deception research more informative"
    ]
  },
  {
    "href": "https://link.springer.com/chapter/10.1007/978-3-031-02363-7_7",
    "id": "MvrqJ0ov4cQJ",
    "childNodes": [
      "Naive",
      "Bayes",
      ": A Supervised Learning Algorithm for Classification"
    ]
  }
]