[
  {
    "href": "https://onlinelibrary.wiley.com/doi/abs/10.1111/exsy.13141",
    "id": "pRMDpmwAGPwJ",
    "childNodes": [
      "Detection of COVID‐19 and its pulmonary stage using",
      "Bayesian",
      "hyperparameter optimization and deep feature selection methods"
    ]
  },
  {
    "href": "https://journals.sagepub.com/doi/abs/10.1177/0013164416667980",
    "id": "nlE7iW4f46cJ",
    "childNodes": [
      "What Are the Odds? Modern Relevance and",
      "Bayes",
      "Factor Solutions for MacAlister's Problem From the 1881",
      "I"
    ]
  },
  {
    "href": "https://www.jait.us/articles/2024/JAIT-V15N7-879.pdf",
    "id": "QTS9NFudBBEJ",
    "childNodes": [
      "Classification of Employee Competency Assessment Using Naïve",
      "Bayes",
      "and K-Nearest Neighbor (KNN) Algorithms"
    ]
  },
  {
    "href": "https://www.sciencedirect.com/science/article/pii/S0269749119358282",
    "id": "hJcspEH9pVIJ",
    "childNodes": [
      "… DNA copy number in peripheral blood is related to polycyclic aromatic hydrocarbons exposure in coke oven workers:",
      "Bayesian",
      "kernel machine regression"
    ]
  },
  {
    "href": "https://telkomnika.uad.ac.id/index.php/TELKOMNIKA/article/view/25990",
    "id": "psxnpvVUkCEJ",
    "childNodes": [
      "Malaysian fibre internet service provider: a naïve",
      "Bayes",
      "classification Twitter sentiment analysis"
    ]
  },
  {
    "href": "https://www.sciencedirect.com/science/article/pii/S0167739X19303322",
    "id": "3wKxrS50t7UJ",
    "childNodes": [
      "Sentiment analysis of Twitter data during critical events through",
      "Bayesian",
      "networks classifiers"
    ]
  },
  {
    "href": "https://journals.plos.org/plosone/article?id=10.1371/journal.pone.0252484",
    "id": "DuCoxgvNJGgJ",
    "childNodes": [
      "Examining",
      "Bayesian",
      "network modeling in identification of dangerous driving behavior"
    ]
  },
  {
    "href": "https://beei.org/index.php/EEI/article/view/5688",
    "id": "xGypiC1LKG4J",
    "childNodes": [
      "The performance of Naïve",
      "Bayes",
      ", support vector machine, and logistic regression on Indonesia immigration sentiment analysis"
    ]
  },
  {
    "href": "https://www.nature.com/articles/s43018-022-00356-3",
    "id": "_oGGwaxHzWYJ",
    "childNodes": [
      "Cell type and gene expression deconvolution with BayesPrism enables",
      "Bayesian",
      "integrative analysis across bulk and single-cell RNA sequencing in oncology"
    ]
  },
  {
    "href": "https://www.sciencedirect.com/science/article/pii/S0957582021001452",
    "id": "Jw0P56rBtg8J",
    "childNodes": [
      "Evolution of safety and security risk assessment methodologies towards the use of",
      "bayesian",
      "networks in process industries"
    ]
  }
]