[
  {
    "href": "https://link.springer.com/chapter/10.1007/978-3-642-15037-1_19",
    "id": "d3LSDTgCd5wJ",
    "childNodes": [
      "Mobile sync-application for life logging and high-level context using",
      "Bayesian",
      "network"
    ]
  },
  {
    "href": "https://www.sciencedirect.com/science/article/pii/S0167668717304523",
    "id": "ze1Pwm3iNkwJ",
    "childNodes": [
      "Estimating loss reserves using hierarchical",
      "Bayesian",
      "Gaussian process regression with input warping"
    ]
  },
  {
    "href": "https://jurnal.researchideas.org/index.php/neraca/article/view/11",
    "id": "0Ej96cxx35UJ",
    "childNodes": [
      "ANALISIS BIBLIOMETRIK PERKEMBANGAN PENELITIAN METODE",
      "BAYES",
      "MENGGUNAKAN VOS VIEWER"
    ]
  },
  {
    "href": "https://escholarship.mcgill.ca/downloads/j6731905h",
    "id": "I8D8Sbz_Ut4J",
    "childNodes": [
      "Cross-comparing Burn Indices for Improved",
      "Visualization",
      "of Wildfire Burn Scars:",
      "Bayesian",
      "Updating of Land Cover (BULC-D)"
    ]
  },
  {
    "href": "https://citeseerx.ist.psu.edu/document?repid=rep1&type=pdf&doi=e1994db3ca11c72d9f98d674c3bb98ec82640d20",
    "id": "w9OWbRh1GMIJ",
    "childNodes": [
      "When Naıve is not Enough: Bringing Naıve",
      "Bayes",
      "Text Categorization to “Surface”"
    ]
  },
  {
    "href": "https://citeseerx.ist.psu.edu/document?repid=rep1&type=pdf&doi=6ea98e10f8c056295c6a5a0bb531b9d7a50ef60f",
    "id": "efOgJHhEVYQJ",
    "childNodes": [
      "Assessment based on naive",
      "bayes",
      "for training based on virtual reality"
    ]
  },
  {
    "href": "https://onlinelibrary.wiley.com/doi/abs/10.1111/j.1751-5823.2003.tb00203.x",
    "id": "-12nK3ApMk0J",
    "childNodes": [
      "A",
      "Bayesian",
      "formulation of exploratory data analysis and goodness‐of‐fit testing"
    ]
  },
  {
    "href": "https://ieeexplore.ieee.org/abstract/document/10020580/",
    "id": "WpCKrug1WkYJ",
    "childNodes": [
      "Leak localization in Water Distribution Networks By Directly Fitting the Learning Parameters of a Gaussian Naive",
      "Bayes",
      "Classifier"
    ]
  },
  {
    "href": "https://www.mdpi.com/2075-1729/8/1/5",
    "id": "lRYzTiBYwqoJ",
    "childNodes": [
      "Intrinsic properties of tRNA molecules as deciphered via",
      "Bayesian",
      "network and distribution divergence analysis"
    ]
  },
  {
    "href": "https://joiv.org/index.php/joiv/article/view/2370",
    "id": "rk9IrndlHnsJ",
    "childNodes": [
      "A",
      "Bayesian",
      "Approach to Explore Risk Factors for Respiratory Dysfunction in Intensive Care Unit Patient"
    ]
  }
]