[
  {
    "href": "https://ieeexplore.ieee.org/abstract/document/9780548/",
    "id": "oxvbIktKDZYJ",
    "childNodes": [
      "A",
      "Bayesian",
      "network for the classification of human motion as observed by distributed radar"
    ]
  },
  {
    "href": "https://iopscience.iop.org/article/10.1088/1742-6596/1842/1/012008/meta",
    "id": "hnjwpZoSznQJ",
    "childNodes": [
      "Implementation of Naïve",
      "Bayes",
      "Classifier-based Machine Learning to Predict and Classify New Students at Matana University"
    ]
  },
  {
    "href": "https://link.springer.com/chapter/10.1007/978-3-031-36021-3_28",
    "id": "OLhkOhx7oHsJ",
    "childNodes": [
      "Bayesian",
      "networks for named entity prediction in programming community question answering"
    ]
  },
  {
    "href": "https://ieeexplore.ieee.org/abstract/document/994123/",
    "id": "ftDIxWDnduYJ",
    "childNodes": [
      "Using",
      "Bayesian",
      "networks for discovering temporal-state transition patterns in hemodialysis"
    ]
  },
  {
    "href": "https://journals.sagepub.com/doi/abs/10.3102/0034654317723009",
    "id": "xLy3YN0PJLoJ",
    "childNodes": [
      "A",
      "Bayesian",
      "network meta-analysis to synthesize the influence of contexts of scaffolding use on cognitive outcomes in STEM education"
    ]
  },
  {
    "href": "https://search.ebscohost.com/login.aspx?direct=true&profile=ehost&scope=site&authtype=crawler&jrnl=1535864X&AN=15255623&h=azavhHejaGQOKce8MABEBiuI7Ojg6pyV1sOy09ytXCaZOAhpn1Y8eesCTcH6P53bjuhoNfyP2LFjHbTxMaZNbA%3D%3D&crl=c",
    "id": "MvSlORJXsxkJ",
    "childNodes": [
      "Bayes",
      "Network\" Smart\" Diagnostics."
    ]
  },
  {
    "href": "https://www.tandfonline.com/doi/abs/10.1080/00031305.2017.1328374",
    "id": "IVuPBNNs9rYJ",
    "childNodes": [
      "A",
      "Bayesian",
      "survival analysis of a historical dataset: how long do popes live?"
    ]
  },
  {
    "href": "https://www.frontiersin.org/articles/10.3389/fsysb.2024.1338518/full",
    "id": "XLwEBgV4l_oJ",
    "childNodes": [
      "Uncertainty quantified discovery of chemical reaction systems via",
      "Bayesian",
      "scientific machine learning"
    ]
  },
  {
    "href": "https://joss.theoj.org/papers/10.21105/joss.01541.pdf",
    "id": "jYprnG0jIWAJ",
    "childNodes": [
      "bayestestR: Describing effects and their uncertainty, existence and significance within the",
      "Bayesian",
      "framework"
    ]
  }
]