[
  {
    "href": "https://psycnet.apa.org/journals/bul/143/12/1273/",
    "id": "dEVsktevdeAJ",
    "childNodes": [
      "Meta-analysis of the effect of natural frequencies on",
      "Bayesian",
      "reasoning."
    ]
  },
  {
    "href": "https://arxiv.org/abs/2108.10346",
    "id": "RRetG9BhgN0J",
    "childNodes": [
      "Explaining",
      "bayesian",
      "neural networks"
    ]
  },
  {
    "href": "https://www.jstatsoft.org/article/view/v100i05",
    "id": "7QbmlGwDrRcJ",
    "childNodes": [
      "Bayesian",
      "item response modeling in R with brms and Stan"
    ]
  },
  {
    "href": "https://pubs.acs.org/doi/abs/10.1021/acs.jpca.4c05056",
    "id": "mTGAIn9_efMJ",
    "childNodes": [
      "Bayesian",
      "Probabilistic Inference of Nonparametric Distance Distributions in DEER Spectroscopy"
    ]
  },
  {
    "href": "https://ieeexplore.ieee.org/abstract/document/9353402/",
    "id": "PoqosBm2twoJ",
    "childNodes": [
      "Lifelong incremental reinforcement learning with online",
      "Bayesian",
      "inference"
    ]
  },
  {
    "href": "https://link.springer.com/chapter/10.1007/978-3-319-07695-9_5",
    "id": "bA9Sxrw5S5UJ",
    "childNodes": [
      "Probability ridges and distortion flows:",
      "Visualizing",
      "multivariate time series using a variational",
      "Bayesian",
      "manifold learning method"
    ]
  },
  {
    "href": "https://arxiv.org/abs/1406.3896",
    "id": "g0Kspp0vKFoJ",
    "childNodes": [
      "Freeze-thaw",
      "Bayesian",
      "optimization"
    ]
  },
  {
    "href": "https://nsg.repo.nii.ac.jp/?action=pages_view_main&active_action=repository_view_main_item_detail&item_id=4899&item_no=1&page_id=13&block_id=21",
    "id": "GTI0LYRhQ_YJ",
    "childNodes": [
      "BIT: Development of a dynamic",
      "visualization",
      "tool for",
      "Bayesian",
      "inference on various types of normal distributions for medical decision-making and education"
    ]
  },
  {
    "href": "https://www.sciencedirect.com/science/article/pii/S0001457524001647",
    "id": "udrkg9I62EYJ",
    "childNodes": [
      "Advanced",
      "Bayesian",
      "study on inland navigational risk of remotely controlled autonomous ship"
    ]
  },
  {
    "href": "https://link.springer.com/article/10.1007/s00521-016-2416-3",
    "id": "tsX2zvon7tMJ",
    "childNodes": [
      "Diagnosis of Alzheimer's disease using naive",
      "Bayesian",
      "classifier"
    ]
  }
]