[
  {
    "href": "https://academic.oup.com/sysbio/article-abstract/63/4/610/2848733",
    "id": "NcmzSyfdXFMJ",
    "childNodes": [
      "Analysis and",
      "visualization",
      "of complex macroevolutionary dynamics: an example from Australian scincid lizards"
    ]
  },
  {
    "href": "https://www.sciencedirect.com/science/article/pii/S1751157715301152",
    "id": "uxVLkjyjqzkJ",
    "childNodes": [
      "Excellence networks in science: A Web-based application based on",
      "Bayesian",
      "multilevel logistic regression (BMLR) for the identification of institutions collaborating …"
    ]
  },
  {
    "href": "https://ieeexplore.ieee.org/abstract/document/5360483/",
    "id": "nY4VV-FlLj8J",
    "childNodes": [
      "Fast visual trajectory analysis using spatial",
      "bayesian",
      "networks"
    ]
  },
  {
    "href": "https://link.springer.com/article/10.1007/s10852-008-9088-7",
    "id": "3pkZAVIbAWgJ",
    "childNodes": [
      "Variational",
      "bayesian",
      "generative topographic mapping"
    ]
  },
  {
    "href": "https://link.springer.com/article/10.1186/1741-7007-8-114",
    "id": "3ExFh21gdE0J",
    "childNodes": [
      "Bayesian",
      "random local clocks, or one rate to rule them all"
    ]
  },
  {
    "href": "https://ieeexplore.ieee.org/abstract/document/8822096/",
    "id": "llZRhPbe3B8J",
    "childNodes": [
      "Analysis of user emotions and opinion using Multinomial Naive",
      "Bayes",
      "Classifier"
    ]
  },
  {
    "href": "https://onlinelibrary.wiley.com/doi/abs/10.1002/ejhf.2650",
    "id": "uUsLXj5_YoQJ",
    "childNodes": [
      "Atrial amyloidosis: mechanisms and clinical manifestations"
    ]
  },
  {
    "href": "https://books.google.com/books?hl=en&lr=&id=Gq6kAgAAQBAJ&oi=fnd&pg=PR10&dq=bayes+visualization&ots=tzG8FEzntz&sig=VgCgNtYmwppS1dAJzzQNsy3bNkk",
    "id": "LnJEgs-UIt4J",
    "childNodes": [
      "Bayesian",
      "cognitive modeling: A practical course"
    ]
  },
  {
    "href": "https://ieeexplore.ieee.org/abstract/document/10273588/",
    "id": "GZBfuToCn2sJ",
    "childNodes": [
      "Hybrid",
      "Bayesian",
      "optimization-based graphical discovery for methylation sites prediction"
    ]
  }
]