[
  {
    "href": "https://dl.acm.org/doi/pdf/10.1145/347090.347161",
    "id": "Y7690JgLv0EJ",
    "childNodes": [
      "Unsupervised",
      "Bayesian visualization",
      "of high-dimensional data"
    ]
  },
  {
    "href": "https://ieeexplore.ieee.org/abstract/document/9229135/",
    "id": "NGaozBfu5LQJ",
    "childNodes": [
      "Towards modeling",
      "visualization",
      "processes as dynamic",
      "bayesian",
      "networks"
    ]
  },
  {
    "href": "https://journals.plos.org/plosone/article?id=10.1371/journal.pone.0195029",
    "id": "pfIbUSb3FoMJ",
    "childNodes": [
      "Visualizing",
      "the",
      "Bayesian",
      "2-test case: The effect of tree diagrams on medical decision making"
    ]
  },
  {
    "href": "https://link.springer.com/chapter/10.1007/978-3-540-30116-5_32",
    "id": "Oct-CCeN05QJ",
    "childNodes": [
      "Nomograms for",
      "visualization",
      "of naive",
      "Bayesian",
      "classifier"
    ]
  },
  {
    "href": "https://oa.upm.es/id/eprint/55998",
    "id": "mCyVka2MJxkJ",
    "childNodes": [
      "Visualization",
      "and interpretation in large",
      "Bayesian",
      "networks"
    ]
  },
  {
    "href": "https://cdn.aaai.org/ocs/ws/ws0785/3975-16752-1-PB.pdf",
    "id": "I_XFAkHC-2IJ",
    "childNodes": [
      "Visualizing",
      "and understanding large-scale",
      "Bayesian",
      "networks"
    ]
  },
  {
    "href": "https://ieeexplore.ieee.org/abstract/document/8509240/",
    "id": "xQyaqnP2uTkJ",
    "childNodes": [
      "Deepeye: Towards automatic data",
      "visualization"
    ]
  },
  {
    "href": "https://ieeexplore.ieee.org/abstract/document/9217952/",
    "id": "CebiiXfHXFoJ",
    "childNodes": [
      "A",
      "bayesian",
      "cognition approach for belief updating of correlation judgement through uncertainty",
      "visualizations"
    ]
  },
  {
    "href": "https://www.researchgate.net/profile/Diego-Zapata-Rivera/publication/2948114_Visualizing_and_Inspecting_Bayesian_Belief_Models/links/09e4150b3cfc3950ad000000/Visualizing-and-Inspecting-Bayesian-Belief-Models.pdf",
    "id": "6UU1BroQpQ4J",
    "childNodes": [
      "Visualizing",
      "and inspecting",
      "Bayesian",
      "belief models"
    ]
  },
  {
    "href": "https://journals.plos.org/plosone/article?id=10.1371/journal.pone.0283947",
    "id": "bOpYPEOe0UsJ",
    "childNodes": [
      "Bayesian",
      "versus diagnostic information in physician-patient communication: Effects of direction of statistical information and presentation of",
      "visualization"
    ]
  }
]