[
  {
    "href": "https://ieeexplore.ieee.org/abstract/document/9352407/",
    "id": "BCs-BoN_3c8J",
    "childNodes": [
      "Deep Learning",
      "Based",
      "Visualized",
      "Wind Speed Matrix Forecasting Model for Wind Power Forecasting"
    ]
  },
  {
    "href": "https://link.springer.com/article/10.1007/s42979-023-01945-4",
    "id": "QExB5Cms5KcJ",
    "childNodes": [
      "Automatic Glaucoma Detection from Fundus Images Using",
      "Deep",
      "Convolutional Neural Networks and Exploring Networks Behaviour Using",
      "Visualization",
      "Techniques"
    ]
  },
  {
    "href": "https://ieeexplore.ieee.org/abstract/document/8805426/",
    "id": "5FRiYXBe2XIJ",
    "childNodes": [
      "InSituNet:",
      "Deep",
      "image synthesis for parameter space exploration of ensemble simulations"
    ]
  },
  {
    "href": "https://www.mdpi.com/1422-0067/24/9/7714",
    "id": "I174ZGnjlaYJ",
    "childNodes": [
      "3D",
      "Visualization",
      ", Skeletonization and Branching Analysis of Blood Vessels in Angiogenesis"
    ]
  },
  {
    "href": "https://www.biorxiv.org/content/10.1101/2024.02.17.580541.abstract",
    "id": "uQQgMmo1CJ4J",
    "childNodes": [
      "NeuroMDAVIS:",
      "Visualization",
      "of single-cell multi-omics data under",
      "deep learning",
      "framework"
    ]
  },
  {
    "href": "https://www.learntechlib.org/p/220114/",
    "id": "sPYpycn3Au0J",
    "childNodes": [
      "Visualization",
      "analysis of artificial intelligence technology in higher education based on SSCI and SCI Journals from 2009 to 2019"
    ]
  },
  {
    "href": "https://ieeexplore.ieee.org/abstract/document/10547785/",
    "id": "ft_05Cz8UtsJ",
    "childNodes": [
      "Improved Multilingual text Identification using Embedding",
      "Visualization",
      "and",
      "Deep Learning",
      "techniques"
    ]
  },
  {
    "href": "https://www.dovepress.com/dynamic-visualization-of-computer-aided-peptide-design-for-cancer-ther-peer-reviewed-fulltext-article-DDDT",
    "id": "wKEJBl4VIsEJ",
    "childNodes": [
      "Dynamic",
      "Visualization",
      "of Computer-Aided Peptide Design for Cancer Therapeutics"
    ]
  },
  {
    "href": "https://ieeexplore.ieee.org/abstract/document/9925465/",
    "id": "WsMS-nm8xIEJ",
    "childNodes": [
      "Real-time facial emotion recognition for",
      "visualization",
      "systems"
    ]
  },
  {
    "href": "https://ieeexplore.ieee.org/abstract/document/9991178/",
    "id": "Ou8wN8_NgPMJ",
    "childNodes": [
      "EEG conformer: Convolutional transformer for EEG decoding and",
      "visualization"
    ]
  }
]