[
  {
    "href": "https://www.mdpi.com/2076-3417/8/10/1715",
    "id": "pmbDtlTpsccJ",
    "childNodes": [
      "Visualization",
      "and interpretation of convolutional neural network predictions in detecting pneumonia in pediatric chest radiographs"
    ]
  },
  {
    "href": "https://arxiv.org/abs/1805.11704",
    "id": "LbDPUm34pF4J",
    "childNodes": [
      "Deep",
      "semantic architecture with discriminative feature",
      "visualization",
      "for neuroimage analysis"
    ]
  },
  {
    "href": "https://www.emerald.com/insight/content/doi/10.1108/AA-09-2021-0123/full/html",
    "id": "w_doD-O94o0J",
    "childNodes": [
      "Industrial process data",
      "visualization",
      "based on a",
      "deep",
      "enhanced",
      "I",
      "-distributed stochastic neighbor embedding neural network"
    ]
  },
  {
    "href": "https://ieeexplore.ieee.org/abstract/document/9484462/",
    "id": "ONUvJaajSucJ",
    "childNodes": [
      "Visualization",
      "of",
      "deep",
      "reinforcement autonomous aerial mobility",
      "learning",
      "simulations"
    ]
  },
  {
    "href": "https://www.sciencedirect.com/science/article/pii/S0144860919302195",
    "id": "L88LunQkl2kJ",
    "childNodes": [
      "Deep learning",
      "-based appearance features extraction for automated carp species identification"
    ]
  },
  {
    "href": "https://ieeexplore.ieee.org/abstract/document/9874587/",
    "id": "5dGZryDJCQAJ",
    "childNodes": [
      "LIVE: A Local Interpretable model-agnostic",
      "Visualizations",
      "and Explanations"
    ]
  },
  {
    "href": "https://link.springer.com/chapter/10.1007/978-3-319-07121-3_5",
    "id": "gNb-P8QS0PQJ",
    "childNodes": [
      "What is",
      "visualization",
      "really for?"
    ]
  },
  {
    "href": "https://ieeexplore.ieee.org/abstract/document/9222358/",
    "id": "PxLBn5O-MowJ",
    "childNodes": [
      "Viscode: Embedding information in",
      "visualization",
      "images using encoder-decoder network"
    ]
  },
  {
    "href": "http://www.forestchemicalsreview.com/index.php/JFCR/article/view/1089",
    "id": "bHVKPqzznV8J",
    "childNodes": [
      "An Overview of Analysis of Medical Images Using Data",
      "Visualization",
      "and",
      "Deep Learning",
      "Applications"
    ]
  },
  {
    "href": "https://ieeexplore.ieee.org/abstract/document/9633473/",
    "id": "UrQD4rRbk_YJ",
    "childNodes": [
      "Visualization",
      "Analysis of Meteorological Big Data through",
      "Deep Learning",
      "and Network Model"
    ]
  }
]