[
  {
    "href": "https://ieeexplore.ieee.org/abstract/document/9222335/",
    "id": "pZUa9Ik5Uf8J",
    "childNodes": [
      "Plotthread: Creating expressive storyline",
      "visualizations",
      "using reinforcement",
      "learning"
    ]
  },
  {
    "href": "https://arxiv.org/abs/2401.06122",
    "id": "7nmtRMH8QicJ",
    "childNodes": [
      "Manipulating feature",
      "visualizations",
      "with gradient slingshots"
    ]
  },
  {
    "href": "https://www.oaepublish.com/articles/ais.2024.20?to=comment",
    "id": "plBG1FOAYr8J",
    "childNodes": [
      "Advancements in needle",
      "visualization",
      "enhancement and localization methods in ultrasound: a literature review"
    ]
  },
  {
    "href": "https://dl.acm.org/doi/abs/10.1145/3491102.3501823",
    "id": "5YX0Dh1-EdkJ",
    "childNodes": [
      "Neo: Generalizing confusion matrix",
      "visualization",
      "to hierarchical and multi-output labels"
    ]
  },
  {
    "href": "https://eric.ed.gov/?id=EJ1377331",
    "id": "T-Ey34XDqc8J",
    "childNodes": [
      "Trend and",
      "Visualization",
      "of Virtual Reality & Augmented Reality in Physics",
      "Learning",
      "from 2002-2021."
    ]
  },
  {
    "href": "https://www.mdpi.com/2313-433X/8/8/221",
    "id": "jbbzbGodgGIJ",
    "childNodes": [
      "Matradiomics: A novel and complete radiomics framework, from image",
      "visualization",
      "to predictive model"
    ]
  },
  {
    "href": "https://www.sciencedirect.com/science/article/pii/S1047320319303207",
    "id": "IvDvERTey-EJ",
    "childNodes": [
      "Visualization",
      ", discriminability and applications of interpretable saak features"
    ]
  },
  {
    "href": "https://ieeexplore.ieee.org/abstract/document/9730861/",
    "id": "Sj2thRrJ4boJ",
    "childNodes": [
      "Fast 3d",
      "visualization",
      "of massive geological data based on clustering index fusion"
    ]
  },
  {
    "href": "https://www.sciencedirect.com/science/article/pii/S0933365719312552",
    "id": "I8V-yS2ucpAJ",
    "childNodes": [
      "Data reduction and data",
      "visualization",
      "for automatic diagnosis using gene expression and clinical data"
    ]
  },
  {
    "href": "http://openaccess.thecvf.com/content_ICCV_2019/html/Hu_Visualization_of_Convolutional_Neural_Networks_for_Monocular_Depth_Estimation_ICCV_2019_paper.html",
    "id": "lZ0X9r-8-2sJ",
    "childNodes": [
      "Visualization",
      "of convolutional neural networks for monocular depth estimation"
    ]
  }
]