[
  {
    "href": "https://ieeexplore.ieee.org/abstract/document/9057512/",
    "id": "gdPS08u1R7MJ",
    "childNodes": [
      "Data-enhanced stacked autoencoders for insufficient fault classification of machinery and its understanding via",
      "visualization"
    ]
  },
  {
    "href": "https://www.sciencedirect.com/science/article/pii/S2452301116300013",
    "id": "I-pyS-7877UJ",
    "childNodes": [
      "Experiential",
      "learning",
      ", spatial",
      "visualization",
      "and metacognition: An exercise with the “blank page” technique for",
      "learning",
      "anatomy"
    ]
  },
  {
    "href": "https://ieeexplore.ieee.org/abstract/document/9731443/",
    "id": "kzogI28VmUsJ",
    "childNodes": [
      "Processing and",
      "visualization",
      "of tomography signal with AI: Decision making on COVID-19"
    ]
  },
  {
    "href": "https://www.academia.edu/download/69436225/9723.pdf",
    "id": "dQASrpsOqewJ",
    "childNodes": [
      "A practical plant diagnosis system for field leaf images and feature",
      "visualization"
    ]
  },
  {
    "href": "https://ieeexplore.ieee.org/abstract/document/8440049/",
    "id": "CeMd84p8RMQJ",
    "childNodes": [
      "Gan lab: Understanding complex",
      "deep",
      "generative models using interactive visual experimentation"
    ]
  },
  {
    "href": "https://www.sciencedirect.com/science/article/pii/S0010482523007977",
    "id": "qteGE6lfzQUJ",
    "childNodes": [
      "UniVisNet: A unified",
      "visualization",
      "and classification network for accurate grading of gliomas from MRI"
    ]
  },
  {
    "href": "https://ieeexplore.ieee.org/abstract/document/10040474/",
    "id": "6bXnm943ifQJ",
    "childNodes": [
      "Leaf's Diseases and Its Characteristics",
      "Visualization",
      "using Augmented Reality"
    ]
  },
  {
    "href": "https://www.ijcai.org/Proceedings/2020/0763.pdf",
    "id": "2dL-TBqyTskJ",
    "childNodes": [
      "An interactive",
      "visualization",
      "platform for",
      "deep",
      "symbolic regression"
    ]
  },
  {
    "href": "https://ieeexplore.ieee.org/abstract/document/9564541/",
    "id": "F3jIjSFLPlIJ",
    "childNodes": [
      "Learning",
      "traffic speed dynamics from",
      "visualizations"
    ]
  },
  {
    "href": "https://ieeexplore.ieee.org/abstract/document/10441002/",
    "id": "AkjcVImPKzkJ",
    "childNodes": [
      "A Novel Geometric",
      "Visualization",
      "of Dual-lead ECG Signals for Beat-by-beat Arrhythmia Detection with a 2D CNN",
      "Deep Learning",
      "Classifier"
    ]
  }
]