[
  {
    "href": "https://ieeexplore.ieee.org/abstract/document/10034989/",
    "id": "llMj3-ggXA0J",
    "childNodes": [
      "A generalized explanation framework for",
      "visualization",
      "of",
      "deep learning",
      "model predictions"
    ]
  },
  {
    "href": "https://www.sciencedirect.com/science/article/pii/S0167404818303481",
    "id": "EVRetFmNAvwJ",
    "childNodes": [
      "Malware identification using",
      "visualization",
      "images and",
      "deep learning"
    ]
  },
  {
    "href": "https://ieeexplore.ieee.org/abstract/document/7966878/",
    "id": "4VuvYmEe2ncJ",
    "childNodes": [
      "DARVIZ:",
      "deep",
      "abstract representation,",
      "visualization",
      ", and verification of",
      "deep learning",
      "models"
    ]
  },
  {
    "href": "https://www.jstor.org/stable/26229220",
    "id": "DWtjchXj4TQJ",
    "childNodes": [
      "Deep learning",
      "towards expertise development in a",
      "visualization",
      "-based",
      "learning",
      "environment"
    ]
  },
  {
    "href": "https://dl.acm.org/doi/abs/10.1145/3241056",
    "id": "5e0tu1MvVxMJ",
    "childNodes": [
      "Applying",
      "deep learning",
      "for epilepsy seizure detection and brain mapping",
      "visualization"
    ]
  },
  {
    "href": "https://ieeexplore.ieee.org/abstract/document/9224622/",
    "id": "GspZmgt8QtgJ",
    "childNodes": [
      "Reliable tuberculosis detection using chest X-ray with",
      "deep learning",
      ", segmentation and",
      "visualization"
    ]
  },
  {
    "href": "https://journals.lww.com/apjoo/fulltext/9900/Review_of_Visualization_Approaches_in_Deep.98.aspx",
    "id": "3QC363-7_mcJ",
    "childNodes": [
      "Review of",
      "visualization",
      "approaches in",
      "deep learning",
      "models of glaucoma"
    ]
  },
  {
    "href": "https://link.springer.com/article/10.1007/s00521-022-06887-1",
    "id": "NTd8FoJRChsJ",
    "childNodes": [
      "Automatic and intelligent content",
      "visualization",
      "system based on",
      "deep learning",
      "and genetic algorithm"
    ]
  },
  {
    "href": "https://ieeexplore.ieee.org/abstract/document/7552539/",
    "id": "LT_yxzTJ_WUJ",
    "childNodes": [
      "Evaluating the",
      "visualization",
      "of what a",
      "deep",
      "neural network has learned"
    ]
  },
  {
    "href": "https://www.sciencedirect.com/science/article/pii/S0167739X21002272",
    "id": "Tc4BGDMIVNkJ",
    "childNodes": [
      "Visualization",
      "and",
      "deep",
      "-",
      "learning",
      "-based malware variant detection using OpCode-level features"
    ]
  }
]