[
  {
    "href": "https://www.sciencedirect.com/science/article/pii/S2468696421000197",
    "id": "K47koRdGQywJ",
    "childNodes": [
      "EMOCOV: Machine",
      "learning",
      "for emotion detection, analysis and",
      "visualization",
      "using COVID-19 tweets"
    ]
  },
  {
    "href": "https://www.worldscientific.com/doi/abs/10.1142/S0218001418510023",
    "id": "A2kys5vpLNkJ",
    "childNodes": [
      "A novel method based on line-segment",
      "visualizations",
      "for hyper-parameter optimization in",
      "deep",
      "networks"
    ]
  },
  {
    "href": "https://dl.acm.org/doi/abs/10.1145/3339825.3391861",
    "id": "R0hUAkTBnLUJ",
    "childNodes": [
      "Hyperspectral reconstruction from RGB images for vein",
      "visualization"
    ]
  },
  {
    "href": "https://www.spiedigitallibrary.org/conference-proceedings-of-spie/12592/1259214/Visualization-of-Cutibacterium-acnes-with-visible-light-using-deep-learning/10.1117/12.2666674.short",
    "id": "O1Q1R6ghmhYJ",
    "childNodes": [
      "Visualization",
      "of Cutibacterium acnes with visible light using",
      "deep learning"
    ]
  },
  {
    "href": "https://www.ingentaconnect.com/contentone/asp/jmihi/2020/00000010/00000002/art00014",
    "id": "zULHI9qtiBQJ",
    "childNodes": [
      "Deep",
      "transfer",
      "learning",
      "for histopathological diagnosis of cervical cancer using convolutional neural networks with",
      "visualization",
      "schemes"
    ]
  },
  {
    "href": "https://ieeexplore.ieee.org/abstract/document/8807296/",
    "id": "UV5iZnVapT0J",
    "childNodes": [
      "GenerativeMap:",
      "Visualization",
      "and exploration of dynamic density maps via generative",
      "learning",
      "model"
    ]
  },
  {
    "href": "https://www.mdpi.com/2313-433X/6/6/52",
    "id": "gWPvy_iZ_xwJ",
    "childNodes": [
      "Explainable",
      "deep learning",
      "models in medical image analysis"
    ]
  },
  {
    "href": "https://link.springer.com/chapter/10.1007/978-981-19-3877-1_5",
    "id": "wx5YX2gTo7oJ",
    "childNodes": [
      "Deep",
      "Convolutional Neural Network Applications and",
      "Visualization",
      "Tools"
    ]
  },
  {
    "href": "https://www.sciencedirect.com/science/article/pii/S1876107020301668",
    "id": "Loqxfqlm7NoJ",
    "childNodes": [
      "Visualization",
      "analysis for fault diagnosis in chemical processes using recurrent neural networks"
    ]
  },
  {
    "href": "https://www.sciencedirect.com/science/article/pii/S1359836824000271",
    "id": "Q8WRM8pOgqgJ",
    "childNodes": [
      "One-dimensional",
      "deep",
      "convolutional autoencoder active infrared thermography: Enhanced",
      "visualization",
      "of internal defects in FRP composites"
    ]
  }
]