[
  {
    "href": "https://www.sciencedirect.com/science/article/pii/S0920410520311967",
    "id": "p_KCA6jjZpUJ",
    "childNodes": [
      "Pattern",
      "visualization",
      "and understanding of machine",
      "learning",
      "models for permeability prediction in tight sandstone reservoirs"
    ]
  },
  {
    "href": "https://ieeexplore.ieee.org/abstract/document/9399342/",
    "id": "okOuUCxe40QJ",
    "childNodes": [
      "Plant disease detection and classification by",
      "deep learning",
      "—a review"
    ]
  },
  {
    "href": "https://link.springer.com/article/10.1007/s11517-023-02805-2",
    "id": "FWqL0aQULugJ",
    "childNodes": [
      "Automatic vertebral fracture and three-column injury diagnosis with fracture",
      "visualization",
      "by a multi-scale attention-guided network"
    ]
  },
  {
    "href": "https://link.springer.com/chapter/10.1007/978-3-030-00563-4_59",
    "id": "WsrAz_BcVvcJ",
    "childNodes": [
      "Big data analytics and mining for crime data analysis,",
      "visualization",
      "and prediction"
    ]
  },
  {
    "href": "https://ieeexplore.ieee.org/abstract/document/8283041/",
    "id": "IF4nbkmIP8UJ",
    "childNodes": [
      "Fine-tuning and",
      "visualization",
      "of convolutional neural networks"
    ]
  },
  {
    "href": "https://journals.lww.com/neurosurgery/fulltext/2019/03000/microelectrode_recordings_validate_the_clinical.25.aspx",
    "id": "iFWNjbEvFbEJ",
    "childNodes": [
      "… validate the clinical",
      "visualization",
      "of subthalamic-nucleus based on 7T magnetic resonance imaging and machine",
      "learning",
      "for",
      "deep",
      "brain stimulation surgery"
    ]
  },
  {
    "href": "https://arxiv.org/abs/2302.00569",
    "id": "szRGt1n5KG4J",
    "childNodes": [
      "Machine",
      "learning",
      "for",
      "visualization",
      "recommendation systems: Open challenges and future directions"
    ]
  },
  {
    "href": "https://www.ceeol.com/search/article-detail?id=1176629",
    "id": "QxDZ1Bqqiy8J",
    "childNodes": [
      "… and Digital Twin Technologies,",
      "Deep Learning",
      "-based Image Processing and Motion Planning Algorithms, and 3D Virtual Space Networking and Data",
      "Visualization",
      "…"
    ]
  },
  {
    "href": "https://ieeexplore.ieee.org/abstract/document/9381578/",
    "id": "aNDbo4eWimMJ",
    "childNodes": [
      "Integration of CNN, CBMIR, and",
      "visualization",
      "techniques for diagnosis and quantification of covid-19 disease"
    ]
  },
  {
    "href": "https://www.mdpi.com/2076-3417/11/3/1251",
    "id": "5tSzC5XGlUMJ",
    "childNodes": [
      "A fault diagnosis and",
      "visualization",
      "method for high-speed train based on edge and cloud collaboration"
    ]
  }
]