[
  {
    "href": "https://dl.acm.org/doi/abs/10.1145/3484824.3484922",
    "id": "u-HhDG6eEkAJ",
    "childNodes": [
      "Deep Learning",
      "-Based Tool for Automatic Feature Marking, Cropping,",
      "Visualization",
      ", and Classification of Chest Radiographs"
    ]
  },
  {
    "href": "https://www.dl.begellhouse.com/journals/52b74bd3689ab10b,197ac1601136cd11,494ac9e91b77e1f5.html",
    "id": "rrGLp5G-tkUJ",
    "childNodes": [
      "Exploratory lagrangian-based particle tracing using",
      "deep learning"
    ]
  },
  {
    "href": "https://www.mdpi.com/2078-2489/14/10/559",
    "id": "pSBJpuelXCQJ",
    "childNodes": [
      "Innovative",
      "visualization",
      "approach for biomechanical time series in stroke diagnosis using explainable machine",
      "learning",
      "methods: A proof-of-concept study"
    ]
  },
  {
    "href": "https://ieeexplore.ieee.org/abstract/document/8673523/",
    "id": "avaYKLBsLoAJ",
    "childNodes": [
      "Data scraping from google play store and",
      "visualization",
      "of its content for analytics"
    ]
  },
  {
    "href": "https://www.sciencedirect.com/science/article/pii/S1746809423008856",
    "id": "KnsuKBSugo4J",
    "childNodes": [
      "Cataract detection and",
      "visualization",
      "based on multi-scale",
      "deep",
      "features by RINet tuned with cyclic",
      "learning",
      "rate hyperparameter"
    ]
  },
  {
    "href": "https://link.springer.com/chapter/10.1007/978-3-031-36833-2_9",
    "id": "0-ro3_5zHkoJ",
    "childNodes": [
      "Artificial Intelligence for Knowledge",
      "Visualization",
      ": An Overview"
    ]
  },
  {
    "href": "https://arxiv.org/abs/2004.07031",
    "id": "f2ZRXkIiHO8J",
    "childNodes": [
      "SenseCare: A research platform for medical image informatics and interactive 3D",
      "visualization"
    ]
  },
  {
    "href": "https://link.springer.com/article/10.1007/s42108-024-00319-7",
    "id": "U-14es-ILEYJ",
    "childNodes": [
      "The role of artificial intelligence in sustainable water management in Asia: a systematic literature review with bibliographic network",
      "visualization"
    ]
  },
  {
    "href": "https://giirj.com/index.php/giirj/article/view/6448",
    "id": "rIR5FADtDBcJ",
    "childNodes": [
      "THE IMPORTANCE OF",
      "VISUALIZATION",
      "IN EDUCATION"
    ]
  },
  {
    "href": "https://iopscience.iop.org/article/10.1088/1361-6501/ac27ea/meta",
    "id": "rMBtJFCrqI0J",
    "childNodes": [
      "An intelligent method of roller bearing fault diagnosis and fault characteristic frequency",
      "visualization",
      "based on improved MobileNet V3"
    ]
  }
]