[
  {
    "href": "https://onlinelibrary.wiley.com/doi/abs/10.1155/2022/5481910",
    "id": "DouBCCj-xwEJ",
    "childNodes": [
      "… and VR User Experience Based on",
      "Deep Learning",
      "Method Based on Nonlinear Random Matrix Combined with Internet of Things Technology and",
      "Visualization",
      "…"
    ]
  },
  {
    "href": "https://ieeexplore.ieee.org/abstract/document/8756546/",
    "id": "o0VB3PubFiwJ",
    "childNodes": [
      "Exploring features and attributes in",
      "deep",
      "face recognition using",
      "visualization",
      "techniques"
    ]
  },
  {
    "href": "https://journals.sagepub.com/doi/abs/10.1177/02841851231189035",
    "id": "m6vjqcLuwi4J",
    "childNodes": [
      "Medical applications of generative adversarial network: a",
      "visualization",
      "analysis"
    ]
  },
  {
    "href": "https://ieeexplore.ieee.org/abstract/document/8789856/",
    "id": "_ORJN9d7P3gJ",
    "childNodes": [
      "Dnnviz: Training evolution",
      "visualization",
      "for",
      "deep",
      "neural network"
    ]
  },
  {
    "href": "https://ieeexplore.ieee.org/abstract/document/9350177/",
    "id": "pyRJ6q9dhPgJ",
    "childNodes": [
      "Net2vis–a visual grammar for automatically generating publication-tailored cnn architecture",
      "visualizations"
    ]
  },
  {
    "href": "https://link.springer.com/article/10.1186/s40537-019-0222-3",
    "id": "MZhDziKesWAJ",
    "childNodes": [
      "Feature",
      "visualization",
      "in comic artist classification using",
      "deep",
      "neural networks"
    ]
  },
  {
    "href": "https://ieeexplore.ieee.org/abstract/document/9941392/",
    "id": "IcBOAhe44Y8J",
    "childNodes": [
      "Visualization",
      "of class activation maps to explain AI classification of network packet captures"
    ]
  },
  {
    "href": "https://www.sciencedirect.com/science/article/pii/S0019057821002391",
    "id": "amsBVGnrM9sJ",
    "childNodes": [
      "… convolutional neural network-based active feature extraction for fault detection and diagnosis of industrial processes and its understanding via",
      "visualization"
    ]
  },
  {
    "href": "https://link.springer.com/article/10.1007/s00226-024-01579-6",
    "id": "ixt-aNUlYYsJ",
    "childNodes": [
      "Three-dimensional",
      "visualization",
      "of the conducting tissue in a bamboo culm base"
    ]
  },
  {
    "href": "https://ieeexplore.ieee.org/abstract/document/10109020/",
    "id": "LPZmuNpKQWQJ",
    "childNodes": [
      "Learning",
      "fluid flow",
      "visualizations",
      "from in-flight images with tufts"
    ]
  }
]