[
  {
    "href": "https://www.mecs-press.org/ijem/ijem-v13-n5/IJEM-V13-N5-4.pdf",
    "id": "cg9c1-17sV4J",
    "childNodes": [
      "Deep learning",
      "based real time radio signal modulation classification and",
      "visualization"
    ]
  },
  {
    "href": "https://www.sciencedirect.com/science/article/pii/S2153353922007490",
    "id": "nyGG2H_UnloJ",
    "childNodes": [
      "Differentiation of urothelial carcinoma in histopathology images using",
      "deep learning",
      "and",
      "visualization"
    ]
  },
  {
    "href": "https://www.mdpi.com/2075-4418/13/17/2747",
    "id": "lWsjlZFlZSwJ",
    "childNodes": [
      "Faster elbow MRI with",
      "deep learning",
      "reconstruction—assessment of image quality, diagnostic confidence, and anatomy",
      "visualization",
      "compared to standard imaging"
    ]
  },
  {
    "href": "https://www.sciencedirect.com/science/article/pii/S2468502X22000365",
    "id": "NMv67UkUBksJ",
    "childNodes": [
      "VisuaLizations",
      "as intermediate representations (VLAIR): an approach for applying",
      "deep learning",
      "-based computer vision to non-image-based data"
    ]
  },
  {
    "href": "https://www.sciencedirect.com/science/article/pii/S0097849323000390",
    "id": "PjNfLO_6dHUJ",
    "childNodes": [
      "GMT: A",
      "deep learning",
      "approach to generalized multivariate translation for scientific data analysis and",
      "visualization"
    ]
  },
  {
    "href": "https://ieeexplore.ieee.org/abstract/document/10360884/",
    "id": "Zyq-wC_mKvwJ",
    "childNodes": [
      "ScatterUQ: interactive uncertainty",
      "visualizations",
      "for multiclass",
      "deep learning",
      "problems"
    ]
  },
  {
    "href": "https://link.springer.com/chapter/10.1007/978-3-030-04239-4_50",
    "id": "-rAQ7QbodkAJ",
    "childNodes": [
      "Deep",
      "feature",
      "learning",
      "and",
      "visualization",
      "for EEG recording using autoencoders"
    ]
  },
  {
    "href": "https://ieeexplore.ieee.org/abstract/document/9383281/",
    "id": "FErq_SkVMzsJ",
    "childNodes": [
      "A",
      "deep learning",
      "approach for segmentation, classification, and",
      "visualization",
      "of 3-D high-frequency ultrasound images of mouse embryos"
    ]
  },
  {
    "href": "https://ieeexplore.ieee.org/abstract/document/10234786/",
    "id": "7fzO2Ea4NAcJ",
    "childNodes": [
      "Geo",
      "Visualization",
      "of Urbanization in CRDA Region through Machine",
      "Learning",
      "and",
      "Deep Learning",
      "Techniques"
    ]
  },
  {
    "href": "https://www.frontiersin.org/articles/10.3389/frai.2020.00049/full",
    "id": "5JeRq_V-Y5oJ",
    "childNodes": [
      "An interactive",
      "visualization",
      "for feature localization in",
      "deep",
      "neural networks"
    ]
  }
]