[
  {
    "href": "https://www.degruyter.com/document/doi/10.1515/jisys-2022-0016/html",
    "id": "W4xym7xhHMAJ",
    "childNodes": [
      "Research on intelligent interactive music information based on",
      "visualization",
      "technology"
    ]
  },
  {
    "href": "https://link.springer.com/chapter/10.1007/978-981-99-8937-9_16",
    "id": "wfSCSif-8IMJ",
    "childNodes": [
      "Advancing Lung Cancer Diagnosis Through",
      "Deep Learning",
      "and Grad-CAM-Based",
      "Visualization",
      "Techniques"
    ]
  },
  {
    "href": "https://link.springer.com/article/10.1007/s11517-023-02903-1",
    "id": "kez7NTMnOUAJ",
    "childNodes": [
      "Unlocking the potential of zebrafish research with artificial intelligence: Advancements in tracking, processing, and",
      "visualization"
    ]
  },
  {
    "href": "https://www.liebertpub.com/doi/abs/10.1089/tmj.2023.0704",
    "id": "Rzx2B4JSbbwJ",
    "childNodes": [
      "Artificial Intelligence in Telemedicine: A Global Perspective",
      "Visualization",
      "Analysis"
    ]
  },
  {
    "href": "https://www.nature.com/articles/s41428-021-00531-w",
    "id": "DAD69eKNTLUJ",
    "childNodes": [
      "Visualization",
      "of judgment regions in convolutional neural networks for X-ray diffraction and scattering images of aliphatic polyesters"
    ]
  },
  {
    "href": "https://ieeexplore.ieee.org/abstract/document/8621952/",
    "id": "4b-GEqfdQ1QJ",
    "childNodes": [
      "Interactive machine",
      "learning",
      "by",
      "visualization",
      ": A small data solution"
    ]
  },
  {
    "href": "https://link.springer.com/chapter/10.1007/978-3-030-26142-9_10",
    "id": "8VGuWKwHjvcJ",
    "childNodes": [
      "Deep",
      "architectures for joint clustering and",
      "visualization",
      "with self-organizing maps"
    ]
  },
  {
    "href": "https://digital-library.theiet.org/content/conferences/10.1049/cp.2019.0306",
    "id": "sOSiwaSUM9AJ",
    "childNodes": [
      "The",
      "visualization",
      "technology of the UHVDC control and protection system based on",
      "deep learning"
    ]
  },
  {
    "href": "https://dl.acm.org/doi/abs/10.1145/3442536.3442543",
    "id": "tjINgfUFnh0J",
    "childNodes": [
      "Prediction of lung and colon cancer through analysis of histopathological images by utilizing Pre-trained CNN models with",
      "visualization",
      "of class activation and …"
    ]
  },
  {
    "href": "https://arxiv.org/abs/2001.01578",
    "id": "SFgC3i1FTZsJ",
    "childNodes": [
      "Dissecting catastrophic forgetting in continual",
      "learning",
      "by",
      "deep visualization"
    ]
  }
]