[
  {
    "href": "https://books.google.com/books?hl=en&lr=&id=TKh6fdlKwfMC&oi=fnd&pg=PR5&dq=deep+learning+visualization&ots=cZOCN6AUpC&sig=jTNQ2WEQAEUYyaCySLE8S1DT7gk",
    "id": "ZHmaRkDxw5IJ",
    "childNodes": [
      "Beautiful",
      "visualization",
      ": Looking at data through the eyes of experts"
    ]
  },
  {
    "href": "https://ieeexplore.ieee.org/abstract/document/9863948/",
    "id": "FDay_NS8gqkJ",
    "childNodes": [
      "Review of data",
      "visualization",
      "techniques in IoT data"
    ]
  },
  {
    "href": "https://dl.acm.org/doi/abs/10.1145/2883851.2883904",
    "id": "hpgbQ5K0w_wJ",
    "childNodes": [
      "The role of achievement goal orientations when studying effect of",
      "learning",
      "analytics",
      "visualizations"
    ]
  },
  {
    "href": "https://ieeexplore.ieee.org/abstract/document/9866967/",
    "id": "5F5fJA8CXegJ",
    "childNodes": [
      "Exploring LRP and Grad-CAM",
      "visualization",
      "to interpret multi-label-multi-class pathology prediction using chest radiography"
    ]
  },
  {
    "href": "https://ieeexplore.ieee.org/abstract/document/8490694/",
    "id": "DP73XNwcD9EJ",
    "childNodes": [
      "Scatternet: A",
      "deep",
      "subjective similarity model for visual analysis of scatterplots"
    ]
  },
  {
    "href": "https://www.mdpi.com/2072-4292/12/14/2215",
    "id": "ssI0ltRwUusJ",
    "childNodes": [
      "Learning",
      "to classify structures in ALS-derived",
      "visualizations",
      "of ancient Maya settlements with CNN"
    ]
  },
  {
    "href": "https://arxiv.org/abs/2201.09954",
    "id": "5Jt6X4R8SU0J",
    "childNodes": [
      "BIM LOD+ Virtual Reality--Using Game Engine for",
      "Visualization",
      "in Architectural & Construction Education"
    ]
  },
  {
    "href": "https://www.frontiersin.org/articles/10.3389/fmats.2020.576918/full",
    "id": "PF6cdpSAtvsJ",
    "childNodes": [
      "Fusion and",
      "visualization",
      "of bridge deck nondestructive evaluation data via machine",
      "learning"
    ]
  },
  {
    "href": "https://link.springer.com/chapter/10.1007/978-3-030-61108-8_36",
    "id": "Pyhd7gpUwnYJ",
    "childNodes": [
      "Review of intelligent data analysis and data",
      "visualization"
    ]
  },
  {
    "href": "https://link.springer.com/chapter/10.1007/978-981-99-3481-2_54",
    "id": "p1WDfON5wTwJ",
    "childNodes": [
      "AI",
      "Visualization",
      "in Nanoscale Microscopy"
    ]
  }
]