[
  {
    "href": "http://philstat.org/index.php/MSEA/article/view/65",
    "id": "q-V1WwXWssQJ",
    "childNodes": [
      "IVMCT: Image",
      "visualization",
      "based multiclass malware classification using transfer",
      "learning"
    ]
  },
  {
    "href": "https://dl.acm.org/doi/abs/10.1145/3491102.3502048",
    "id": "Pe-_t2qciLcJ",
    "childNodes": [
      "Structure-aware",
      "visualization",
      "retrieval"
    ]
  },
  {
    "href": "https://www.academia.edu/download/87596546/Manuscript.pdf",
    "id": "DOAI1gn7i3EJ",
    "childNodes": [
      "Tongue fissure",
      "visualization",
      "by using",
      "deep learning",
      "–an example of the application of artificial intelligence in traditional medicine"
    ]
  },
  {
    "href": "https://ieeexplore.ieee.org/abstract/document/9501434/",
    "id": "DBskH5hfhT8J",
    "childNodes": [
      "Emphasized",
      "visualization",
      "of hidden age spots using",
      "deep learning",
      "of young skin"
    ]
  },
  {
    "href": "https://ascelibrary.org/doi/abs/10.1061/JCCEE5.CPENG-5857",
    "id": "ucHFE2LAz-QJ",
    "childNodes": [
      "An Efficient Explainable Convolutional Network with",
      "Visualization",
      "of Feature Maps for Enhanced Understanding of Building Facade Defects"
    ]
  },
  {
    "href": "https://ieeexplore.ieee.org/abstract/document/9061651/",
    "id": "dIw6pWZAqcsJ",
    "childNodes": [
      "Deep learning",
      "classification features",
      "visualization",
      "for arm movement brain-computer interface"
    ]
  },
  {
    "href": "https://www.mdpi.com/2075-4426/11/10/1025",
    "id": "txa6-g9sd4gJ",
    "childNodes": [
      "Classification and",
      "visualization",
      "of chemotherapy-induced cognitive impairment in volumetric convolutional neural networks"
    ]
  },
  {
    "href": "https://www.sciencedirect.com/science/article/pii/S1047320320301826",
    "id": "INgqEfsuH0IJ",
    "childNodes": [
      "Improved-storygan for sequential images",
      "visualization"
    ]
  },
  {
    "href": "https://ieeexplore.ieee.org/abstract/document/10561717/",
    "id": "JhFAsWhUUSwJ",
    "childNodes": [
      "Colon cancer detection using A lightweight-CNN with grad-cam++",
      "visualization"
    ]
  },
  {
    "href": "https://ieeexplore.ieee.org/abstract/document/9411595/",
    "id": "BpOxqEQaPV0J",
    "childNodes": [
      "Detection and 3d",
      "visualization",
      "of brain tumor using",
      "deep learning",
      "and polynomial interpolation"
    ]
  }
]