[
  {
    "href": "https://arxiv.org/abs/1804.11191",
    "id": "X68kSEOXx0AJ",
    "childNodes": [
      "How convolutional neural network see the world-A survey of convolutional neural network",
      "visualization",
      "methods"
    ]
  },
  {
    "href": "https://link.springer.com/article/10.1007/s40747-021-00539-y",
    "id": "SgcZmlutmioJ",
    "childNodes": [
      "Special issue on interpretation of",
      "deep learning",
      ": prediction, representation, quantification and",
      "visualization"
    ]
  },
  {
    "href": "http://openaccess.thecvf.com/content_ICCVW_2019/html/SDL-CV/Gorbachev_OpenVINO_Deep_Learning_Workbench_Comprehensive_Analysis_and_Tuning_of_Neural_ICCVW_2019_paper.html",
    "id": "ttmmjtqVfxkJ",
    "childNodes": [
      "Openvino",
      "deep learning",
      "workbench: Comprehensive analysis and tuning of neural networks inference"
    ]
  },
  {
    "href": "https://ieeexplore.ieee.org/abstract/document/8721646/",
    "id": "b3FKeUFv_H0J",
    "childNodes": [
      "Analysis and",
      "visualization",
      "of",
      "deep",
      "neural networks in device-free Wi-Fi indoor localization"
    ]
  },
  {
    "href": "https://ieeexplore.ieee.org/abstract/document/10308082/",
    "id": "LLiX6AkqelgJ",
    "childNodes": [
      "Ultrasonic Spectral Information Promotes Specificity and",
      "Visualization",
      "of Breast Cancer in",
      "Deep Learning"
    ]
  },
  {
    "href": "https://arxiv.org/abs/2104.04785",
    "id": "MSih-RV2_o4J",
    "childNodes": [
      "Physically-consistent generative adversarial networks for coastal flood",
      "visualization"
    ]
  },
  {
    "href": "https://ieeexplore.ieee.org/abstract/document/8837017/",
    "id": "bz1ioGRVv-cJ",
    "childNodes": [
      "Malicious Classification Based on",
      "Deep Learning",
      "and",
      "Visualization"
    ]
  },
  {
    "href": "https://onlinelibrary.wiley.com/doi/abs/10.1155/2022/7671967",
    "id": "vTbDiRTWeF4J",
    "childNodes": [
      "Explainable Artificial Intelligence‐Based IoT Device Malware Detection Mechanism Using Image",
      "Visualization",
      "and Fine‐Tuned CNN‐Based Transfer",
      "Learning",
      "Model"
    ]
  },
  {
    "href": "https://link.springer.com/chapter/10.1007/978-3-031-60114-9_2",
    "id": "cKjZm-Uy4PIJ",
    "childNodes": [
      "Visualization",
      "and Interpretation of Latent Space in",
      "Deep Learning"
    ]
  },
  {
    "href": "https://alz-journals.onlinelibrary.wiley.com/doi/abs/10.1002/alz.037352",
    "id": "AMTERTtkPN4J",
    "childNodes": [
      "Visualization",
      "of",
      "deep learning",
      "relevance maps for AD detection: Doctor AI: Making computers explain their decisions"
    ]
  }
]