[
  {
    "href": "https://ieeexplore.ieee.org/abstract/document/9126844/",
    "id": "1CavFeK1SxIJ",
    "childNodes": [
      "Visualization",
      "analysis of seismic facies based on",
      "deep",
      "embedded SOM"
    ]
  },
  {
    "href": "https://www.academia.edu/download/103268119/pdf.pdf",
    "id": "y3jaFAEBq4UJ",
    "childNodes": [
      "Real-Time 3D UAV pose estimation by",
      "visualization"
    ]
  },
  {
    "href": "https://onlinelibrary.wiley.com/doi/abs/10.1002/hbm.24724",
    "id": "TcXuAaeRStwJ",
    "childNodes": [
      "EEG‐based outcome prediction after cardiac arrest with convolutional neural networks: Performance and",
      "visualization",
      "of discriminative features"
    ]
  },
  {
    "href": "https://www.mdpi.com/2076-3417/11/14/6446",
    "id": "GRcKCv0orqIJ",
    "childNodes": [
      "Visualized",
      "malware multi-classification framework using fine-tuned CNN-based transfer",
      "learning",
      "models"
    ]
  },
  {
    "href": "https://www.sciencedirect.com/science/article/pii/S2352409X2100239X",
    "id": "Y5irc8FXL-UJ",
    "childNodes": [
      "Objective comparison of relief",
      "visualization",
      "techniques with",
      "deep",
      "CNN for archaeology"
    ]
  },
  {
    "href": "https://www.nature.com/articles/s41598-024-54502-1",
    "id": "La41xwPdP4QJ",
    "childNodes": [
      "Enhanced",
      "visualization",
      "in endoleak detection through iterative and AI-noise optimized spectral reconstructions"
    ]
  },
  {
    "href": "https://ieeexplore.ieee.org/abstract/document/8805457/",
    "id": "sUbbxmbsBbYJ",
    "childNodes": [
      "Visual interaction with",
      "deep learning",
      "models through collaborative semantic inference"
    ]
  },
  {
    "href": "https://ieeexplore.ieee.org/abstract/document/10699280/",
    "id": "C2x9myTdWLAJ",
    "childNodes": [
      "Image Processing and",
      "Visualization",
      "Technology Application of an Improved",
      "Deep Learning",
      "Algorithm"
    ]
  },
  {
    "href": "https://www.sciencedirect.com/science/article/pii/S0306457321002181",
    "id": "HmwyBr-zNKQJ",
    "childNodes": [
      "IoT data",
      "visualization",
      "for business intelligence in corporate finance"
    ]
  },
  {
    "href": "https://papers.ssrn.com/sol3/papers.cfm?abstract_id=5094311",
    "id": "SC9sfmRaDhYJ",
    "childNodes": [
      "ARGUS:",
      "Visualization",
      "of AI and Machine",
      "Learning",
      "-Assisted Task Guidance in Augmented Reality"
    ]
  }
]