[
  {
    "href": "https://nmbu.brage.unit.no/nmbu-xmlui/handle/11250/2683463",
    "id": "tsAsiMoecdoJ",
    "childNodes": [
      "Visualization",
      "of",
      "deep learning",
      "in auto-delineation of cancer tumors"
    ]
  },
  {
    "href": "https://link.springer.com/article/10.1007/s00779-021-01581-w",
    "id": "P2Lum0QjVdEJ",
    "childNodes": [
      "Malware",
      "visualization",
      "and detection using DenseNets"
    ]
  },
  {
    "href": "https://www.ceeol.com/search/article-detail?id=1123077",
    "id": "hfu6cTZKMAEJ",
    "childNodes": [
      "Trend and",
      "Visualization",
      "of Artificial Intelligence Research in the Last 10 Years."
    ]
  },
  {
    "href": "https://academic.oup.com/nar/article-abstract/50/9/4877/6582166",
    "id": "n-7sMzcUMswJ",
    "childNodes": [
      "scIMC: a platform for benchmarking comparison and",
      "visualization",
      "analysis of scRNA-seq data imputation methods"
    ]
  },
  {
    "href": "https://arxiv.org/abs/2312.03789",
    "id": "Pd3Osdjho74J",
    "childNodes": [
      "Comparative Analysis of Multilingual Text Classification & Identification through",
      "Deep Learning",
      "and Embedding",
      "Visualization"
    ]
  },
  {
    "href": "https://link.springer.com/article/10.1186/s12911-019-0984-8",
    "id": "6XYYduvIeRYJ",
    "childNodes": [
      "A temporal",
      "visualization",
      "of chronic obstructive pulmonary disease progression using",
      "deep learning",
      "and unstructured clinical notes"
    ]
  },
  {
    "href": "https://www.mdpi.com/2224-2708/11/3/50",
    "id": "XWOY8yQj2zoJ",
    "childNodes": [
      "A review of artificial intelligence technologies in mineral identification: classification and",
      "visualization"
    ]
  },
  {
    "href": "https://ieeexplore.ieee.org/abstract/document/8847950/",
    "id": "u8iwd6IZ0L4J",
    "childNodes": [
      "Visualization",
      "of",
      "deep",
      "reinforcement",
      "learning",
      "using grad-CAM: how AI plays atari games?"
    ]
  },
  {
    "href": "https://ieeexplore.ieee.org/abstract/document/10314004/",
    "id": "1FQ2uZn6FYQJ",
    "childNodes": [
      "Data-Driven Diagnosis of PMSM Drive with Self-Sensing Signal",
      "Visualization",
      "and",
      "Deep",
      "Transfer",
      "Learning"
    ]
  },
  {
    "href": "https://ieeexplore.ieee.org/abstract/document/9912366/",
    "id": "fcDtU3Nk3kwJ",
    "childNodes": [
      "Towards natural language-based",
      "visualization",
      "authoring"
    ]
  }
]