[
  {
    "href": "https://ieeexplore.ieee.org/abstract/document/8728405/",
    "id": "q9Q1g8h5GnYJ",
    "childNodes": [
      "Capsule neural networks and",
      "visualization",
      "for segregation of plastic and non-plastic wastes"
    ]
  },
  {
    "href": "https://www.sciencedirect.com/science/article/pii/S1389128621004953",
    "id": "byDsMvi6b70J",
    "childNodes": [
      "Distinguishing malicious programs based on",
      "visualization",
      "and hybrid",
      "learning",
      "algorithms"
    ]
  },
  {
    "href": "https://arxiv.org/abs/1807.06641",
    "id": "5QmFQElf06wJ",
    "childNodes": [
      "Beyond heuristics:",
      "Learning visualization",
      "design"
    ]
  },
  {
    "href": "https://ieeexplore.ieee.org/abstract/document/8781576/",
    "id": "Bcm5Sv2Dt3sJ",
    "childNodes": [
      "DNN-VolVis: Interactive volume",
      "visualization",
      "supported by",
      "deep",
      "neural network"
    ]
  },
  {
    "href": "https://ieeexplore.ieee.org/abstract/document/9579878/",
    "id": "ubSD2Hx4lbwJ",
    "childNodes": [
      "Visualization",
      "of COVID Bimodal scan using DNN"
    ]
  },
  {
    "href": "https://www.sciencedirect.com/science/article/pii/S0161642016317742",
    "id": "tLEoX5uaRuwJ",
    "childNodes": [
      "Automated identification of diabetic retinopathy using",
      "deep learning"
    ]
  },
  {
    "href": "https://ieeexplore.ieee.org/abstract/document/9256357/",
    "id": "uhqZcEDA6tAJ",
    "childNodes": [
      "A multi-scale fusion convolutional neural network based on attention mechanism for the",
      "visualization",
      "analysis of EEG signals decoding"
    ]
  },
  {
    "href": "https://www.sciencedirect.com/science/article/pii/S2468502X20300140",
    "id": "GUnhGSeG7zkJ",
    "childNodes": [
      "Toward automatic comparison of",
      "visualization",
      "techniques: Application to graph",
      "visualization"
    ]
  },
  {
    "href": "https://www.ceeol.com/search/article-detail?id=1176620",
    "id": "wGIZkEemm1MJ",
    "childNodes": [
      "Context Awareness and",
      "Deep Learning",
      "Algorithms, Immersive",
      "Visualization",
      "and Autonomous Cognitive Systems, and Natural Language Processing and Digital Twin …"
    ]
  },
  {
    "href": "https://dl.acm.org/doi/abs/10.1145/3576935",
    "id": "WuaECpkPFX4J",
    "childNodes": [
      "Visualization",
      "and visual analytics approaches for image and video datasets: A survey"
    ]
  }
]