[
  {
    "href": "https://opg.optica.org/abstract.cfm?uri=oe-32-1-471",
    "id": "_LtmxIsTlmcJ",
    "childNodes": [
      "Visualization",
      "and quantization of 3D retinal vessels in OCTA images"
    ]
  },
  {
    "href": "https://arxiv.org/abs/1909.09735",
    "id": "_kXjrRdYyBYJ",
    "childNodes": [
      "COPYCAT: practical adversarial attacks on",
      "visualization",
      "-based malware detection"
    ]
  },
  {
    "href": "https://link.springer.com/article/10.1007/s10845-022-02057-1",
    "id": "BWjJxrITSR0J",
    "childNodes": [
      "Rule-based",
      "visualization",
      "of faulty process conditions in the die-casting manufacturing"
    ]
  },
  {
    "href": "https://ieeexplore.ieee.org/abstract/document/9175865/",
    "id": "2c0ym9KWN24J",
    "childNodes": [
      "Forearm high-density electromyography data",
      "visualization",
      "and classification with machine",
      "learning",
      "for hand prosthesis control"
    ]
  },
  {
    "href": "https://ieeexplore.ieee.org/abstract/document/10326416/",
    "id": "g5YXPLBkzTcJ",
    "childNodes": [
      "A Study on Acne",
      "Visualization",
      "and Prediction of Therapeutic Drug Effectiveness Using Wood's Lamp and",
      "Deep Learning"
    ]
  },
  {
    "href": "https://search.ebscohost.com/login.aspx?direct=true&profile=ehost&scope=site&authtype=crawler&jrnl=2158107X&AN=177684345&h=zOITDbtBBQKTfpMJcJwedkKeGpmjMHJrJsDyPF%2BShWW3bFQbXE%2B1m%2BeTIm6zElsfRRHlI%2BcqYSD%2BIa64EwJS%2BA%3D%3D&crl=c",
    "id": "FuHY2d6LRaUJ",
    "childNodes": [
      "AdvAttackVis: An Adversarial Attack",
      "Visualization",
      "System for",
      "Deep",
      "Neural Networks."
    ]
  },
  {
    "href": "https://www.mdpi.com/2220-9964/12/7/291",
    "id": "vSYwEAes908J",
    "childNodes": [
      "Spatiotemporal Predictive Geo-",
      "Visualization",
      "of Criminal Activity for Application to Real-Time Systems for Crime Deterrence, Prevention and Control"
    ]
  },
  {
    "href": "https://www.sciencedirect.com/science/article/pii/S2468502X24000160",
    "id": "c36O9Q3P0xIJ",
    "childNodes": [
      "Generative ai for",
      "visualization",
      ": State of the art and future directions"
    ]
  },
  {
    "href": "https://link.springer.com/chapter/10.1007/978-981-16-2674-6_15",
    "id": "cQ0Lafsy4lwJ",
    "childNodes": [
      "Visualization",
      "and Evaluation of Methane Gas Leakage by Thermal Image Processing Using Supervised",
      "Deep Learning",
      "Models"
    ]
  },
  {
    "href": "http://www.aas.net.cn/article/exportPdf?id=7e04ab05-9549-4a4f-b718-d0100d72edaf",
    "id": "XuD2evR4IwMJ",
    "childNodes": [
      "Representation",
      "visualization",
      "of convolutional neural networks: a survey"
    ]
  }
]