[
  {
    "href": "https://www.sciencedirect.com/science/article/pii/S0003682X23001615",
    "id": "Bouca6KN2WYJ",
    "childNodes": [
      "Study on intelligent and",
      "visualization",
      "method of ultrasonic testing of composite materials based on",
      "deep learning"
    ]
  },
  {
    "href": "https://arxiv.org/abs/2101.10578",
    "id": "kLqbYqSbbzQJ",
    "childNodes": [
      "Malware detection using frequency domain-based image",
      "visualization",
      "and",
      "deep learning"
    ]
  },
  {
    "href": "https://www.nature.com/articles/s41524-021-00575-9",
    "id": "CGUBaQlScjMJ",
    "childNodes": [
      "Deep learning",
      "for",
      "visualization",
      "and novelty detection in large X-ray diffraction datasets"
    ]
  },
  {
    "href": "https://drpress.org/ojs/index.php/ajst/article/view/19145",
    "id": "KZqq_fvLvvQJ",
    "childNodes": [
      "Deep Learning",
      "-Based Recognition and",
      "Visualization",
      "of Human Motion Behavior"
    ]
  },
  {
    "href": "https://ieeexplore.ieee.org/abstract/document/8807294/",
    "id": "9vqeB3eRyl4J",
    "childNodes": [
      "S",
      "SPAN",
      ": Scaling",
      "Deep Learning",
      "Interpretability by Visualizing Activation and Attribution Summarizations"
    ]
  },
  {
    "href": "https://ascelibrary.org/doi/full/10.1061/(ASCE)CP.1943-5487.0000890",
    "id": "LYZctrevn6gJ",
    "childNodes": [
      "Crack detection and segmentation using",
      "deep learning",
      "with 3D reality mesh model for quantitative assessment and integrated",
      "visualization"
    ]
  },
  {
    "href": "https://www.sciencedirect.com/science/article/pii/S0378720621001610",
    "id": "kmMB90GLNUoJ",
    "childNodes": [
      "Predicting aspect-based sentiment using",
      "deep learning",
      "and information",
      "visualization",
      ": The impact of COVID-19 on the airline industry"
    ]
  },
  {
    "href": "https://ieeexplore.ieee.org/abstract/document/9222325/",
    "id": "8fTHbWZQKssJ",
    "childNodes": [
      "CNN explainer:",
      "learning",
      "convolutional neural networks with interactive",
      "visualization"
    ]
  },
  {
    "href": "https://www2.eecs.berkeley.edu/Pubs/TechRpts/2017/EECS-2017-84.pdf",
    "id": "xJXpXK4fox0J",
    "childNodes": [
      "Understanding",
      "deep learning",
      "through",
      "visualization"
    ]
  },
  {
    "href": "https://www.sciencedirect.com/science/article/pii/S0026271418308485",
    "id": "m2a1agDCddgJ",
    "childNodes": [
      "An Android mutation malware detection based on",
      "deep learning",
      "using",
      "visualization",
      "of importance from codes"
    ]
  }
]