[
  {
    "href": "https://ieeexplore.ieee.org/abstract/document/10017653/",
    "id": "OMRAl-tWKKwJ",
    "childNodes": [
      "Natural language interface for data",
      "visualization",
      "with",
      "deep learning",
      "based language models"
    ]
  },
  {
    "href": "https://www.jstage.jst.go.jp/article/jaciii/24/5/24_676/_article/-char/ja/",
    "id": "qngri_OmcN8J",
    "childNodes": [
      "Visualization",
      "method corresponding to regression problems and its application to",
      "deep learning",
      "-based gaze estimation model"
    ]
  },
  {
    "href": "https://ieeexplore.ieee.org/abstract/document/8588469/",
    "id": "0eU2W4_wUKYJ",
    "childNodes": [
      "Tongue fissure",
      "visualization",
      "with",
      "deep learning"
    ]
  },
  {
    "href": "https://www.medrxiv.org/content/10.1101/2023.03.06.23286879.abstract",
    "id": "MbzbhO2pZ7AJ",
    "childNodes": [
      "Glaucoma Detection and Feature",
      "Visualization",
      "from OCT Images Using",
      "Deep Learning"
    ]
  },
  {
    "href": "https://ieeexplore.ieee.org/abstract/document/9288672/",
    "id": "1ZP4bt-bUfEJ",
    "childNodes": [
      "MF-TCPV: a machine",
      "learning",
      "and fuzzy comprehensive evaluation-based framework for traffic congestion prediction and",
      "visualization"
    ]
  },
  {
    "href": "https://www.nature.com/articles/s41598-019-42557-4",
    "id": "4oRc-oZ4XgEJ",
    "childNodes": [
      "Efficient",
      "deep",
      "network architectures for fast chest X-ray tuberculosis screening and",
      "visualization"
    ]
  },
  {
    "href": "https://link.springer.com/chapter/10.1007/978-3-658-38798-3_2",
    "id": "JtDK_inGBdIJ",
    "childNodes": [
      "Visualization",
      "and",
      "Deep Learning",
      "in Data Science"
    ]
  },
  {
    "href": "https://link.springer.com/article/10.1007/s11227-022-04802-y",
    "id": "9cwqp3LsSNgJ",
    "childNodes": [
      "Implementation and",
      "visualization",
      "of a netflow log data lake system for cyberattack detection using distributed",
      "deep learning"
    ]
  },
  {
    "href": "https://link.springer.com/chapter/10.1007/978-3-030-28954-6_4",
    "id": "gT3piFHknA4J",
    "childNodes": [
      "Understanding neural networks via feature",
      "visualization",
      ": A survey"
    ]
  },
  {
    "href": "https://ieeexplore.ieee.org/abstract/document/9202642/",
    "id": "HaY7InvVEO0J",
    "childNodes": [
      "Seq2image: Sequence analysis using",
      "visualization",
      "and",
      "deep",
      "convolutional neural network"
    ]
  }
]