[
  {
    "href": "https://www.spiedigitallibrary.org/conference-proceedings-of-spie/11313/113131J/Visualization-approach-to-assess-the-robustness-of-neural-networks-for/10.1117/12.2548952.short",
    "id": "5ftvp8reeTAJ",
    "childNodes": [
      "Visualization",
      "approach to assess the robustness of neural networks for medical image classification"
    ]
  },
  {
    "href": "https://link.springer.com/chapter/10.1007/978-3-030-51194-4_132",
    "id": "PZxYRYItK_YJ",
    "childNodes": [
      "Visualization",
      "of features in multivariate gait data: Use of a",
      "deep learning",
      "for the",
      "visualization",
      "of body parts and their timing during gait training"
    ]
  },
  {
    "href": "https://www.doria.fi/handle/10024/188147",
    "id": "VCzbVokERpEJ",
    "childNodes": [
      "Human Movement Recognition using",
      "Deep Learning",
      "on",
      "Visualized",
      "CSI Wi-Fi data"
    ]
  },
  {
    "href": "https://arxiv.org/abs/2204.03852",
    "id": "AIwiqUiy6n8J",
    "childNodes": [
      "Reliable",
      "visualization",
      "for",
      "deep",
      "speaker recognition"
    ]
  },
  {
    "href": "https://anatomypubs.onlinelibrary.wiley.com/doi/abs/10.1002/ase.2255",
    "id": "uKO1mBMCT_cJ",
    "childNodes": [
      "How students discern anatomical structures using digital three‐dimensional",
      "visualizations",
      "in anatomy education"
    ]
  },
  {
    "href": "https://ieeexplore.ieee.org/abstract/document/9963559/",
    "id": "GP7DBNPpD-UJ",
    "childNodes": [
      "Lung tumor localization and",
      "visualization",
      "in chest X-ray images using",
      "deep",
      "fusion network and class activation mapping"
    ]
  },
  {
    "href": "https://link.springer.com/chapter/10.1007/978-3-319-56204-9_14",
    "id": "UZCHppqKtk4J",
    "childNodes": [
      "Drawing for promoting",
      "learning",
      "and engagement with dynamic",
      "visualizations"
    ]
  },
  {
    "href": "https://ieeexplore.ieee.org/abstract/document/9478152/",
    "id": "m5mNjIMJ2R4J",
    "childNodes": [
      "Explainable",
      "deep",
      "neural models for covid-19 prediction from chest x-rays with region of interest",
      "visualization"
    ]
  },
  {
    "href": "https://www.sciencedirect.com/science/article/pii/S0010482519302033",
    "id": "NaUvL1ihjqsJ",
    "childNodes": [
      "EVCMR: a tool for the quantitative evaluation and",
      "visualization",
      "of cardiac MRI data"
    ]
  },
  {
    "href": "https://ieeexplore.ieee.org/abstract/document/8681127/",
    "id": "cNtMWnjwsrEJ",
    "childNodes": [
      "Robust intelligent malware detection using",
      "deep learning"
    ]
  }
]