[
  {
    "href": "https://www.mdpi.com/2223-7747/10/6/1257",
    "id": "39kVWruSTjgJ",
    "childNodes": [
      "Coffee disease",
      "visualization",
      "and classification"
    ]
  },
  {
    "href": "https://ieeexplore.ieee.org/abstract/document/9535171/",
    "id": "d_NpF9ZcQekJ",
    "childNodes": [
      "Powering",
      "visualization",
      "with",
      "deep learning"
    ]
  },
  {
    "href": "https://iovs.arvojournals.org/article.aspx?articleid=2793292",
    "id": "dKJNlFfnDTUJ",
    "childNodes": [
      "Visualization",
      "of optic nerve structural patterns in papilledema using",
      "deep learning",
      "variational autoencoders"
    ]
  },
  {
    "href": "https://www.science.org/doi/abs/10.1126/science.aaw4741",
    "id": "88mZsdJos88J",
    "childNodes": [
      "Hidden fluid mechanics:",
      "Learning",
      "velocity and pressure fields from flow",
      "visualizations"
    ]
  },
  {
    "href": "https://www.sciencedirect.com/science/article/pii/S0167404821000717",
    "id": "keAte1RngHUJ",
    "childNodes": [
      "Malware detection employed by",
      "visualization",
      "and",
      "deep",
      "neural network"
    ]
  },
  {
    "href": "https://jov.arvojournals.org/article.aspx?articleid=2783720",
    "id": "_QbsoZhzUigJ",
    "childNodes": [
      "Deep learning",
      "segmentation,",
      "visualization",
      ", and automated 3D assessment of ciliary body in 3D ultrasound biomicroscopy images"
    ]
  },
  {
    "href": "https://pubs.aip.org/lia/jla/article/35/3/032007/2900635",
    "id": "LoYD3NFeihEJ",
    "childNodes": [
      "Predictive",
      "visualization",
      "of fiber laser cutting topography via",
      "deep learning",
      "with image inpainting"
    ]
  },
  {
    "href": "https://www.nature.com/articles/s41598-019-54548-6",
    "id": "fRAmPGMpYZYJ",
    "childNodes": [
      "Classification and",
      "visualization",
      "of Alzheimer's disease using volumetric convolutional neural network and transfer",
      "learning"
    ]
  },
  {
    "href": "https://arxiv.org/abs/1602.03616",
    "id": "zEs3XYPmg7AJ",
    "childNodes": [
      "Multifaceted feature",
      "visualization",
      ": Uncovering the different types of features learned by each neuron in",
      "deep",
      "neural networks"
    ]
  },
  {
    "href": "https://www.sciencedirect.com/science/article/pii/S1746809423001556",
    "id": "4u2Mr2rhKQYJ",
    "childNodes": [
      "Automated detection and classification of leukemia on a subject-independent test dataset using",
      "deep",
      "transfer",
      "learning",
      "supported by Grad-CAM",
      "visualization"
    ]
  }
]