[
  {
    "href": "https://ieeexplore.ieee.org/abstract/document/9187856/",
    "id": "fTbibQH7iA4J",
    "childNodes": [
      "A malware detection method of code texture",
      "visualization",
      "based on an improved faster RCNN combining transfer",
      "learning"
    ]
  },
  {
    "href": "https://ieeexplore.ieee.org/abstract/document/10838450/",
    "id": "kg0T9BX3_fAJ",
    "childNodes": [
      "MANet: A",
      "Deep Learning",
      "Framework for Multi-Cancer Microarray Analysis, Classification, and",
      "Visualization"
    ]
  },
  {
    "href": "https://ieeexplore.ieee.org/abstract/document/8802285/",
    "id": "3spX59pIj0kJ",
    "childNodes": [
      "TSR-TVD: Temporal super-resolution for time-varying data analysis and",
      "visualization"
    ]
  },
  {
    "href": "https://www.spiedigitallibrary.org/conference-proceedings-of-spie/12754/127542Y/Road-detection-and-three-dimensional-visualization-management-using-deep-learning/10.1117/12.2684165.short",
    "id": "ywvIZdiBGhQJ",
    "childNodes": [
      "Road detection and three-dimensional",
      "visualization",
      "management using",
      "deep learning",
      "and BIM integration"
    ]
  },
  {
    "href": "https://ieeexplore.ieee.org/abstract/document/8864576/",
    "id": "ARWP6WSmTpIJ",
    "childNodes": [
      "The role of serious gaming using virtual reality applications for 3D architectural",
      "visualization"
    ]
  },
  {
    "href": "https://ieeexplore.ieee.org/abstract/document/9926782/",
    "id": "DhxoabrxbQcJ",
    "childNodes": [
      "Deep learning",
      "based automated screening for intracranial hemorrhages and grad-cam",
      "visualizations",
      "on non-contrast head computed tomography volumes"
    ]
  },
  {
    "href": "https://ieeexplore.ieee.org/abstract/document/8861609/",
    "id": "-brRMHgDAF8J",
    "childNodes": [
      "Internet of things solution for intelligent air pollution prediction and",
      "visualization"
    ]
  },
  {
    "href": "https://ieeexplore.ieee.org/abstract/document/9871414/",
    "id": "e0ovplHQqJYJ",
    "childNodes": [
      "A Model",
      "Visualization",
      "-based Approach for Insight into Waveforms and Spectra Learned by CNNs"
    ]
  },
  {
    "href": "https://arxiv.org/abs/2004.12538",
    "id": "oqvnlsJcAKMJ",
    "childNodes": [
      "Interpretation of",
      "deep",
      "temporal representations by selective",
      "visualization",
      "of internally activated nodes"
    ]
  },
  {
    "href": "https://link.springer.com/article/10.1007/s10278-024-01158-y",
    "id": "NK_OXV1cEKYJ",
    "childNodes": [
      "Adrenal Volume Quantitative",
      "Visualization",
      "Tool by Multiple Parameters and an nnU-Net",
      "Deep Learning",
      "Automatic Segmentation Model"
    ]
  }
]