[
  {
    "href": "https://www.sciencedirect.com/science/article/pii/S2214509524008623",
    "id": "zI1idUajrg4J",
    "childNodes": [
      "Visualization",
      "analysis of concrete crack detection in civil engineering infrastructure based on knowledge graph"
    ]
  },
  {
    "href": "https://link.springer.com/article/10.1007/s11356-021-17800-z",
    "id": "8al5v-txHacJ",
    "childNodes": [
      "Knowledge graph analysis and",
      "visualization",
      "of AI technology applied in COVID-19"
    ]
  },
  {
    "href": "https://www.ncbi.nlm.nih.gov/pmc/articles/PMC7090000/",
    "id": "NiYAJtFqtQkJ",
    "childNodes": [
      "Author correction: Classification and",
      "visualization",
      "of Alzheimer's disease using volumetric convolutional neural network and transfer",
      "learning"
    ]
  },
  {
    "href": "https://www.frontiersin.org/articles/10.3389/fenrg.2021.827942/full",
    "id": "aiUtk6_XQe4J",
    "childNodes": [
      "Operation Risk Assessment of Hydroelectric Energy Storage Based on Data",
      "Visualization",
      "and Convolutional Neural Network"
    ]
  },
  {
    "href": "https://www.ijcai.org/proceedings/2019/0960.pdf",
    "id": "OvEKWZY4aY8J",
    "childNodes": [
      "Multi-Agent",
      "Visualization",
      "for Explaining Federated",
      "Learning",
      "."
    ]
  },
  {
    "href": "https://link.springer.com/article/10.1007/s11412-015-9209-z",
    "id": "GYoJFDPj_fAJ",
    "childNodes": [
      "“Whoa! We're going",
      "deep",
      "in the trees!”: Patterns of collaboration around an interactive information",
      "visualization",
      "exhibit"
    ]
  },
  {
    "href": "https://link.springer.com/chapter/10.1007/978-3-031-46549-9_17",
    "id": "0h99GeACwZoJ",
    "childNodes": [
      "Information",
      "Visualization",
      "with ChatGPT"
    ]
  },
  {
    "href": "https://ieeexplore.ieee.org/abstract/document/9756420/",
    "id": "9Jap0jnHxDQJ",
    "childNodes": [
      "Detection and",
      "visualization",
      "of COVID-19 in chest X-ray images using CNN and Grad-CAM (GCCN)"
    ]
  },
  {
    "href": "https://proceedings.neurips.cc/paper/2019/hash/adf7ee2dcf142b0e11888e72b43fcb75-Abstract.html",
    "id": "a6S_OnFp17gJ",
    "childNodes": [
      "This looks like that:",
      "deep learning",
      "for interpretable image recognition"
    ]
  },
  {
    "href": "https://www.mdpi.com/2223-7747/8/11/468",
    "id": "r2lnvKuiI-IJ",
    "childNodes": [
      "Plant disease detection and classification by",
      "deep learning"
    ]
  }
]