[
  {
    "href": "https://arxiv.org/abs/1808.04327",
    "id": "Z3m2GEH6PCkJ",
    "childNodes": [
      "Hidden fluid mechanics: A Navier-Stokes informed",
      "deep learning",
      "framework for assimilating flow",
      "visualization",
      "data"
    ]
  },
  {
    "href": "https://link.springer.com/chapter/10.1007/978-3-030-23528-4_29",
    "id": "D_lEv0CrNVEJ",
    "childNodes": [
      "Visualization",
      "and exploration of",
      "deep learning",
      "networks in 3D and virtual reality"
    ]
  },
  {
    "href": "https://eviva-ml.github.io/papers/sub1009.pdf",
    "id": "lRZuyT-VULAJ",
    "childNodes": [
      "How does",
      "visualization",
      "help people",
      "learn deep learning",
      "? Evaluation of GAN Lab"
    ]
  },
  {
    "href": "https://ieeexplore.ieee.org/abstract/document/8019861/",
    "id": "r3SBu_LqTZQJ",
    "childNodes": [
      "Visualizing dataflow graphs of",
      "deep learning",
      "models in tensorflow"
    ]
  },
  {
    "href": "https://link.springer.com/article/10.1007/s00330-019-06167-y?6518",
    "id": "q_AZ6BHrf9IJ",
    "childNodes": [
      "Application of a",
      "deep learning",
      "algorithm for detection and",
      "visualization",
      "of hip fractures on plain pelvic radiographs"
    ]
  },
  {
    "href": "https://www.sciencedirect.com/science/article/pii/S0960077920305865",
    "id": "_dzYiLy9yhwJ",
    "childNodes": [
      "A",
      "deep learning",
      "and grad-CAM based color",
      "visualization",
      "approach for fast detection of COVID-19 cases using chest X-ray and CT-Scan images"
    ]
  },
  {
    "href": "https://academic.oup.com/nar/article-abstract/51/7/3017/7041952",
    "id": "_dkgelnEwisJ",
    "childNodes": [
      "DeepBIO: an automated and interpretable",
      "deep",
      "-",
      "learning",
      "platform for high-throughput biological sequence prediction, functional annotation and",
      "visualization",
      "analysis"
    ]
  },
  {
    "href": "https://ieeexplore.ieee.org/abstract/document/9523770/",
    "id": "AveeoBdIG0MJ",
    "childNodes": [
      "A survey on ML4VIS: Applying machine",
      "learning",
      "advances to data",
      "visualization"
    ]
  },
  {
    "href": "https://ieeexplore.ieee.org/abstract/document/9107404/",
    "id": "fFGHkK5whu8J",
    "childNodes": [
      "Explaining",
      "deep learning",
      "models through rule-based approximation and",
      "visualization"
    ]
  },
  {
    "href": "https://www.sciencedirect.com/science/article/pii/S0016236121000922",
    "id": "1CE8T7xoZycJ",
    "childNodes": [
      "Image recognition model based on",
      "deep learning",
      "for remaining oil recognition from",
      "visualization",
      "experiment"
    ]
  }
]