[
  {
    "href": "https://www.sciencedirect.com/science/article/pii/S0957417421008472",
    "id": "SOjzYMzWSBIJ",
    "childNodes": [
      "Explainable artificial intelligence for manufacturing cost estimation and machining feature",
      "visualization"
    ]
  },
  {
    "href": "https://search.ebscohost.com/login.aspx?direct=true&profile=ehost&scope=site&authtype=crawler&jrnl=23375779&AN=148760579&h=vGccxaMv2RbvRxPa2coPfvaY821QkV%2BB%2FW4QwuP5g%2BtGz6V96yKV5urMIO5RIxhZqnju2snv07OP%2BeGRs%2FoHHQ%3D%3D&crl=c",
    "id": "iR-eZHsn6t0J",
    "childNodes": [
      "Gene Family Abundance",
      "Visualization",
      "based on Feature Selection Combined",
      "Deep Learning",
      "to Improve Disease Diagnosis."
    ]
  },
  {
    "href": "https://www.mdpi.com/2220-9964/13/5/158",
    "id": "B3mvZrwJjowJ",
    "childNodes": [
      "Oil Palm Bunch Ripeness Classification and Plantation Verification Platform: Leveraging",
      "Deep Learning",
      "and Geospatial Analysis and",
      "Visualization"
    ]
  },
  {
    "href": "https://arxiv.org/abs/2305.18614",
    "id": "rbOp3waCzZAJ",
    "childNodes": [
      "Simulation-Aided",
      "Deep Learning",
      "for Laser Ultrasonic",
      "Visualization",
      "Testing"
    ]
  },
  {
    "href": "https://www.biorxiv.org/content/10.1101/2022.09.29.509859.abstract",
    "id": "PUD-iQue3tMJ",
    "childNodes": [
      "DeepBIO: An automated and interpretable",
      "deep",
      "-",
      "learning",
      "platform for high-throughput biological sequence prediction, functional annotation, and",
      "visualization",
      "analysis"
    ]
  },
  {
    "href": "https://link.springer.com/article/10.1007/s11042-022-14089-z",
    "id": "jdIPkAM45gQJ",
    "childNodes": [
      "Automatic and",
      "visualized",
      "grading of dental caries using",
      "deep learning",
      "on panoramic radiographs"
    ]
  },
  {
    "href": "https://ieeexplore.ieee.org/abstract/document/10417106/",
    "id": "-xoy13bYHZoJ",
    "childNodes": [
      "Visualization",
      "for Trust in Machine",
      "Learning",
      "Revisited: The State of the Field in 2023"
    ]
  },
  {
    "href": "https://vadl2017.github.io/paper/vadl_0100-paper.pdf",
    "id": "cV7USQ3d6ucJ",
    "childNodes": [
      "Plug-and-play interactive",
      "deep",
      "network",
      "visualization"
    ]
  },
  {
    "href": "https://ieeexplore.ieee.org/abstract/document/9185490/",
    "id": "yCXSK-bLqyYJ",
    "childNodes": [
      "Visualization",
      "approach for malware classification with resnext"
    ]
  },
  {
    "href": "https://www2.eecs.berkeley.edu/Pubs/TechRpts/2014/EECS-2014-99.pdf",
    "id": "9lCXikmKm2oJ",
    "childNodes": [
      "Ml-o-scope: a diagnostic",
      "visualization",
      "system for",
      "deep",
      "machine",
      "learning",
      "pipelines"
    ]
  }
]