[
  {
    "href": "https://koreascience.kr/article/JAKO201917541686127.page",
    "id": "SE4nqMNKZXEJ",
    "childNodes": [
      "Recognition and",
      "visualization",
      "of crack on concrete wall using",
      "deep learning",
      "and transfer",
      "learning"
    ]
  },
  {
    "href": "https://www.nature.com/articles/s41598-024-69848-9",
    "id": "6tAhSfBIDjMJ",
    "childNodes": [
      "Automatic detection and",
      "visualization",
      "of temporomandibular joint effusion with",
      "deep",
      "neural network"
    ]
  },
  {
    "href": "https://ieeexplore.ieee.org/abstract/document/8823437/",
    "id": "-1m8JdYsWggJ",
    "childNodes": [
      "Data",
      "visualization",
      "for air quality analysis on bigdata platform"
    ]
  },
  {
    "href": "https://link.springer.com/article/10.1007/s12652-020-01754-0",
    "id": "wLrVdPlOvc4J",
    "childNodes": [
      "Visualization",
      "of spatial matching features during",
      "deep",
      "person re-identification"
    ]
  },
  {
    "href": "https://ieeexplore.ieee.org/abstract/document/8768367/",
    "id": "Nl0edZnSjT0J",
    "childNodes": [
      "Big data analytics and mining for effective",
      "visualization",
      "and trends forecasting of crime data"
    ]
  },
  {
    "href": "https://dl.acm.org/doi/abs/10.1145/3568444.3568469",
    "id": "Rcgqn2G1Yy4J",
    "childNodes": [
      "ExplAInable Pixels: Investigating One-Pixel Attacks on",
      "Deep Learning",
      "Models with Explainable",
      "Visualizations"
    ]
  },
  {
    "href": "https://link.springer.com/chapter/10.1007/978-3-030-68796-0_12",
    "id": "yCOdO_C-vcwJ",
    "childNodes": [
      "Explaining how",
      "deep",
      "neural networks forget by",
      "deep visualization"
    ]
  },
  {
    "href": "https://www.sciencedirect.com/science/article/pii/S0141938222000166",
    "id": "Gj9xeYfOJmYJ",
    "childNodes": [
      "3D data computation and",
      "visualization"
    ]
  },
  {
    "href": "https://ieeexplore.ieee.org/abstract/document/9288001/",
    "id": "tH0JxhceANMJ",
    "childNodes": [
      "Visualization",
      "for histopathology images using graph convolutional neural networks"
    ]
  },
  {
    "href": "https://ieeexplore.ieee.org/abstract/document/9587953/",
    "id": "KabteV4YbvMJ",
    "childNodes": [
      "A",
      "visualization",
      "method based on the Grad-CAM for medical image segmentation model"
    ]
  }
]