[
  {
    "href": "https://journals.physiology.org/doi/abs/10.1152/ajpheart.00787.2023",
    "id": "xzP-DRRV8ScJ",
    "childNodes": [
      "Real-time",
      "visualization",
      "of dextran extravasation in intermittent hypoxia mice using noninvasive SWIR imaging"
    ]
  },
  {
    "href": "https://link.springer.com/article/10.1007/s10956-015-9582-4",
    "id": "68MP5PTItwIJ",
    "childNodes": [
      "Kinecting physics: Conceptualization of motion through",
      "visualization",
      "and embodiment"
    ]
  },
  {
    "href": "https://www.cell.com/heliyon/fulltext/S2405-8440(24)14958-4",
    "id": "I-EZHYOj4pkJ",
    "childNodes": [
      "Visualization",
      "analysis of research hotspots and trends in MRI-based artificial intelligence in rectal cancer"
    ]
  },
  {
    "href": "https://openreview.net/forum?id=J51K0rszIjr",
    "id": "Vq6Zd71ICZcJ",
    "childNodes": [
      "Adversarial attacks on feature",
      "visualization",
      "methods"
    ]
  },
  {
    "href": "https://ieeexplore.ieee.org/abstract/document/10020453/",
    "id": "xy7WXUUJ0WgJ",
    "childNodes": [
      "Learning",
      "on Health Fairness and Environmental Justice via Interactive",
      "Visualization"
    ]
  },
  {
    "href": "https://ojs.library.queensu.ca/index.php/PCEEA/article/view/3858",
    "id": "fj-Qy_tH5gkJ",
    "childNodes": [
      "\" RUGPLOT\"",
      "VISUALIZATION",
      "FOR PRELIMINARY DESIGN"
    ]
  },
  {
    "href": "https://www.sciencedirect.com/science/article/pii/S2211883717300692",
    "id": "1SYnR7i9xKQJ",
    "childNodes": [
      "Textual analysis and",
      "visualization",
      "of research trends in data mining for electronic health records"
    ]
  },
  {
    "href": "https://ieeexplore.ieee.org/abstract/document/9501250/",
    "id": "U1G3gHT2ucsJ",
    "childNodes": [
      "Robust feature matching via hierarchical local structure",
      "visualization"
    ]
  },
  {
    "href": "https://par.nsf.gov/biblio/10128843",
    "id": "oAbJW182iv4J",
    "childNodes": [
      "Predict saturated thickness using tensorboard",
      "visualization"
    ]
  },
  {
    "href": "https://ieeexplore.ieee.org/abstract/document/10140600/",
    "id": "Dr3mU22_DB0J",
    "childNodes": [
      "Malware Classification using Malware",
      "Visualization",
      "and",
      "Deep Learning"
    ]
  }
]