[
  {
    "href": "https://www.mdpi.com/2218-273X/14/11/1447",
    "id": "n0oUDqHt-DsJ",
    "childNodes": [
      "Visualization",
      "methods for DNA sequences: A review and prospects"
    ]
  },
  {
    "href": "https://www.sciencedirect.com/science/article/pii/S0301932221001981",
    "id": "ZV2Qvka2ppgJ",
    "childNodes": [
      "Machine",
      "learning",
      "classification of in-tube condensation flow patterns using",
      "visualization"
    ]
  },
  {
    "href": "https://www.frontiersin.org/articles/10.3389/fmed.2022.851644/full",
    "id": "jNVgEXtSL_sJ",
    "childNodes": [
      "Diabetic macular edema detection using end-to-end",
      "deep",
      "fusion model and anatomical landmark",
      "visualization",
      "on an edge computing device"
    ]
  },
  {
    "href": "https://ieeexplore.ieee.org/abstract/document/9552844/",
    "id": "B6L8DDdwMK4J",
    "childNodes": [
      "I",
      "A Knowledge Graph-Based Approach for",
      "Visualization",
      "Recommendation"
    ]
  },
  {
    "href": "https://ieeexplore.ieee.org/abstract/document/9230431/",
    "id": "FbcF27F0qmUJ",
    "childNodes": [
      "V2V: A",
      "deep learning",
      "approach to variable-to-variable selection and translation for multivariate time-varying data"
    ]
  },
  {
    "href": "https://www.sciencedirect.com/science/article/pii/S1526612522004170",
    "id": "08Qp-mC0S80J",
    "childNodes": [
      "Keyhole status prediction based on voting ensemble convolutional neural networks and",
      "visualization",
      "by Grad-CAM in PAW"
    ]
  },
  {
    "href": "https://iovs.arvojournals.org/article.aspx?articleid=2637198",
    "id": "tndCPjEDHTIJ",
    "childNodes": [
      "Opening the black box:",
      "Visualization",
      "of",
      "deep",
      "neural network for detection of disease in retinal fundus photographs"
    ]
  },
  {
    "href": "https://www.ceeol.com/search/article-detail?id=1095119",
    "id": "7ZXSYwtvHioJ",
    "childNodes": [
      "… Smart City Environments: Digital Twin and Image Recognition Technologies, Virtual Simulation and Spatial Data",
      "Visualization",
      "Tools, and",
      "Deep",
      "and Machine",
      "Learning",
      "…"
    ]
  },
  {
    "href": "https://ieeexplore.ieee.org/abstract/document/8474500/",
    "id": "WZXOzauZ3mcJ",
    "childNodes": [
      "Visualization",
      "for smart city applications"
    ]
  },
  {
    "href": "https://ieeexplore.ieee.org/abstract/document/8438169/",
    "id": "3eKyTwNNwiUJ",
    "childNodes": [
      "Colored",
      "visualization",
      "of multitemporal SAR data for change detection: issues and methods"
    ]
  }
]