[
  {
    "href": "http://openaccess.thecvf.com/content/CVPR2022/html/Xu_Interactive_Segmentation_and_Visualization_for_Tiny_Objects_in_Multi-Megapixel_Images_CVPR_2022_paper.html",
    "id": "UrtXIrjgBy4J",
    "childNodes": [
      "Interactive segmentation and",
      "visualization",
      "for tiny objects in multi-megapixel images"
    ]
  },
  {
    "href": "https://link.springer.com/chapter/10.1007/978-3-030-58309-5_24",
    "id": "1UEXAM8cumMJ",
    "childNodes": [
      "iNNvestigate-GUI-explaining neural networks through an interactive",
      "visualization",
      "tool"
    ]
  },
  {
    "href": "https://www.mecs-press.org/ijieeb/ijieeb-v15-n2/IJIEEB-V15-N2-3.pdf",
    "id": "amafMxKergwJ",
    "childNodes": [
      "Malware multi-class classification based on malware",
      "visualization",
      "using a convolutional neural network model"
    ]
  },
  {
    "href": "https://link.springer.com/chapter/10.1007/978-3-030-83723-5_3",
    "id": "55-y2xshe5AJ",
    "childNodes": [
      "TraceVis: towards",
      "visualization",
      "for",
      "deep",
      "statistical model checking"
    ]
  },
  {
    "href": "https://link.springer.com/chapter/10.1007/978-3-030-00928-1_55",
    "id": "oci29uhIX3oJ",
    "childNodes": [
      "Respond-cam: Analyzing",
      "deep",
      "models for 3d imaging data by",
      "visualizations"
    ]
  },
  {
    "href": "https://www.sciencedirect.com/science/article/pii/S1467089522000227",
    "id": "6L5T5kz8RkAJ",
    "childNodes": [
      "Continuous monitoring with machine",
      "learning",
      "and interactive data",
      "visualization",
      ": An application to a healthcare payroll process"
    ]
  },
  {
    "href": "https://www.sciencedirect.com/science/article/pii/S2666546822000490",
    "id": "Rl6tvk0LmbAJ",
    "childNodes": [
      "Visualization",
      "-based prediction of dendritic copper growth in electrochemical cells using convolutional long short-term memory"
    ]
  },
  {
    "href": "https://www.ceeol.com/search/article-detail?id=1071098",
    "id": "b9LObQSV_6EJ",
    "childNodes": [
      "Geospatial mapping technologies, predictive modeling algorithms, and immersive",
      "visualization",
      "systems in the virtual economy of the metaverse"
    ]
  },
  {
    "href": "https://ieeexplore.ieee.org/abstract/document/10295394/",
    "id": "w9Af1Pt-5t8J",
    "childNodes": [
      "Leveraging historical medical records as a proxy via multimodal modeling and",
      "visualization",
      "to enrich medical diagnostic",
      "learning"
    ]
  },
  {
    "href": "https://ieeexplore.ieee.org/abstract/document/8081219/",
    "id": "GI6oTzYgE34J",
    "childNodes": [
      "Visualization",
      "of feature evolution during convolutional neural network training"
    ]
  }
]