[
  {
    "href": "https://arxiv.org/abs/2412.14670",
    "id": "3hqc98Ug37IJ",
    "childNodes": [
      "Analysis and",
      "visualization",
      "of linguistic structures in large language models: Neural representations of verb-particle constructions in bert"
    ]
  },
  {
    "href": "https://link.springer.com/chapter/10.1007/978-3-031-28241-6_54",
    "id": "OQQ6BCx4IXMJ",
    "childNodes": [
      "Disinformation detection: Knowledge infusion with transfer",
      "learning",
      "and",
      "visualizations"
    ]
  },
  {
    "href": "https://www.mdpi.com/1422-0067/23/14/7775",
    "id": "jnIA4F8LIxkJ",
    "childNodes": [
      "RETRACTED: Panoramic Manifold Projection (Panoramap) for Single-Cell Data Dimensionality Reduction and",
      "Visualization"
    ]
  },
  {
    "href": "https://ieeexplore.ieee.org/abstract/document/9389918/",
    "id": "V2F-lzZjgIkJ",
    "childNodes": [
      "Parametric 3D",
      "visualization",
      "modeling of the human body based on 2D photos"
    ]
  },
  {
    "href": "https://par.nsf.gov/servlets/purl/10183361",
    "id": "PZMvZiYo2cQJ",
    "childNodes": [
      "Interactive",
      "Visualization",
      "of AI-based Speech Recognition Texts"
    ]
  },
  {
    "href": "https://www.frontiersin.org/journals/medicine/articles/10.3389/fmed.2025.1492709/full",
    "id": "nqSFDeWIZM4J",
    "childNodes": [
      "Mapping knowledge landscapes and emerging trends in artificial intelligence for antimicrobial resistance: bibliometric and",
      "visualization",
      "analysis"
    ]
  },
  {
    "href": "https://ieeexplore.ieee.org/abstract/document/8631668/",
    "id": "-YtuzzlDcNoJ",
    "childNodes": [
      "The design of objects bounding boxes non-maximum suppression and",
      "visualization",
      "module based on FPGA"
    ]
  },
  {
    "href": "https://ieeexplore.ieee.org/abstract/document/10218141/",
    "id": "6b2xrh1hkRMJ",
    "childNodes": [
      "A novel method for arabic text detection with interactive",
      "visualization"
    ]
  },
  {
    "href": "https://www.mdpi.com/1424-8220/21/17/5813",
    "id": "D7-PNjGxvzwJ",
    "childNodes": [
      "Detection of COVID-19 using transfer",
      "learning",
      "and Grad-CAM",
      "visualization",
      "on indigenously collected X-ray dataset"
    ]
  },
  {
    "href": "https://dl.acm.org/doi/abs/10.1145/3658549.3658557",
    "id": "Ok2yULjnvvcJ",
    "childNodes": [
      "Business-Centric Modelling and",
      "Visualization",
      "for Retail Promotion"
    ]
  }
]