[
  {
    "href": "https://www.sciencedirect.com/science/article/pii/S1877050921003501",
    "id": "H3h2aYtaPloJ",
    "childNodes": [
      "Helping to detect legal swimming pools with",
      "deep learning",
      "and data",
      "visualization"
    ]
  },
  {
    "href": "https://ieeexplore.ieee.org/abstract/document/9488227/",
    "id": "hC1Y5m3T3zwJ",
    "childNodes": [
      "STSRNet:",
      "Deep",
      "joint space–time super-resolution for vector field",
      "visualization"
    ]
  },
  {
    "href": "https://ieeexplore.ieee.org/abstract/document/8339087/",
    "id": "VXHgcVmfmcQJ",
    "childNodes": [
      "Coupling",
      "visualization",
      ", simulation, and",
      "deep learning",
      "for ensemble steering of complex energy models"
    ]
  },
  {
    "href": "https://ieeexplore.ieee.org/abstract/document/10017859/",
    "id": "l4TP-cYteWsJ",
    "childNodes": [
      "Evaluation of",
      "deep learning",
      "context-sensitive",
      "visualization",
      "models"
    ]
  },
  {
    "href": "https://www.mdpi.com/2076-3417/12/16/8248",
    "id": "uRCa3LsbIJAJ",
    "childNodes": [
      "Big data analysis and",
      "visualization",
      ": challenges and solutions"
    ]
  },
  {
    "href": "https://link.springer.com/article/10.1007/s10822-022-00471-4",
    "id": "QU_XEUWMm7oJ",
    "childNodes": [
      "Prot2Prot: a",
      "deep learning",
      "model for rapid, photorealistic macromolecular",
      "visualization"
    ]
  },
  {
    "href": "https://www.jstage.jst.go.jp/article/jsceiiai/5/1/5_25/_html/-char/en",
    "id": "gNHr7JsH-ykJ",
    "childNodes": [
      "Simulation-Aided",
      "Deep Learning",
      "for Laser Ultrasonic",
      "Visualization",
      "Testing with Style Transfer"
    ]
  },
  {
    "href": "https://www.mdpi.com/1424-8220/23/19/8033",
    "id": "-BiqRWz4gZ4J",
    "childNodes": [
      "… : A Convolution-Free Transformer-Based",
      "Deep Learning",
      "Method to Classify Stuttered Speech Using 2D Mel-Spectrogram",
      "Visualization",
      "and Attention-Based Feature …"
    ]
  },
  {
    "href": "https://ieeexplore.ieee.org/abstract/document/8809843/",
    "id": "a_lJzSnvp40J",
    "childNodes": [
      "DeepOrganNet: on-the-fly reconstruction and",
      "visualization",
      "of 3D/4D lung models from single-view projections by",
      "deep",
      "deformation network"
    ]
  },
  {
    "href": "https://ojs.aaai.org/index.php/AAAI/article/view/20473",
    "id": "e_VulSVWQmMJ",
    "childNodes": [
      "Deepvisualinsight: Time-travelling",
      "visualization",
      "for spatio-temporal causality of",
      "deep",
      "classification training"
    ]
  }
]