[
  {
    "href": "https://journals.plos.org/plosone/article?id=10.1371/journal.pone.0280076",
    "id": "PZ9QsHN5KgQJ",
    "childNodes": [
      "Prostatic urinary tract",
      "visualization",
      "with super-resolution",
      "deep learning",
      "models"
    ]
  },
  {
    "href": "https://pubs.acs.org/doi/abs/10.1021/acsami.4c09402",
    "id": "7sBTLgyIkL4J",
    "childNodes": [
      "Olfactory",
      "Visualization",
      "Sensing Array Made with CelluMOFs to Predict Fruit Ripeness Using",
      "Deep Learning"
    ]
  },
  {
    "href": "https://koreascience.kr/article/JAKO201835372349734.page",
    "id": "V7slNeutGgcJ",
    "childNodes": [
      "Visualization",
      "of Malwares for Classification Through",
      "Deep Learning"
    ]
  },
  {
    "href": "https://www.frontiersin.org/articles/10.3389/fpubh.2022.949366/full",
    "id": "Hcw6I6LGWXoJ",
    "childNodes": [
      "Research hotspots and emerging trends of",
      "deep learning",
      "applications in orthopedics: A bibliometric and",
      "visualized",
      "study"
    ]
  },
  {
    "href": "https://link.springer.com/chapter/10.1007/978-981-16-3071-2_61",
    "id": "FTdvAHtX6I0J",
    "childNodes": [
      "Classification and activation map",
      "visualization",
      "of banana diseases using",
      "deep learning",
      "models"
    ]
  },
  {
    "href": "https://www.sciencedirect.com/science/article/pii/S0889157524005234",
    "id": "7LAdbeIV1WYJ",
    "childNodes": [
      "Hyperspectral imaging coupled with",
      "deep learning",
      "model for",
      "visualization",
      "and detection of early bruises on apples"
    ]
  },
  {
    "href": "https://www.ceeol.com/search/article-detail?id=1085220",
    "id": "4bImpiAIP38J",
    "childNodes": [
      "Deep learning",
      "-based ethical judgments in connected vehicle technologies: Route planning algorithms, spatial data",
      "visualization",
      "tools, and real-time predictive …"
    ]
  },
  {
    "href": "https://ieeexplore.ieee.org/abstract/document/7992776/",
    "id": "GF-MsMBxB98J",
    "childNodes": [
      "Development of VR",
      "visualization",
      "system including",
      "deep learning",
      "architecture for improving teleoperability"
    ]
  },
  {
    "href": "https://www.mdpi.com/2075-4418/14/1/11",
    "id": "iyvxi2ELhEcJ",
    "childNodes": [
      "Deep Learning",
      "Model Based on You Only Look Once Algorithm for Detection and",
      "Visualization",
      "of Fracture Areas in Three-Dimensional Skeletal Images"
    ]
  },
  {
    "href": "https://ieeexplore.ieee.org/abstract/document/9680034/",
    "id": "8fhN3_rUYZ4J",
    "childNodes": [
      "Sketch2Vis: Generating data",
      "visualizations",
      "from hand-drawn sketches with",
      "deep learning"
    ]
  }
]