[
  {
    "href": "https://ieeexplore.ieee.org/abstract/document/8005498/",
    "id": "7NaWKbxG92MJ",
    "childNodes": [
      "Auto-encoder based for high spectral dimensional data classification and",
      "visualization"
    ]
  },
  {
    "href": "https://link.springer.com/chapter/10.1007/978-3-319-94268-1_81",
    "id": "n4YHaUcyKkgJ",
    "childNodes": [
      "Understanding data breach: A",
      "visualization",
      "aspect"
    ]
  },
  {
    "href": "https://www.sciencedirect.com/science/article/pii/S2468502X22000158",
    "id": "oCRrQ1K2OBsJ",
    "childNodes": [
      "Metaverse: Perspectives from graphics, interactions and",
      "visualization"
    ]
  },
  {
    "href": "https://www.ceeol.com/search/article-detail?id=1260389",
    "id": "pu3xL30FIYwJ",
    "childNodes": [
      "Mobile Web Application for Durian Orchard Management and Geospatial Data",
      "Visualization",
      "Using",
      "Deep Learning",
      "."
    ]
  },
  {
    "href": "https://link.springer.com/article/10.1007/s10772-021-09904-1",
    "id": "BlGfcUrMce4J",
    "childNodes": [
      "Application of big data language recognition technology and GPU parallel computing in English teaching",
      "visualization",
      "system"
    ]
  },
  {
    "href": "https://dl.acm.org/doi/abs/10.1145/3486635.3491073",
    "id": "RdpwG91zqHkJ",
    "childNodes": [
      "VTSV: A privacy-preserving vehicle trajectory simulation and",
      "visualization",
      "platform using",
      "deep",
      "reinforcement",
      "learning"
    ]
  },
  {
    "href": "https://ceur-ws.org/Vol-2327/IUI19WS-ExSS2019-16.pdf",
    "id": "ZGVGydMuCFQJ",
    "childNodes": [
      "Exploring principled",
      "visualizations",
      "for",
      "deep",
      "network attributions."
    ]
  },
  {
    "href": "https://ieeexplore.ieee.org/abstract/document/9530249/",
    "id": "m6UZPwCi8rAJ",
    "childNodes": [
      "Deep",
      "low-shot",
      "learning",
      "for biological image classification and",
      "visualization",
      "from limited training samples"
    ]
  },
  {
    "href": "https://www.sciencedirect.com/science/article/pii/S2351978918313520",
    "id": "OkB1rZNr8hUJ",
    "childNodes": [
      "Data analysis and",
      "visualization",
      "framework in the manufacturing decision support system of COMPOSITION project"
    ]
  }
]