[
  {
    "href": "https://link.springer.com/chapter/10.1007/978-3-030-16837-7_12",
    "id": "f9n8C-MqX9IJ",
    "childNodes": [
      "A detailed investigation and analysis of",
      "deep learning",
      "architectures and",
      "visualization",
      "techniques for malware family identification"
    ]
  },
  {
    "href": "https://www.sciencedirect.com/science/article/pii/S0278612520301710",
    "id": "NMfF6W9zFjQJ",
    "childNodes": [
      "Deep learning",
      "-empowered digital twin for",
      "visualized",
      "weld joint growth monitoring and penetration control"
    ]
  },
  {
    "href": "https://www.sciencedirect.com/science/article/pii/S0888327018301444",
    "id": "tcz8eht5VmgJ",
    "childNodes": [
      "Deep",
      "normalized convolutional neural network for imbalanced fault classification of machinery and its understanding via",
      "visualization"
    ]
  },
  {
    "href": "https://link.springer.com/article/10.1007/s00170-021-07903-9",
    "id": "wwriZZyiUOYJ",
    "childNodes": [
      "Penetration/keyhole status prediction and model",
      "visualization",
      "based on",
      "deep learning",
      "algorithm in plasma arc welding"
    ]
  },
  {
    "href": "https://ieeexplore.ieee.org/abstract/document/10577555/",
    "id": "RutMtYijQIcJ",
    "childNodes": [
      "Interactive Isosurface",
      "Visualization",
      "in Memory Constrained Environments Using",
      "Deep Learning",
      "and Speculative Raycasting"
    ]
  },
  {
    "href": "https://www.sciencedirect.com/science/article/pii/S2212440322010112",
    "id": "3kalSXfiMHMJ",
    "childNodes": [
      "Automatic",
      "visualization",
      "of the mandibular canal in relation to an impacted mandibular third molar on panoramic radiographs using",
      "deep learning",
      "…"
    ]
  },
  {
    "href": "https://www.cell.com/cell-reports-methods/fulltext/S2667-2375(21)00166-1",
    "id": "07844m2CGgAJ",
    "childNodes": [
      "A",
      "deep",
      "-",
      "learning",
      "toolkit for",
      "visualization",
      "and interpretation of segmented medical images"
    ]
  },
  {
    "href": "https://journals.lww.com/jtrauma/FullText/2020/03000/Deep_learning_based_quantitative_visualization_and.10.aspx",
    "id": "EeYPphtJ6DEJ",
    "childNodes": [
      "Deep learning",
      "-based quantitative",
      "visualization",
      "and measurement of extraperitoneal hematoma volumes in patients with pelvic fractures: potential role in personalized …"
    ]
  },
  {
    "href": "https://www.ceeol.com/search/article-detail?id=1081275",
    "id": "K6hAXbtcJmsJ",
    "childNodes": [
      "Customer Engagement and Data",
      "Visualization",
      "Tools, Ambient Sound Recognition Software, and",
      "Deep Learning",
      "-based Sensing Technologies in the Metaverse …"
    ]
  },
  {
    "href": "https://link.springer.com/article/10.1007/s00521-022-07428-6",
    "id": "HD6prBBPwp8J",
    "childNodes": [
      "CAM-K: a novel framework for automated estimating pixel area using K-Means algorithm integrated with",
      "deep learning",
      "based-CAM",
      "visualization",
      "techniques"
    ]
  }
]