[
  {
    "href": "https://www.frontiersin.org/articles/10.3389/fnins.2020.626154/full",
    "id": "-bHlLAj1qUsJ",
    "childNodes": [
      "Deep learning",
      "-based classification and voxel-based",
      "visualization",
      "of frontotemporal dementia and Alzheimer's disease"
    ]
  },
  {
    "href": "https://www.pnas.org/doi/abs/10.1073/pnas.1711673114",
    "id": "vFQDv450WUsJ",
    "childNodes": [
      "Three-dimensional",
      "visualization",
      "and a",
      "deep",
      "-",
      "learning",
      "model reveal complex fungal parasite networks in behaviorally manipulated ants"
    ]
  },
  {
    "href": "https://ieeexplore.ieee.org/abstract/document/8985278/",
    "id": "Q3Cdnug4bfEJ",
    "childNodes": [
      "A",
      "visualized",
      "botnet detection system based",
      "deep learning",
      "for the internet of things networks of smart cities"
    ]
  },
  {
    "href": "https://pubs.acs.org/doi/abs/10.1021/acs.iecr.9b00975",
    "id": "iGJy_xYnnUQJ",
    "childNodes": [
      "A",
      "deep learning",
      "approach for process data",
      "visualization",
      "using t-distributed stochastic neighbor embedding"
    ]
  },
  {
    "href": "https://ieeexplore.ieee.org/abstract/document/9505606/",
    "id": "3elXz6m7vRkJ",
    "childNodes": [
      "Deep learning visualization",
      "for underspecification analysis in product design matching model development"
    ]
  },
  {
    "href": "https://www.sciencedirect.com/science/article/pii/S0168169921005561",
    "id": "uONfkXAa2qMJ",
    "childNodes": [
      "Soil profile analysis using interactive",
      "visualizations",
      ", machine",
      "learning",
      ", and",
      "deep learning"
    ]
  },
  {
    "href": "https://link.springer.com/article/10.1007/s10489-020-01867-1",
    "id": "gDMQL5CV444J",
    "childNodes": [
      "COVID-19 detection and disease progression",
      "visualization",
      ":",
      "Deep learning",
      "on chest X-rays for classification and coarse localization"
    ]
  },
  {
    "href": "https://link.springer.com/article/10.1007/s12650-019-00583-4",
    "id": "yCjwFKh41M4J",
    "childNodes": [
      "Deep learning",
      "-based viewpoint recommendation in volume",
      "visualization"
    ]
  },
  {
    "href": "https://arxiv.org/abs/1708.03788",
    "id": "6VqpYUiJmYgJ",
    "childNodes": [
      "Direct-manipulation",
      "visualization",
      "of",
      "deep",
      "networks"
    ]
  },
  {
    "href": "https://onlinelibrary.wiley.com/doi/abs/10.1002/jbio.202200366",
    "id": "M1OA3iJOvCcJ",
    "childNodes": [
      "Deep",
      "‐",
      "learning visualization",
      "enhancement method for optical coherence tomography angiography in dermatology"
    ]
  }
]