[
  {
    "href": "https://link.springer.com/article/10.1186/s12859-024-05758-x",
    "id": "6aojNffAnHoJ",
    "childNodes": [
      "Slideflow:",
      "deep learning",
      "for digital histopathology with real-time whole-slide",
      "visualization"
    ]
  },
  {
    "href": "https://ieeexplore.ieee.org/abstract/document/8884176/",
    "id": "nvtV6MLSpBkJ",
    "childNodes": [
      "Analysis and",
      "visualization",
      "implementation of medical big data resource sharing mechanism based on",
      "deep learning"
    ]
  },
  {
    "href": "https://ieeexplore.ieee.org/abstract/document/9988553/",
    "id": "RjTkf1lQobcJ",
    "childNodes": [
      "Visualization",
      "and Prediction of Rainfall Using",
      "Deep Learning",
      "and Machine",
      "Learning",
      "Techniques"
    ]
  },
  {
    "href": "https://ieeexplore.ieee.org/abstract/document/9903596/",
    "id": "wrILixm2p1EJ",
    "childNodes": [
      "Diverse interaction recommendation for public users exploring multi-view",
      "visualization",
      "using",
      "deep learning"
    ]
  },
  {
    "href": "https://www.mdpi.com/2075-4418/13/22/3452",
    "id": "7jqvvFI5PCgJ",
    "childNodes": [
      "Cancer diagnosis through contour",
      "visualization",
      "of gene expression leveraging",
      "deep learning",
      "techniques"
    ]
  },
  {
    "href": "https://ieeexplore.ieee.org/abstract/document/9031427/",
    "id": "boYZRmOz9PoJ",
    "childNodes": [
      "A steel surface defect recognition algorithm based on improved",
      "deep learning",
      "network model using feature",
      "visualization",
      "and quality evaluation"
    ]
  },
  {
    "href": "https://www.sciencedirect.com/science/article/pii/S0730725X21002137",
    "id": "1xy8FsZhVQQJ",
    "childNodes": [
      "Improvement of peripheral nerve",
      "visualization",
      "using a",
      "deep learning",
      "-based MR reconstruction algorithm"
    ]
  },
  {
    "href": "https://ieeexplore.ieee.org/abstract/document/8933570/",
    "id": "lXeaxpoQU1sJ",
    "childNodes": [
      "Visualization",
      "assessment: A machine",
      "learning",
      "approach"
    ]
  },
  {
    "href": "https://ieeexplore.ieee.org/abstract/document/8887383/",
    "id": "HnpENHnzPgoJ",
    "childNodes": [
      "A multi-channel",
      "visualization",
      "method for malware classification based on",
      "deep learning"
    ]
  },
  {
    "href": "https://ascelibrary.org/doi/abs/10.1061/(ASCE)CF.1943-5509.0001652",
    "id": "YAJCSks76w8J",
    "childNodes": [
      "Building and infrastructure defect detection and",
      "visualization",
      "using drone and",
      "deep learning",
      "technologies"
    ]
  }
]