[
  {
    "href": "https://link.springer.com/article/10.1007/s40996-023-01193-9",
    "id": "v9k2lBviTgoJ",
    "childNodes": [
      "Automatic landslide segmentation using a combination of grad-CAM",
      "visualization",
      "and K-means clustering techniques"
    ]
  },
  {
    "href": "https://proceedings.mlr.press/v80/nie18a.html",
    "id": "Gif7_Q_8q2QJ",
    "childNodes": [
      "A theoretical explanation for perplexing behaviors of backpropagation-based",
      "visualizations"
    ]
  },
  {
    "href": "https://www.sciencedirect.com/science/article/pii/S0360131510002290",
    "id": "a5yfGdShdjoJ",
    "childNodes": [
      "Can differences in",
      "learning",
      "strategies explain the benefits of",
      "learning",
      "from static and dynamic",
      "visualizations",
      "?"
    ]
  },
  {
    "href": "https://ieeexplore.ieee.org/abstract/document/8675278/",
    "id": "SzZtTeQJ4bgJ",
    "childNodes": [
      "A",
      "deep learning",
      "method for bearing fault diagnosis based on time-frequency image"
    ]
  },
  {
    "href": "https://www.sciencedirect.com/science/article/pii/S0747563222002400",
    "id": "Ea6LSBWnoVgJ",
    "childNodes": [
      "“Do not deceive me anymore!” interpretation through model design and",
      "visualization",
      "for instagram counterfeit seller account detection"
    ]
  },
  {
    "href": "https://www.sciencedirect.com/science/article/pii/S1110016823005471",
    "id": "ykvOLb04riAJ",
    "childNodes": [
      "Knowledge graph analysis of artificial intelligence application research in nursing field based on",
      "visualization",
      "technology"
    ]
  },
  {
    "href": "https://iopscience.iop.org/article/10.1088/1361-6501/ac145f/meta",
    "id": "FehD5b9iJvIJ",
    "childNodes": [
      "Cross-domain intelligent diagnostic network based on enhanced attention features and characteristics",
      "visualization"
    ]
  },
  {
    "href": "https://www.mdpi.com/2227-9709/11/1/11",
    "id": "d8VSA7r-zuUJ",
    "childNodes": [
      "Exploring Multidimensional Embeddings for Decision Support Using Advanced",
      "Visualization",
      "Techniques"
    ]
  },
  {
    "href": "https://onlinelibrary.wiley.com/doi/abs/10.1155/2022/1817628",
    "id": "7ZxGSZMDcXcJ",
    "childNodes": [
      "Analysis of data interaction process based on data mining and neural Network topology",
      "visualization"
    ]
  },
  {
    "href": "https://ieeexplore.ieee.org/abstract/document/7061477/",
    "id": "2rk_bAxnJeYJ",
    "childNodes": [
      "Learning visualizations",
      "by analogy: Promoting visual literacy through",
      "visualization",
      "morphing"
    ]
  }
]