[
  {
    "href": "https://www.mdpi.com/2077-0383/9/5/1322",
    "id": "FfgGTxDXs5YJ",
    "childNodes": [
      "Enhanced",
      "visualization",
      "of retinal microvasculature in optical coherence tomography angiography imaging via",
      "deep learning"
    ]
  },
  {
    "href": "https://academic.oup.com/bib/article-abstract/23/3/bbac125/6576450",
    "id": "t2JXhqVd__cJ",
    "childNodes": [
      "deepHPI: a comprehensive",
      "deep learning",
      "platform for accurate prediction and",
      "visualization",
      "of host–pathogen protein–protein interactions"
    ]
  },
  {
    "href": "https://www.sciencedirect.com/science/article/pii/S0720048X22002649",
    "id": "dM-r8JPACOAJ",
    "childNodes": [
      "Bone",
      "visualization",
      "of the cervical spine with",
      "deep learning",
      "-based synthetic CT compared to conventional CT: a single-center noninferiority study on image quality"
    ]
  },
  {
    "href": "https://link.springer.com/chapter/10.1007/978-3-319-54024-5_6",
    "id": "GCCAczy6HnEJ",
    "childNodes": [
      "Visualizations",
      "of",
      "deep",
      "neural networks in computer vision: A survey"
    ]
  },
  {
    "href": "https://ieeexplore.ieee.org/abstract/document/9813550/",
    "id": "h3G3ik134BgJ",
    "childNodes": [
      "Direct",
      "visualization",
      "and quantitative imaging of small airway anatomy using",
      "deep learning",
      "assisted diffractive OCT"
    ]
  },
  {
    "href": "https://ieeexplore.ieee.org/abstract/document/9433915/",
    "id": "TOaluxTmv5IJ",
    "childNodes": [
      "Deep learning",
      "based fetal face detection and",
      "visualization",
      "in prenatal ultrasound"
    ]
  },
  {
    "href": "https://ieeexplore.ieee.org/abstract/document/9579786/",
    "id": "anWgA7vr4rEJ",
    "childNodes": [
      "Business intelligence",
      "visualization",
      "using",
      "deep learning",
      "based sentiment analysis on amazon review data"
    ]
  },
  {
    "href": "https://www.sciencedirect.com/science/article/pii/S0960148123005050",
    "id": "WSdkwoJIkPMJ",
    "childNodes": [
      "A novel cyber-Resilient solar power forecasting model based on secure federated",
      "deep learning",
      "and data",
      "visualization"
    ]
  },
  {
    "href": "https://ieeexplore.ieee.org/abstract/document/9035622/",
    "id": "ANu99D_sJEYJ",
    "childNodes": [
      "Ladv:",
      "Deep learning",
      "assisted authoring of dashboard",
      "visualizations",
      "from images and sketches"
    ]
  },
  {
    "href": "https://www.sciencedirect.com/science/article/pii/S030881462402301X",
    "id": "h0nU2CGLAnsJ",
    "childNodes": [
      "Using VIS-NIR hyperspectral imaging and",
      "deep learning",
      "for non-destructive high-throughput quantification and",
      "visualization",
      "of nutrients in wheat grains"
    ]
  }
]