[
  {
    "href": "https://ieeexplore.ieee.org/abstract/document/9619898/",
    "id": "HOQbaQTV9ZUJ",
    "childNodes": [
      "Time series model attribution",
      "visualizations",
      "as explanations"
    ]
  },
  {
    "href": "https://www.ceeol.com/search/article-detail?id=1129958",
    "id": "XE0AzKC2PsoJ",
    "childNodes": [
      "Interactive 3D Geo-",
      "Visualization",
      "Systems,",
      "Deep Learning",
      "-based Image Classification Algorithms, and Virtual Navigation and Simulation Modeling Tools across Web3 …"
    ]
  },
  {
    "href": "https://ieeexplore.ieee.org/abstract/document/10708690/",
    "id": "9ITf0c_nSpkJ",
    "childNodes": [
      "Mycological Examination of Microscopic Fungi Images with",
      "Deep Learning",
      "and Gradient Weighted Class Activation Mapping",
      "Visualization"
    ]
  },
  {
    "href": "https://ieeexplore.ieee.org/abstract/document/8296507/",
    "id": "7XnEZGS1GLcJ",
    "childNodes": [
      "Deep",
      "-",
      "learning",
      "-assisted",
      "visualization",
      "for live-cell images"
    ]
  },
  {
    "href": "https://www.mdpi.com/1422-0067/26/2/477",
    "id": "otiVHJNWh5YJ",
    "childNodes": [
      "Overview and Prospects of DNA Sequence",
      "Visualization"
    ]
  },
  {
    "href": "https://ieeexplore.ieee.org/abstract/document/8900359/",
    "id": "B7WVu9ztjIMJ",
    "childNodes": [
      "Convolutional neural network for natural color",
      "visualization",
      "of hyperspectral images"
    ]
  },
  {
    "href": "https://ieeexplore.ieee.org/abstract/document/9438784/",
    "id": "WdOI8YWHt10J",
    "childNodes": [
      "Advisor: Automatic",
      "visualization",
      "answer for natural-language question on tabular data"
    ]
  },
  {
    "href": "https://www.sciencedirect.com/science/article/pii/S1877050921018548",
    "id": "DDDz7DmOH6gJ",
    "childNodes": [
      "Students' emotion extraction and",
      "visualization",
      "for engagement detection in online",
      "learning"
    ]
  },
  {
    "href": "https://books.google.com/books?hl=en&lr=&id=L1wEEQAAQBAJ&oi=fnd&pg=PR5&dq=deep+learning+visualization&ots=5fiop7S8uV&sig=kdfVIbEFpZbD3JW82VYOI6fa7WI",
    "id": "Hf-5iazDI50J",
    "childNodes": [
      "Artificial Intelligence and",
      "Visualization",
      ": Advancing Visual Knowledge Discovery"
    ]
  },
  {
    "href": "https://ieeexplore.ieee.org/abstract/document/9006470/",
    "id": "ADG0zZthF5AJ",
    "childNodes": [
      "Visualization",
      "system for evolutionary neural networks for",
      "deep learning"
    ]
  }
]