[
  {
    "href": "https://link.springer.com/article/10.1007/s10140-023-02149-2",
    "id": "7CU_Yaj5TcEJ",
    "childNodes": [
      "Pulmonary contusion: automated",
      "deep learning",
      "-based quantitative",
      "visualization"
    ]
  },
  {
    "href": "https://www.sciencedirect.com/science/article/pii/S2589234723003160",
    "id": "-PXTOXHaNLkJ",
    "childNodes": [
      "Investigating Fe-doped yttrium oxide nanophosphors for enhanced latent fingerprint",
      "visualization",
      "and",
      "deep learning",
      "analysis"
    ]
  },
  {
    "href": "https://pubs.rsna.org/doi/abs/10.1148/radiol.2021210531",
    "id": "4V_hiNqzBMoJ",
    "childNodes": [
      "Deep learning",
      "CT-based quantitative",
      "visualization",
      "tool for liver volume estimation: defining normal and hepatomegaly"
    ]
  },
  {
    "href": "https://www.mdpi.com/1424-8220/20/21/6387",
    "id": "l0SQTA_VLKEJ",
    "childNodes": [
      "LiDAR point cloud recognition and",
      "visualization",
      "with",
      "deep learning",
      "for overhead contact inspection"
    ]
  },
  {
    "href": "https://www.mdpi.com/2076-3417/10/24/8800",
    "id": "HTFaou6v-_wJ",
    "childNodes": [
      "A",
      "deep",
      "-",
      "learning",
      "-based bearing fault diagnosis using defect signature wavelet image",
      "visualization"
    ]
  },
  {
    "href": "https://www.osti.gov/biblio/1407764",
    "id": "m4tqRGs5k64J",
    "childNodes": [
      "Visualization",
      "for classification in",
      "deep",
      "neural networks"
    ]
  },
  {
    "href": "https://link.springer.com/article/10.1007/s11042-018-6706-x",
    "id": "AKB3kUF_gD8J",
    "childNodes": [
      "An effective analysis of",
      "deep learning",
      "based approaches for audio based feature extraction and its",
      "visualization"
    ]
  },
  {
    "href": "https://link.springer.com/chapter/10.1007/978-3-030-00949-6_26",
    "id": "VI-RJjnioEQJ",
    "childNodes": [
      "Joint segmentation and uncertainty",
      "visualization",
      "of retinal layers in optical coherence tomography images using Bayesian",
      "deep learning"
    ]
  },
  {
    "href": "https://mesopotamian.press/journals/index.php/ADSA/article/view/100",
    "id": "qpWPVAM8-E0J",
    "childNodes": [
      "Towards trustworthy myopia detection: integration methodology of",
      "deep learning",
      "approach, XAI",
      "visualization",
      ", and user interface system"
    ]
  },
  {
    "href": "https://journals.lww.com/corneajrnl/fulltext/2021/10000/Corneal_Edema_Visualization_With_Optical_Coherence.7.aspx",
    "id": "TyQ-MDSfG0wJ",
    "childNodes": [
      "Corneal edema",
      "visualization",
      "with optical coherence tomography using",
      "deep learning",
      ": proof of concept"
    ]
  }
]