[
  {
    "href": "https://iopscience.iop.org/article/10.1088/1361-6560/abcd17/meta",
    "id": "IPHibYxH_V8J",
    "childNodes": [
      "Interpretation and",
      "visualization",
      "techniques for",
      "deep learning",
      "models in medical imaging"
    ]
  },
  {
    "href": "https://www.sciencedirect.com/science/article/pii/S2468502X1830038X",
    "id": "9giLF4MQOtYJ",
    "childNodes": [
      "A user-based taxonomy for",
      "deep learning visualization"
    ]
  },
  {
    "href": "https://link.springer.com/article/10.1186/s42774-022-00113-1",
    "id": "EzmWZdaIg7sJ",
    "childNodes": [
      "Deep learning",
      "approaches in flow",
      "visualization"
    ]
  },
  {
    "href": "https://onlinelibrary.wiley.com/doi/abs/10.1002/hbm.23730",
    "id": "vJvJAhulg9IJ",
    "childNodes": [
      "Deep learning",
      "with convolutional neural networks for EEG decoding and",
      "visualization"
    ]
  },
  {
    "href": "https://ieeexplore.ieee.org/abstract/document/9760126/",
    "id": "sbItHoCQt1QJ",
    "childNodes": [
      "Dl4scivis: A state-of-the-art survey on",
      "deep learning",
      "for scientific",
      "visualization"
    ]
  },
  {
    "href": "https://ieeexplore.ieee.org/abstract/document/7839988/",
    "id": "oCBHGxv85z4J",
    "childNodes": [
      "Visualization",
      "of driving behavior based on hidden feature extraction by using",
      "deep learning"
    ]
  },
  {
    "href": "https://arxiv.org/abs/1506.06579",
    "id": "rj_FETy4rLEJ",
    "childNodes": [
      "Understanding neural networks through",
      "deep visualization"
    ]
  },
  {
    "href": "https://www.tandfonline.com/doi/abs/10.1080/08839514.2017.1315516",
    "id": "7XSvkxV0XEIJ",
    "childNodes": [
      "Deep learning",
      "for tomato diseases: classification and symptoms",
      "visualization"
    ]
  },
  {
    "href": "https://ieeexplore.ieee.org/abstract/document/8265023/",
    "id": "ImuAu6cH-NUJ",
    "childNodes": [
      "Deep",
      "-",
      "learning",
      "-assisted volume",
      "visualization"
    ]
  },
  {
    "href": "https://ieeexplore.ieee.org/abstract/document/8565880/",
    "id": "WaBF6cm19oQJ",
    "childNodes": [
      "Deep learning",
      "and",
      "visualization",
      "for identifying malware families"
    ]
  }
]