[
  {
    "href": "https://www.bio-conferences.org/articles/bioconf/pdf/2024/48/bioconf_emc2024_10019.pdf",
    "id": "q_HN09aRT8wJ",
    "childNodes": [
      "3D",
      "visualization",
      "of in situ nanoscale dynamics in transmission electron microscopy via self-supervised",
      "deep learning"
    ]
  },
  {
    "href": "https://dl.acm.org/doi/abs/10.1145/3290688.3290734",
    "id": "mQJctUJvpaEJ",
    "childNodes": [
      "An interactive",
      "visualization",
      "tool for sensor-based physical activity data analysis"
    ]
  },
  {
    "href": "https://www.embopress.org/doi/abs/10.15252/msb.20177551",
    "id": "3xGY_DbLhY8J",
    "childNodes": [
      "Automated analysis of high‐content microscopy data with",
      "deep learning"
    ]
  },
  {
    "href": "https://content.iospress.com/articles/ai-communications/aic747",
    "id": "njb0N0EL6tYJ",
    "childNodes": [
      "An intelligent system for taxi service: Analysis, prediction and",
      "visualization"
    ]
  },
  {
    "href": "https://dl.acm.org/doi/abs/10.1145/3544548.3581111",
    "id": "VmxlZTMn_s4J",
    "childNodes": [
      "How Can",
      "Deep",
      "Neural Networks Aid",
      "Visualization",
      "Perception Research? Three Studies on Correlation Judgments in Scatterplots"
    ]
  },
  {
    "href": "https://api.taylorfrancis.com/content/chapters/edit/download?identifierName=doi&identifierValue=10.1201/9781003104858-6&type=chapterpdf",
    "id": "W_4gmrTf0roJ",
    "childNodes": [
      "Brain–Computer Interface for Dream",
      "Visualization",
      "using",
      "Deep Learning"
    ]
  },
  {
    "href": "https://www.sciencedirect.com/science/article/pii/S0003682X23002876",
    "id": "YHKTdnEGjuoJ",
    "childNodes": [
      "Lightweight",
      "deep",
      "neural networks for acoustic scene classification and an effective",
      "visualization",
      "for presenting sound scene contexts"
    ]
  },
  {
    "href": "https://link.springer.com/article/10.1186/s40537-023-00797-2",
    "id": "8iUhb_9TPY8J",
    "childNodes": [
      "Geographical",
      "visualization",
      "of tweets, misinformation, and extremism during the USA 2020 presidential election using LSTM, NLP, and GIS"
    ]
  },
  {
    "href": "https://www.frontiersin.org/journals/neuroscience/articles/10.3389/fnins.2024.1411538/full",
    "id": "eQ0dxRuNWdUJ",
    "childNodes": [
      "Bibliometric and",
      "visualized",
      "analysis of the application of artificial intelligence in stroke"
    ]
  },
  {
    "href": "https://ieeexplore.ieee.org/abstract/document/9957993/",
    "id": "oGS6K-1QL80J",
    "childNodes": [
      "Breast lesion detection and",
      "visualization",
      "utilizing artificial intelligence and the H-scan"
    ]
  }
]