[
  {
    "href": "https://ieeexplore.ieee.org/abstract/document/8969598/",
    "id": "WrO3-px1LDYJ",
    "childNodes": [
      "Towards a",
      "deeper",
      "understanding of how a pathologist makes a diagnosis:",
      "Visualization",
      "of the diagnostic process in histopathology"
    ]
  },
  {
    "href": "https://ieeexplore.ieee.org/abstract/document/8892958/",
    "id": "-jmedBT7_KkJ",
    "childNodes": [
      "Hindola: a unified cloud-based platform for annotation,",
      "visualization",
      "and machine",
      "learning",
      "-based layout analysis of historical manuscripts"
    ]
  },
  {
    "href": "https://academic.oup.com/bib/article-abstract/25/1/bbad475/7495093",
    "id": "ugd_G_7r2XoJ",
    "childNodes": [
      "CAKE: a flexible self-supervised framework for enhancing cell",
      "visualization",
      ", clustering and rare cell identification"
    ]
  },
  {
    "href": "https://peerj.com/articles/cs-768/",
    "id": "-21Brm0l9eMJ",
    "childNodes": [
      "3D",
      "visualization",
      "model construction based on generative adversarial networks"
    ]
  },
  {
    "href": "https://ieeexplore.ieee.org/abstract/document/9787885/",
    "id": "VumOHOJCLcIJ",
    "childNodes": [
      "Scalar2Vec: Translating scalar fields to vector fields via",
      "deep learning"
    ]
  },
  {
    "href": "https://opg.optica.org/abstract.cfm?uri=boe-11-9-5166",
    "id": "nlua-KOfPbAJ",
    "childNodes": [
      "FLImBrush: dynamic",
      "visualization",
      "of intraoperative free-hand fiber-based fluorescence lifetime imaging"
    ]
  },
  {
    "href": "https://www.sciencedirect.com/science/article/pii/S1319157820305826",
    "id": "3cSc51QSF3cJ",
    "childNodes": [
      "3D",
      "visualization",
      "cloud based model to detect and classify the polyps according to their sizes for CT colonography"
    ]
  },
  {
    "href": "https://www.academia.edu/download/96328681/2210.08080.pdf",
    "id": "0V3IE23hX_kJ",
    "childNodes": [
      "Deep Learning",
      "based Super-Resolution for Medical Volume",
      "Visualization",
      "with Direct Volume Rendering"
    ]
  },
  {
    "href": "https://www.academia.edu/download/65736020/ijatcse391012021.pdf",
    "id": "e7hGM5Jdc5QJ",
    "childNodes": [
      "Comparative analysis of data",
      "visualization",
      "libraries Matplotlib and Seaborn in Python"
    ]
  },
  {
    "href": "https://www.mdpi.com/2079-9292/13/6/1158",
    "id": "IbBOv1lmKSUJ",
    "childNodes": [
      "Augmented Reality",
      "Visualization",
      "and Quantification of COVID-19 Infections in the Lungs"
    ]
  }
]