[
  {
    "href": "https://pubs.rsc.org/en/content/articlehtml/2024/ta/d4ta02979h",
    "id": "gG9KvJx5rSUJ",
    "childNodes": [
      "A flexible wearable sensor based on anti-swelling conductive hydrogels for underwater motion posture",
      "visualization",
      "assisted by",
      "deep learning"
    ]
  },
  {
    "href": "https://ieeexplore.ieee.org/abstract/document/10337577/",
    "id": "WjqnFYJ8EjAJ",
    "childNodes": [
      "Deep Learning",
      "-based",
      "Visualization",
      "of Music Mood"
    ]
  },
  {
    "href": "https://www.sciencedirect.com/science/article/pii/S2351978919308236",
    "id": "Cv2vD4WaRGwJ",
    "childNodes": [
      "Application of",
      "deep visualization",
      "in CNN-based tool condition monitoring for end milling"
    ]
  },
  {
    "href": "https://www.sciencedirect.com/science/article/pii/S0883292721002420",
    "id": "06ezslKP8QoJ",
    "childNodes": [
      "Visualization",
      "and interpretation of geochemical exploration data using GIS and machine",
      "learning",
      "methods"
    ]
  },
  {
    "href": "http://www.e-jwj.org/journal/view.php?doi=10.5781/JWJ.2021.39.1.2",
    "id": "0rEGeFozf4cJ",
    "childNodes": [
      "Review on the recent welding research with application of CNN-based",
      "deep learning",
      "part II: Model evaluation and",
      "visualizations"
    ]
  },
  {
    "href": "https://www.cell.com/heliyon/fulltext/S2405-8440(24)09003-0",
    "id": "UWs5Ig6O_8cJ",
    "childNodes": [
      "The Educational Resource Management Based on Image Data",
      "Visualization",
      "and",
      "Deep Learning"
    ]
  },
  {
    "href": "http://predictive-workshop.github.io/papers/vpa2014_1.pdf",
    "id": "4mS0yVDZxT0J",
    "childNodes": [
      "Interactive",
      "visualizations",
      "for",
      "deep learning"
    ]
  },
  {
    "href": "https://www.sciencedirect.com/science/article/pii/S0010482524016433",
    "id": "Wb8Feqs3Gr4J",
    "childNodes": [
      "DCSENets: Interpretable",
      "deep learning",
      "for patient-independent seizure classification using enhanced EEG-based spectrogram",
      "visualization"
    ]
  },
  {
    "href": "https://www.ncbi.nlm.nih.gov/pmc/articles/PMC10423345/",
    "id": "d2jfXaSjD44J",
    "childNodes": [
      "Deep learning",
      "based ultrasonic",
      "visualization",
      "of distal humeral cartilage for image-guided therapy: a pilot validation study"
    ]
  },
  {
    "href": "https://dl.acm.org/doi/abs/10.1145/3595360.3595851",
    "id": "01XKJfycUmkJ",
    "childNodes": [
      "Data Management and",
      "Visualization",
      "for Benchmarking",
      "Deep Learning",
      "Training Systems"
    ]
  }
]