[
  {
    "href": "https://www.mdpi.com/2076-3417/13/15/8571",
    "id": "v1W-YDKDOlgJ",
    "childNodes": [
      "Towards digital twins of 3D reconstructed apparel models with an end-to-end mobile",
      "visualization"
    ]
  },
  {
    "href": "https://ieeexplore.ieee.org/abstract/document/9973197/",
    "id": "TJWRUYo_wPsJ",
    "childNodes": [
      "Linecap: Line charts for data",
      "visualization",
      "captioning models"
    ]
  },
  {
    "href": "https://onlinelibrary.wiley.com/doi/abs/10.1155/2021/5594498",
    "id": "Wz61S3nAka8J",
    "childNodes": [
      "Acoustic Scene Classification and",
      "Visualization",
      "of Beehive Sounds Using Machine",
      "Learning",
      "Algorithms and Grad‐CAM"
    ]
  },
  {
    "href": "http://www.papers.phmsociety.org/index.php/phmap/article/view/3673",
    "id": "-D037t0hqR4J",
    "childNodes": [
      "Automatic detection of concrete surface defects using",
      "deep learning",
      "and laser ultrasonic",
      "visualization",
      "testing"
    ]
  },
  {
    "href": "https://ieeexplore.ieee.org/abstract/document/9991759/",
    "id": "scqQ0LQKiPgJ",
    "childNodes": [
      "Visualization",
      "for Machine",
      "Learning"
    ]
  },
  {
    "href": "https://ui.adsabs.harvard.edu/abs/2017arXiv170808012T/abstract",
    "id": "aK0AbRdeyNIJ",
    "childNodes": [
      "Deep learning",
      "with convolutional neural networks for decoding and",
      "visualization",
      "of eeg pathology"
    ]
  },
  {
    "href": "https://link.springer.com/chapter/10.1007/978-3-031-46549-9_14",
    "id": "Jl79wNvEuHkJ",
    "childNodes": [
      "Designing and Evaluating Context-Sensitive",
      "Visualization",
      "Models for",
      "Deep Learning",
      "Text Classifiers"
    ]
  },
  {
    "href": "https://link.springer.com/article/10.1007/s43674-022-00044-w",
    "id": "ylA5vowRunwJ",
    "childNodes": [
      "Towards edge devices implementation:",
      "deep learning",
      "model with",
      "visualization",
      "for COVID-19 prediction from chest X-ray"
    ]
  },
  {
    "href": "https://www.sciencedirect.com/science/article/pii/S2949891024003609",
    "id": "P80BAzUMChYJ",
    "childNodes": [
      "An Efficient",
      "Deep Learning",
      "-Based Workflow for Real-Time CO2 Plume",
      "Visualization",
      "in Saline Aquifer using Distributed Pressure and Temperature Measurements"
    ]
  },
  {
    "href": "https://www.sciencedirect.com/science/article/pii/S0002944021003874",
    "id": "QFORtvLM5UYJ",
    "childNodes": [
      "Selection,",
      "visualization",
      ", and interpretation of",
      "deep",
      "features in lung adenocarcinoma and squamous cell carcinoma"
    ]
  }
]