[
  {
    "href": "https://www.mdpi.com/2075-4418/13/15/2537",
    "id": "h___ZoHjDnYJ",
    "childNodes": [
      "A",
      "deep learning",
      "-based automatic segmentation and 3D",
      "visualization",
      "technique for intracranial hemorrhage detection using computed tomography images"
    ]
  },
  {
    "href": "https://arxiv.org/abs/1809.08567",
    "id": "SNLa9CV1wnYJ",
    "childNodes": [
      "Identification and",
      "visualization",
      "of the underlying independent causes of the diagnostic of diabetic retinopathy made by a",
      "deep learning",
      "classifier"
    ]
  },
  {
    "href": "https://www.nature.com/articles/s41598-023-49195-x",
    "id": "kgwbHvA52_YJ",
    "childNodes": [
      "Early diagnosis and meta-agnostic model",
      "visualization",
      "of tuberculosis based on radiography images"
    ]
  },
  {
    "href": "https://ieeexplore.ieee.org/abstract/document/8757060/",
    "id": "Db0NAfMJP0sJ",
    "childNodes": [
      "A novel malware detection system based on machine",
      "learning",
      "and binary",
      "visualization"
    ]
  },
  {
    "href": "https://arxiv.org/abs/1903.11570",
    "id": "3uw5JTEerp0J",
    "childNodes": [
      "Visualization",
      "and interpretation of latent spaces for controlling expressive speech synthesis through audio analysis"
    ]
  },
  {
    "href": "https://www.sciencedirect.com/science/article/pii/S0747563218300311",
    "id": "UUz61w4jkgYJ",
    "childNodes": [
      "Reflective",
      "learning",
      "with complex problems in a",
      "visualization",
      "-based",
      "learning",
      "environment with expert support"
    ]
  },
  {
    "href": "https://ieeexplore.ieee.org/abstract/document/9871150/",
    "id": "6PB8uEpstcAJ",
    "childNodes": [
      "Deep learning",
      "prediction and",
      "visualization",
      "of gender related brain changes from longitudinal structural mri data in the abcd study"
    ]
  },
  {
    "href": "https://www.sciencedirect.com/science/article/pii/S1524070320300035",
    "id": "30nAcRIZugEJ",
    "childNodes": [
      "Robust dimensionality reduction for data",
      "visualization",
      "with",
      "deep",
      "neural networks"
    ]
  },
  {
    "href": "https://www.sciencedirect.com/science/article/pii/S2666521222000084",
    "id": "Q-OmLkRXqBwJ",
    "childNodes": [
      "Local integration of",
      "deep learning",
      "for advanced",
      "visualization",
      "in congenital heart disease surgical planning"
    ]
  },
  {
    "href": "https://www.mdpi.com/2073-4395/12/11/2905",
    "id": "L8DCO6DrBlQJ",
    "childNodes": [
      "Development trends in precision agriculture and its management in china based on data",
      "visualization"
    ]
  }
]