[
  {
    "href": "https://arxiv.org/abs/1808.02870",
    "id": "8SeZ6y7V2W0J",
    "childNodes": [
      "Parkinson's disease assessment from a wrist-worn wearable sensor in free-living conditions:",
      "Deep",
      "ensemble",
      "learning",
      "and",
      "visualization"
    ]
  },
  {
    "href": "https://ieeexplore.ieee.org/abstract/document/9790005/",
    "id": "lQ06uOz2-SUJ",
    "childNodes": [
      "Special Issue on Machine",
      "Learning",
      "Approaches in Big Data",
      "Visualization"
    ]
  },
  {
    "href": "https://dl.acm.org/doi/abs/10.1145/3690390",
    "id": "JpNKSuoVNUwJ",
    "childNodes": [
      "Efficient and user-friendly",
      "visualization",
      "of neural relightable images for cultural heritage applications"
    ]
  },
  {
    "href": "https://ieeexplore.ieee.org/abstract/document/9287730/",
    "id": "ZkF5i6bX5PcJ",
    "childNodes": [
      "Grad-lam:",
      "Visualization",
      "of",
      "deep",
      "neural networks for unsupervised",
      "learning"
    ]
  },
  {
    "href": "https://www.mdpi.com/2076-3417/13/17/9926",
    "id": "_OhBrwCv5vcJ",
    "childNodes": [
      "Image",
      "Visualization",
      "and Classification Using Hydatid Cyst Images with an Explainable Hybrid Model"
    ]
  },
  {
    "href": "https://www.ceeol.com/search/article-detail?id=1088927",
    "id": "JFc7iQ2nrusJ",
    "childNodes": [
      "Perception and Cognition Algorithms, Simulation Modeling and Data",
      "Visualization",
      "Tools, and Spatial Computing and Immersive Technologies in the Metaverse …"
    ]
  },
  {
    "href": "https://wires.onlinelibrary.wiley.com/doi/abs/10.1002/widm.1147",
    "id": "oZDXFwUqPGUJ",
    "childNodes": [
      "Data",
      "visualization",
      "by nonlinear dimensionality reduction"
    ]
  },
  {
    "href": "https://ieeexplore.ieee.org/abstract/document/10782805/",
    "id": "5SItoqXUEe0J",
    "childNodes": [
      "Interactive Manipulation and",
      "Visualization",
      "of 3D Brain MRI for Surgical Training"
    ]
  },
  {
    "href": "https://journals.sagepub.com/doi/abs/10.1177/14759217231192058",
    "id": "ZrUbHJ3LN_YJ",
    "childNodes": [
      "Visualization",
      "of concrete internal defects based on unsupervised domain adaptation algorithm for transfer",
      "learning",
      "of experiment-simulation hybrid dataset of impact …"
    ]
  },
  {
    "href": "https://ieeexplore.ieee.org/abstract/document/8708857/",
    "id": "uaPLuIEbybYJ",
    "childNodes": [
      "Deep",
      "gender classification and",
      "visualization",
      "of near-infra-red periocular-iris images"
    ]
  }
]