[
  {
    "href": "https://www.sciencedirect.com/science/article/pii/S2667096821000057",
    "id": "6wCjdSb0tRgJ",
    "childNodes": [
      "Application of machine",
      "learning",
      "and data",
      "visualization",
      "techniques for decision support in the insurance sector"
    ]
  },
  {
    "href": "https://ieeexplore.ieee.org/abstract/document/10326360/",
    "id": "RbtzoFO8MmYJ",
    "childNodes": [
      "A Study of Skin",
      "Visualization",
      "with Smartphones Using",
      "Deep Learning",
      "from Medical Cameras"
    ]
  },
  {
    "href": "https://link.springer.com/article/10.1007/s11071-023-08391-0",
    "id": "0jB073bOGsAJ",
    "childNodes": [
      "A",
      "deep",
      "generative framework for data-driven surrogate modeling and",
      "visualization",
      "of parameterized nonlinear dynamical systems"
    ]
  },
  {
    "href": "https://www.sciencedirect.com/science/article/pii/S1526612519301860",
    "id": "K-OkJQwTfJAJ",
    "childNodes": [
      "Weld image",
      "deep learning",
      "-based on-line defects detection using convolutional neural networks for Al alloy in robotic arc welding"
    ]
  },
  {
    "href": "https://ieeexplore.ieee.org/abstract/document/9333553/",
    "id": "BTmJKLsqE4QJ",
    "childNodes": [
      "Web-based music genre classification for timeline song",
      "visualization",
      "and analysis"
    ]
  },
  {
    "href": "https://library.imaging.org/admin/apis/public/api/ist/website/downloadArticle/ei/32/1/art00003",
    "id": "5Fa-oesISVkJ",
    "childNodes": [
      "A",
      "visualization",
      "system for performance analysis of image classification models"
    ]
  },
  {
    "href": "https://irojournals.com/jucct/article/view/3/4/1",
    "id": "f7QqE6tMFcsJ",
    "childNodes": [
      "Assimilation of IoT sensors for data",
      "visualization",
      "in a smart campus environment"
    ]
  },
  {
    "href": "https://www.biorxiv.org/content/10.1101/2022.07.12.499676.abstract",
    "id": "I3_4qIYqj0YJ",
    "childNodes": [
      "AlphaViz:",
      "visualization",
      "and validation of critical proteomics data directly at the raw data level"
    ]
  },
  {
    "href": "https://ieeexplore.ieee.org/abstract/document/9906493/",
    "id": "_-KCxN1mc90J",
    "childNodes": [
      "Ddpg-based",
      "deep",
      "reinforcement",
      "learning",
      "for loitering munition mobility control: Algorithm design and",
      "visualization"
    ]
  },
  {
    "href": "https://ieeexplore.ieee.org/abstract/document/10360932/",
    "id": "eDthzZFtQXsJ",
    "childNodes": [
      "GeneticFlow: Exploring Scholar Impact with Interactive",
      "Visualization"
    ]
  }
]