[
  {
    "href": "https://www.jstor.org/stable/pdf/jeductechsoci.14.3.16.pdf",
    "id": "ZrN-mNmeRCsJ",
    "childNodes": [
      "Concept maps as cognitive",
      "visualizations",
      "of writing assignments"
    ]
  },
  {
    "href": "https://link.springer.com/article/10.1007/s11042-021-11582-9",
    "id": "va1kUhH7dfIJ",
    "childNodes": [
      "Graph interpretation, summarization and",
      "visualization",
      "techniques: a review and open research issues"
    ]
  },
  {
    "href": "https://dl.acm.org/doi/abs/10.1145/3094243.3094262",
    "id": "k-3QdpJdjKwJ",
    "childNodes": [
      "Visualization",
      "and Pruning of SSD with the base network VGG16"
    ]
  },
  {
    "href": "https://www.sciencedirect.com/science/article/pii/S095741742101109X",
    "id": "d0GE1fSKRZQJ",
    "childNodes": [
      "A",
      "visualized",
      "bibliometric analysis of mapping research trends of machine",
      "learning",
      "in engineering (MLE)"
    ]
  },
  {
    "href": "https://ieeexplore.ieee.org/abstract/document/10690687/",
    "id": "D9opxn5f_8cJ",
    "childNodes": [
      "Exploring History: Monument Identification and",
      "Visualization",
      "using",
      "Deep Learning",
      "and Augmented Reality"
    ]
  },
  {
    "href": "https://www.researchsquare.com/article/rs-2920654/latest",
    "id": "enMTXAvkpT4J",
    "childNodes": [
      "An Efficient LSTM-Based",
      "Deep Learning",
      "Model for Stock Prediction Analytics and Real-time",
      "Visualization"
    ]
  },
  {
    "href": "https://link.springer.com/article/10.1007/s00521-022-07608-4",
    "id": "qsBcROjklPkJ",
    "childNodes": [
      "A walk in the black-box: 3D",
      "visualization",
      "of large neural networks in virtual reality"
    ]
  },
  {
    "href": "https://www.sciencedirect.com/science/article/pii/S0167404822002814",
    "id": "ZFJBXGxv634J",
    "childNodes": [
      "A few-shot malware classification approach for unknown family recognition using malware feature",
      "visualization"
    ]
  },
  {
    "href": "https://link.springer.com/article/10.1007/s12650-021-00768-w",
    "id": "icyalHN_2FQJ",
    "childNodes": [
      "Visualization",
      "of plasma shape in the LHD-type helical fusion reactor, FFHR, by a",
      "deep learning",
      "technique"
    ]
  },
  {
    "href": "https://www.sciencedirect.com/science/article/pii/S2468502X20300164",
    "id": "2geEb56WJ4cJ",
    "childNodes": [
      "CECAV-DNN: Collective ensemble comparison and",
      "visualization",
      "using",
      "deep",
      "neural networks"
    ]
  }
]