[
  {
    "href": "https://www.frontiersin.org/articles/10.3389/fmicb.2022.830832/full",
    "id": "H3OCVW6hfd8J",
    "childNodes": [
      "Pseudotargeted Metabolomic Fingerprinting and",
      "Deep Learning",
      "for Identification and",
      "Visualization",
      "of Common Pathogens"
    ]
  },
  {
    "href": "https://ieeexplore.ieee.org/abstract/document/9498236/",
    "id": "Q352eAi0CFoJ",
    "childNodes": [
      "Extracting features related to bug fixing time of bug reports by",
      "deep learning",
      "and gradient-based",
      "visualization"
    ]
  },
  {
    "href": "https://www.sciencedirect.com/science/article/pii/S0167404822002413",
    "id": "9oPehkF908oJ",
    "childNodes": [
      "A survey on adversarial attacks in computer vision: Taxonomy,",
      "visualization",
      "and future directions"
    ]
  },
  {
    "href": "https://onlinelibrary.wiley.com/doi/abs/10.1002/mgea.29",
    "id": "qPA37PsU0NYJ",
    "childNodes": [
      "Employing",
      "deep learning",
      "in non‐parametric inverse",
      "visualization",
      "of elastic–plastic mechanisms in dual‐phase steels"
    ]
  },
  {
    "href": "https://www.tandfonline.com/doi/abs/10.2147/JMDH.S420709",
    "id": "-oPR8S9tQXMJ",
    "childNodes": [
      "Research Hotspots and Trends of",
      "Deep Learning",
      "in Critical Care Medicine: A Bibliometric and",
      "Visualized",
      "Study"
    ]
  },
  {
    "href": "https://www.mdpi.com/2076-3417/10/8/2908",
    "id": "2sna4miWgTkJ",
    "childNodes": [
      "A transfer",
      "learning",
      "method for pneumonia classification and",
      "visualization"
    ]
  },
  {
    "href": "https://www.mdpi.com/2072-4292/13/13/2526",
    "id": "afb7h2ymkdgJ",
    "childNodes": [
      "Deep learning",
      "-based point upsampling for edge enhancement of 3D-scanned data and its application to transparent",
      "visualization"
    ]
  },
  {
    "href": "https://ieeexplore.ieee.org/abstract/document/8404196/",
    "id": "B_b42A4en9AJ",
    "childNodes": [
      "Visualization",
      "of power lines recognized in aerial images using",
      "deep learning"
    ]
  },
  {
    "href": "https://link.springer.com/article/10.1186/s12911-023-02320-2",
    "id": "f_eK8UWIvRcJ",
    "childNodes": [
      "Interpreting",
      "deep learning",
      "models for glioma survival classification using",
      "visualization",
      "and textual explanations"
    ]
  },
  {
    "href": "https://search.proquest.com/openview/30244ef9570fd7318f7e7d50e7c05df4/1?pq-origsite=gscholar&cbl=18750",
    "id": "5miDJ0xdoRQJ",
    "childNodes": [
      "Deep Learning Visualization"
    ]
  }
]