[
  {
    "href": "https://ascelibrary.org/doi/abs/10.1061/9780784484982.005",
    "id": "ZST2aJ_DbM0J",
    "childNodes": [
      "Feature",
      "Visualization",
      "Using a",
      "Deep Learning",
      "Technique with Attention-Based Mechanism for Pipe Jacking through “Soft Rocks”"
    ]
  },
  {
    "href": "https://ieeexplore.ieee.org/abstract/document/9671850/",
    "id": "gD8jzNd6qesJ",
    "childNodes": [
      "Soft sensing model",
      "visualization",
      ": Fine-tuning neural network from what model learned"
    ]
  },
  {
    "href": "https://www.sciencedirect.com/science/article/pii/S0045790623003877",
    "id": "wFF_SOv7-O0J",
    "childNodes": [
      "Diverse distant-students",
      "deep",
      "emotion recognition and",
      "visualization"
    ]
  },
  {
    "href": "https://dl.acm.org/doi/abs/10.1145/3281505.3281605",
    "id": "WJygVoCMTrcJ",
    "childNodes": [
      "Visualization",
      "of neural networks in virtual reality using U",
      "SPAN",
      "E",
      "SPAN"
    ]
  },
  {
    "href": "https://onlinelibrary.wiley.com/doi/abs/10.1002/9781119544487.ch5",
    "id": "nxMJueX2MS8J",
    "childNodes": [
      "Intelligent data analysis:",
      "deep learning",
      "and",
      "visualization"
    ]
  },
  {
    "href": "https://ieeexplore.ieee.org/abstract/document/8022871/",
    "id": "ci3vzJkk8wAJ",
    "childNodes": [
      "A",
      "SPAN",
      "V",
      "SPAN",
      ": Visual Exploration of Industry-Scale",
      "Deep",
      "Neural Network Models"
    ]
  },
  {
    "href": "https://www.sciencedirect.com/science/article/pii/S0923596518303515",
    "id": "KH0OsgX0EAwJ",
    "childNodes": [
      "Visual aesthetic understanding: Sample-specific aesthetic classification and",
      "deep",
      "activation map",
      "visualization"
    ]
  },
  {
    "href": "https://www.sciencedirect.com/science/article/pii/S1746809421010053",
    "id": "JkuUbrJcCbkJ",
    "childNodes": [
      "Arrhythmia detection model using modified DenseNet for comprehensible Grad-CAM",
      "visualization"
    ]
  },
  {
    "href": "https://link.springer.com/chapter/10.1007/978-981-16-2712-5_56",
    "id": "8dHzfr-d3icJ",
    "childNodes": [
      "Real-time statistics and",
      "visualization",
      "of the impact of COVID-19 in India with future prediction using",
      "deep learning"
    ]
  },
  {
    "href": "https://journals.sagepub.com/doi/abs/10.1177/15330338241301297",
    "id": "40wGQp2V_vkJ",
    "childNodes": [
      "A Hybrid 2D Gaussian Filter and",
      "Deep Learning",
      "Approach with",
      "Visualization",
      "of Class Activation for Automatic Lung and Colon Cancer Diagnosis"
    ]
  }
]