[
  {
    "href": "https://ieeexplore.ieee.org/abstract/document/8532319/",
    "id": "e5WmStPIfHEJ",
    "childNodes": [
      "FlowNet: A",
      "deep learning",
      "framework for clustering and selection of streamlines and stream surfaces"
    ]
  },
  {
    "href": "https://proceedings.neurips.cc/paper_files/paper/2023/hash/7b76eea0c3683e440c3d362620f578cd-Abstract-Conference.html",
    "id": "YnyYeQ99_ogJ",
    "childNodes": [
      "This looks like those: Illuminating prototypical concepts using multiple",
      "visualizations"
    ]
  },
  {
    "href": "https://ieeexplore.ieee.org/abstract/document/8377915/",
    "id": "ktmWwozVPe0J",
    "childNodes": [
      "Exploratory study for data",
      "visualization",
      "in internet of things"
    ]
  },
  {
    "href": "https://proceedings.mlr.press/v222/ding24a.html",
    "id": "d8mJl5YaLv8J",
    "childNodes": [
      "Better Loss Landscape",
      "Visualization",
      "for",
      "Deep",
      "Neural Networks with Trajectory Information"
    ]
  },
  {
    "href": "https://www.tandfonline.com/doi/abs/10.1080/21681163.2024.2350508",
    "id": "0k0niovLSEAJ",
    "childNodes": [
      "Early detection of glaucoma: feature",
      "visualization",
      "with a",
      "deep",
      "convolutional network"
    ]
  },
  {
    "href": "https://www.sciencedirect.com/science/article/pii/S1319157822000702",
    "id": "kRGUjWvhJRMJ",
    "childNodes": [
      "Mal-Detect: An intelligent",
      "visualization",
      "approach for malware detection"
    ]
  },
  {
    "href": "https://link.springer.com/chapter/10.1007/978-981-16-5411-4_4",
    "id": "CfqCUwvV8eMJ",
    "childNodes": [
      "Explainable",
      "Deep Learning",
      "Through Grad-CAM and Feature",
      "Visualization",
      "for the Detection of COVID-19 in Chest X-ray Images"
    ]
  },
  {
    "href": "https://www.sciencedirect.com/science/article/pii/S0003267019310311",
    "id": "xtuYZHgfKT8J",
    "childNodes": [
      "Feature",
      "visualization",
      "of Raman spectrum analysis with",
      "deep",
      "convolutional neural network"
    ]
  },
  {
    "href": "https://pubs.rsna.org/doi/full/10.1148/radiol.220964",
    "id": "Lmudf1uGSxAJ",
    "childNodes": [
      "Visualization",
      "of the Associations between the CT Features Extracted from a",
      "Deep Learning",
      "Survival Prediction Model and Histopathologic Risk Factors"
    ]
  },
  {
    "href": "https://search.proquest.com/openview/d700bf0d6b1a60f8ecb763ab5545ca52/1?pq-origsite=gscholar&cbl=51922&diss=y",
    "id": "rkuICgnK9BQJ",
    "childNodes": [
      "Visual saliency analysis, prediction, and",
      "visualization",
      ": a",
      "deep learning",
      "perspective"
    ]
  }
]