[
  {
    "href": "https://tvst.arvojournals.org/article.aspx?articleid=2802181",
    "id": "EmJqdNXYTroJ",
    "childNodes": [
      "Automated posterior scleral topography assessment for enhanced staphyloma",
      "visualization",
      "and quantification with improved maculopathy correlation"
    ]
  },
  {
    "href": "https://ieeexplore.ieee.org/abstract/document/10104857/",
    "id": "lmOY3momf7wJ",
    "childNodes": [
      "ECG data",
      "visualization",
      ": Combining the power of Grafana and InfluxDB"
    ]
  },
  {
    "href": "https://link.springer.com/article/10.1007/s10489-022-03243-7",
    "id": "lQR-UBR_HrgJ",
    "childNodes": [
      "A",
      "visualized",
      "fire detection method based on convolutional neural network beyond anchor"
    ]
  },
  {
    "href": "https://ieeexplore.ieee.org/abstract/document/4497891/",
    "id": "ShmAr9mLFAQJ",
    "childNodes": [
      "Visualization",
      "criticism"
    ]
  },
  {
    "href": "https://diglib.eg.org/items/e592a2da-7cd6-48bf-9a28-1be4cf94c149",
    "id": "gYdaO-cH2nIJ",
    "childNodes": [
      "3D reconstruction and transparent",
      "visualization",
      "of Indonesian cultural heritage from a single image"
    ]
  },
  {
    "href": "https://ieeexplore.ieee.org/abstract/document/8891843/",
    "id": "EShT2VU-3tEJ",
    "childNodes": [
      "I",
      "",
      "Visualization",
      "for Computational Science"
    ]
  },
  {
    "href": "https://dl.acm.org/doi/abs/10.1145/3478511.3491310",
    "id": "YD0klG94URoJ",
    "childNodes": [
      "Fencing tracking and",
      "visualization",
      "system"
    ]
  },
  {
    "href": "https://ieeexplore.ieee.org/abstract/document/7465243/",
    "id": "xTVNuh7hgKQJ",
    "childNodes": [
      "Keynote speaker:",
      "visualization",
      "for",
      "deep learning",
      "training"
    ]
  },
  {
    "href": "http://journal.dcs.or.kr/xml/21482/21482.pdf",
    "id": "krU9fg2fP6sJ",
    "childNodes": [
      "A Study on",
      "deep learning",
      "-based product data",
      "visualization",
      "and intelligent monitoring technology in smart factory environment"
    ]
  },
  {
    "href": "https://mediatum.ub.tum.de/1658792",
    "id": "PRzlzZR9SJkJ",
    "childNodes": [
      "Deep Learning",
      "for Volume",
      "Visualization"
    ]
  }
]