[
  {
    "href": "https://scholar.archive.org/work/j4qg2eqnt5a3bes3aoz4u6sssa/access/wayback/https://papers.cumincad.org/data/works/att/ecaade2023_68.pdf",
    "id": "o9sN3A0OUT0J",
    "childNodes": [
      "Future landscape",
      "visualization",
      "by generating images using a diffusion model and instance segmentation"
    ]
  },
  {
    "href": "https://link.springer.com/article/10.1007/s00521-021-06332-9",
    "id": "q_VW65FvILsJ",
    "childNodes": [
      "Bio-inspired computation for big data fusion, storage, processing,",
      "learning",
      "and",
      "visualization",
      ": state of the art and future directions"
    ]
  },
  {
    "href": "https://dl.acm.org/doi/abs/10.1145/774833.774847",
    "id": "Y_ytgWcgwgAJ",
    "childNodes": [
      "Dancing hamsters and marble statues: characterizing student",
      "visualizations",
      "of algorithms"
    ]
  },
  {
    "href": "https://link.springer.com/chapter/10.1007/978-3-030-16350-1_9",
    "id": "iymgkqp8LZYJ",
    "childNodes": [
      "Gradient",
      "visualization",
      "for general characterization in profiling attacks"
    ]
  },
  {
    "href": "https://ieeexplore.ieee.org/abstract/document/9216518/",
    "id": "CSjb1E-Ag4kJ",
    "childNodes": [
      "A fluid flow data set for machine",
      "learning",
      "and its application to neural flow map interpolation"
    ]
  },
  {
    "href": "https://link.springer.com/article/10.1007/s11760-024-03513-6",
    "id": "yCMuzU7NvY8J",
    "childNodes": [
      "Automatic",
      "visualization",
      "of gas leakage in the domestic sector using spacial and temporal models with image processing techniques"
    ]
  },
  {
    "href": "https://www.sciencedirect.com/science/article/pii/S0167404822004540",
    "id": "8Uq086neQcQJ",
    "childNodes": [
      "Disarming",
      "visualization",
      "-based approaches in malware detection systems"
    ]
  },
  {
    "href": "https://www.sciencedirect.com/science/article/pii/S2468502X23000141",
    "id": "_mT60xZTADsJ",
    "childNodes": [
      "NetPrune: a sparklines",
      "visualization",
      "for network pruning"
    ]
  },
  {
    "href": "https://journals.lww.com/investigativeradiology/fulltext/2020/04000/deep_learning_approach_for_generating_mra_images.8.aspx",
    "id": "w4EpjZWLni8J",
    "childNodes": [
      "Deep learning",
      "approach for generating MRA images from 3D quantitative synthetic MRI without additional scans"
    ]
  },
  {
    "href": "https://xlescience.org/index.php/IJASIS/article/view/127",
    "id": "PZ14EdyfvFUJ",
    "childNodes": [
      "Real-time sensor data analytics and",
      "visualization",
      "in cloud-based systems for forest environment monitoring"
    ]
  }
]