[
  {
    "href": "https://www.sciencedirect.com/science/article/pii/S0016510720347830",
    "id": "JkvMVy1i19cJ",
    "childNodes": [
      "Real-time artificial intelligence–based histologic classification of colorectal polyps with augmented",
      "visualization"
    ]
  },
  {
    "href": "https://journals.sagepub.com/doi/abs/10.1177/1473871620909485",
    "id": "N7RSgZDfrn8J",
    "childNodes": [
      "Deep learning",
      "multidimensional projections"
    ]
  },
  {
    "href": "https://ieeexplore.ieee.org/abstract/document/10168257/",
    "id": "fkEOE0ZleHcJ",
    "childNodes": [
      "AutoTitle: An interactive title generator for",
      "visualizations"
    ]
  },
  {
    "href": "https://ieeexplore.ieee.org/abstract/document/9229162/",
    "id": "wWkYyT-fGQ4J",
    "childNodes": [
      "SSR-TVD: Spatial super-resolution for time-varying data analysis and",
      "visualization"
    ]
  },
  {
    "href": "https://www.ceeol.com/search/article-detail?id=1095121",
    "id": "pkW-pLGSsr0J",
    "childNodes": [
      "Deep Learning",
      "-based Sensing Technologies, Data Modeling and Simulation Tools, and 3D Virtual Equipment Monitoring and Immersive",
      "Visualization",
      "Systems in …"
    ]
  },
  {
    "href": "https://link.springer.com/article/10.1007/s10844-022-00734-4",
    "id": "kqkEywAnlTYJ",
    "childNodes": [
      "Windows and IoT malware",
      "visualization",
      "and classification with",
      "deep",
      "CNN and Xception CNN using Markov images"
    ]
  },
  {
    "href": "https://dl.acm.org/doi/abs/10.1145/3447548.3467224",
    "id": "6daYfb3-jPQJ",
    "childNodes": [
      "Learning",
      "to recommend",
      "visualizations",
      "from data"
    ]
  },
  {
    "href": "https://www.mdpi.com/2077-0383/9/12/4013",
    "id": "wyoK2BQBbM8J",
    "childNodes": [
      "Deep",
      "convolutional neural network-assisted feature extraction for diagnostic discrimination and feature",
      "visualization",
      "in pancreatic ductal adenocarcinoma (PDAC) …"
    ]
  },
  {
    "href": "https://www.mdpi.com/2079-9292/11/1/83",
    "id": "OsPv_Oj9BL8J",
    "childNodes": [
      "Caffe2Unity: immersive",
      "visualization",
      "and interpretation of",
      "deep",
      "neural networks"
    ]
  },
  {
    "href": "https://www.mdpi.com/1424-8220/22/14/5205",
    "id": "llL08ZG2EjMJ",
    "childNodes": [
      "A pipeline for the implementation and",
      "visualization",
      "of explainable machine",
      "learning",
      "for medical imaging using radiomics features"
    ]
  }
]