[
  {
    "href": "https://www.learntechlib.org/p/25956/",
    "id": "4GdfhrdAupMJ",
    "childNodes": [
      "Enhancing",
      "Deep Learning",
      "in Sports Science: The Application of Rich Media",
      "Visualization",
      "Techniques in Mobile and Reusable",
      "Learning",
      "Objects."
    ]
  },
  {
    "href": "https://dl.acm.org/doi/abs/10.1145/3377325.3377514",
    "id": "DA2SxqzfOXYJ",
    "childNodes": [
      "Parallel embeddings: a",
      "visualization",
      "technique for contrasting learned representations"
    ]
  },
  {
    "href": "https://www.sciencedirect.com/science/article/pii/S1361841520301377",
    "id": "aUmxoVCTMQ0J",
    "childNodes": [
      "Detection, segmentation, simulation and",
      "visualization",
      "of aortic dissections: a review"
    ]
  },
  {
    "href": "https://dl.acm.org/doi/abs/10.1145/2909067.2909081",
    "id": "y5MAvYEdS20J",
    "childNodes": [
      "Image",
      "visualization",
      "as per the user appeal through",
      "deep learning"
    ]
  },
  {
    "href": "https://ieeexplore.ieee.org/abstract/document/9649326/",
    "id": "kmvMzmWSGuQJ",
    "childNodes": [
      "Diabetic retinopathy detection using",
      "deep",
      "convolutional neural network with",
      "visualization",
      "of guided grad-CA"
    ]
  },
  {
    "href": "https://ieeexplore.ieee.org/abstract/document/10109475/",
    "id": "x0gmYFmReF4J",
    "childNodes": [
      "Deep Learning",
      "Model and Grad-CAM",
      "Visualization",
      "of Cancer Gene Expression Classification and Analysis"
    ]
  },
  {
    "href": "https://aaai.org/ojs/index.php/AAAI/article/view/7068",
    "id": "PSU0MdmcEGUJ",
    "childNodes": [
      "AISpace2: an interactive",
      "visualization",
      "tool for",
      "learning",
      "and teaching artificial intelligence"
    ]
  },
  {
    "href": "https://ieeexplore.ieee.org/abstract/document/9289621/",
    "id": "FJ4BpMWUwmsJ",
    "childNodes": [
      "Implementation of interactive healthcare advisor model using chatbot and",
      "visualization"
    ]
  },
  {
    "href": "https://www.emerald.com/insight/content/doi/10.1108/LHTN-10-2021-0076/full/html",
    "id": "ESPxLY3KxdYJ",
    "childNodes": [
      "Research",
      "visualization",
      "of Indian LIS research using VOSviewer and Bibliometrix"
    ]
  },
  {
    "href": "https://www.mdpi.com/2077-0472/13/4/889",
    "id": "c-RYkgvMYpwJ",
    "childNodes": [
      "An intelligent and precise agriculture model in sustainable cities based on",
      "visualized",
      "symptoms"
    ]
  }
]