[
  {
    "href": "https://link.springer.com/article/10.1007/s10278-024-01215-6",
    "id": "R12hNWsMl3IJ",
    "childNodes": [
      "Automated Cerebrovascular Segmentation and",
      "Visualization",
      "of Intracranial Time-of-Flight Magnetic Resonance Angiography Based on",
      "Deep Learning"
    ]
  },
  {
    "href": "https://ieeexplore.ieee.org/abstract/document/9624362/",
    "id": "eFBQO5V7ZawJ",
    "childNodes": [
      "Malware",
      "visualization",
      "based on",
      "deep learning"
    ]
  },
  {
    "href": "https://academic.oup.com/nar/article-abstract/49/10/e60/6154472",
    "id": "NRN9IAD5SR0J",
    "childNodes": [
      "I",
      "a comprehensive and automated machine-",
      "learning",
      "platform for nucleic acid and protein sequence analysis, prediction and",
      "visualization"
    ]
  },
  {
    "href": "http://openaccess.thecvf.com/content/CVPR2023/html/Humayun_SplineCam_Exact_Visualization_and_Characterization_of_Deep_Network_Geometry_and_CVPR_2023_paper.html",
    "id": "JnMB6yY8UCEJ",
    "childNodes": [
      "Splinecam: Exact",
      "visualization",
      "and characterization of",
      "deep",
      "network geometry and decision boundaries"
    ]
  },
  {
    "href": "https://arxiv.org/abs/2002.06788",
    "id": "JKSyOCTIxV8J",
    "childNodes": [
      "Visualization",
      "of fully connected layer weights in",
      "deep learning",
      "ct reconstruction"
    ]
  },
  {
    "href": "https://link.springer.com/article/10.1007/s00521-021-06812-y",
    "id": "m7HY67UodkQJ",
    "childNodes": [
      "Understanding",
      "deep learning",
      "defenses against adversarial examples through",
      "visualizations",
      "for dynamic risk assessment"
    ]
  },
  {
    "href": "https://peer.asee.org/using-deep-learning-and-augmented-reality-to-improve-accessibility-inclusive-conversations-using-diarization-captions-and-visualization",
    "id": "j7LrMBTM-fUJ",
    "childNodes": [
      "Using",
      "deep learning",
      "and augmented reality to improve accessibility: inclusive conversations using diarization, captions, and",
      "visualization"
    ]
  },
  {
    "href": "https://dl.acm.org/doi/abs/10.1145/3383972.3384034",
    "id": "XZTbCdzECR4J",
    "childNodes": [
      "Towards big data analytics and mining for UK traffic accident analysis,",
      "visualization",
      "& prediction"
    ]
  },
  {
    "href": "https://www.jstage.jst.go.jp/article/mrms/advpub/0/advpub_mp.2024-0025/_article/-char/ja/",
    "id": "lLWoN1rVnwEJ",
    "childNodes": [
      "High resolution TOF-MRA using compressed sensing-based",
      "deep learning",
      "image reconstruction for the",
      "visualization",
      "of lenticulostriate arteries: a preliminary study"
    ]
  },
  {
    "href": "https://link.springer.com/content/pdf/10.1007/978-3-030-93119-3.pdf",
    "id": "2af6CnI6AWIJ",
    "childNodes": [
      "Integrating artificial intelligence and",
      "visualization",
      "for visual knowledge discovery"
    ]
  }
]