[
  {
    "href": "https://dl.acm.org/doi/abs/10.1145/3387168.3389119",
    "id": "OVKA6g7YX5sJ",
    "childNodes": [
      "Classifying alcoholics and control patients using",
      "deep learning",
      "and peak",
      "visualization",
      "method"
    ]
  },
  {
    "href": "https://www.mdpi.com/1424-8220/20/14/3857",
    "id": "z4xVFZRikygJ",
    "childNodes": [
      "Evaluation of vertical ground reaction forces pattern",
      "visualization",
      "in neurodegenerative diseases identification using",
      "deep learning",
      "and recurrence plot image feature …"
    ]
  },
  {
    "href": "https://scijournals.onlinelibrary.wiley.com/doi/abs/10.1002/jsfa.13381",
    "id": "GrZE1zI93yUJ",
    "childNodes": [
      "Prediction and",
      "visualization",
      "of moisture content in Tencha drying processes by computer vision and",
      "deep learning"
    ]
  },
  {
    "href": "https://www.sciencedirect.com/science/article/pii/S1076633222006985",
    "id": "iE8UGqrcXvkJ",
    "childNodes": [
      "Deep learning",
      "MRI reconstruction for accelerating turbo spin echo hand and wrist imaging: a comparison of image quality,",
      "visualization",
      "of anatomy, and detection of …"
    ]
  },
  {
    "href": "https://www.jstage.jst.go.jp/article/circj/86/8/86_CJ-22-0065/_article/-char/ja/",
    "id": "707TQswz5wEJ",
    "childNodes": [
      "Development of a",
      "visualization deep learning",
      "model for classifying origins of ventricular arrhythmias"
    ]
  },
  {
    "href": "https://ieeexplore.ieee.org/abstract/document/10624847/",
    "id": "Xs2EF0w651cJ",
    "childNodes": [
      "ResNet50 Utilization for Bag Classification: A CNN Model",
      "Visualization",
      "Approach in",
      "Deep Learning"
    ]
  },
  {
    "href": "https://www.tandfonline.com/doi/abs/10.1080/01431161.2021.1949069",
    "id": "hwBCxtkoqTYJ",
    "childNodes": [
      "Bibliometric and",
      "visualized",
      "analysis of",
      "deep learning",
      "in remote sensing"
    ]
  },
  {
    "href": "https://www.mdpi.com/2075-4418/13/16/2659",
    "id": "W5tPJIdM_b8J",
    "childNodes": [
      "Deep",
      "-",
      "learning",
      "-based",
      "visualization",
      "and volumetric analysis of fluid regions in optical coherence tomography scans"
    ]
  },
  {
    "href": "https://arxiv.org/abs/1908.01224",
    "id": "s1NJuT3qzGgJ",
    "childNodes": [
      "Smooth grad-cam++: An enhanced inference level",
      "visualization",
      "technique for",
      "deep",
      "convolutional neural network models"
    ]
  },
  {
    "href": "https://search.proquest.com/openview/a607c8361a7aac70cd032c312253781f/1?pq-origsite=gscholar&cbl=1686339",
    "id": "zU5YGiX0BrAJ",
    "childNodes": [
      "A",
      "deep learning",
      "approach based defect",
      "visualization",
      "in pulsed thermography"
    ]
  }
]