[
  {
    "href": "http://www.lalavision.com/en/article/Y2022/I2/106",
    "id": "SJ99TNFh4LYJ",
    "childNodes": [
      "A",
      "Visualized",
      "Research of Human's Behavior in Public Spaces Based on",
      "Deep Learning",
      ": A Case Study of Weijin Road Campus, Tianjin University"
    ]
  },
  {
    "href": "https://arxiv.org/abs/2404.02147",
    "id": "hC9XkXJ4LH8J",
    "childNodes": [
      "Visualization",
      "for Human-Centered AI Tools"
    ]
  },
  {
    "href": "https://www.academia.edu/download/92506275/2010.14831v1.pdf",
    "id": "lp2Kg0IFoE0J",
    "childNodes": [
      "Deep",
      "manifold computing and",
      "visualization"
    ]
  },
  {
    "href": "https://ieeexplore.ieee.org/abstract/document/9807868/",
    "id": "8Z0DnM2H0MsJ",
    "childNodes": [
      "Real-time face emotion recognition and",
      "visualization",
      "using Grad-CAM"
    ]
  },
  {
    "href": "https://www.jstage.jst.go.jp/article/jsceiiai/4/3/4_1/_article/-char/ja/",
    "id": "vklCOAAGmRgJ",
    "childNodes": [
      "A study on",
      "deep",
      "cnn structures for defect detection from laser ultrasonic",
      "visualization",
      "testing images"
    ]
  },
  {
    "href": "https://burjcdigital.urjc.es/handle/10115/29362",
    "id": "bJdJazLqvYQJ",
    "childNodes": [
      "Digital data",
      "visualization",
      "with interactive and virtual reality tools. review of current state of the art and proposal of a model"
    ]
  },
  {
    "href": "https://link.springer.com/chapter/10.1007/978-981-15-0978-0_14",
    "id": "qrwnoE5viIEJ",
    "childNodes": [
      "CNN-BD: An approach for disease classification and",
      "visualization"
    ]
  },
  {
    "href": "https://pdfs.semanticscholar.org/e2b2/3e36d7a00272da2a4b63cd9de8a7ca8fd6b9.pdf",
    "id": "FOlZR6BMkHMJ",
    "childNodes": [
      "Using space syntax and information",
      "visualization",
      "for spatial behavior analysis and simulation"
    ]
  },
  {
    "href": "http://openaccess.thecvf.com/content_CVPRW_2019/papers/Explainable%20AI/Shi_Deep_Visual_City_Recognition_Visualization_CVPRW_2019_paper.pdf",
    "id": "gOjijxcZ40IJ",
    "childNodes": [
      "Deep",
      "Visual City Recognition",
      "Visualization",
      "."
    ]
  },
  {
    "href": "http://www.iaeng.org/publication/WCECS2009/WCECS2009_pp580-584.pdf",
    "id": "nURn-0-ewIEJ",
    "childNodes": [
      "Learning",
      "and teaching engineering courses with",
      "visualizations"
    ]
  }
]