[
  {
    "href": "https://ieeexplore.ieee.org/abstract/document/9732198/",
    "id": "6VULKqM-3XwJ",
    "childNodes": [
      "Deep",
      "clustering and",
      "visualization",
      "for end-to-end high-dimensional data analysis"
    ]
  },
  {
    "href": "https://ieeexplore.ieee.org/abstract/document/9679994/",
    "id": "fudV_USZGTIJ",
    "childNodes": [
      "An interdisciplinary approach for the automated detection and",
      "visualization",
      "of media bias in news articles"
    ]
  },
  {
    "href": "https://www.sciencedirect.com/science/article/pii/S1473837616300971",
    "id": "EmQGMwbAlTkJ",
    "childNodes": [
      "Enhancing",
      "learning",
      "to diverse cohorts via immersive",
      "visualization"
    ]
  },
  {
    "href": "https://link.springer.com/chapter/10.1007/978-981-16-2233-5_13",
    "id": "j1xeBzsolv0J",
    "childNodes": [
      "Deep Learning Visualization"
    ]
  },
  {
    "href": "https://www.nature.com/articles/s41467-017-00623-3",
    "id": "1XrNoNEjdgsJ",
    "childNodes": [
      "Reconstructing cell cycle and disease progression using",
      "deep learning"
    ]
  },
  {
    "href": "https://ieeexplore.ieee.org/abstract/document/8942366/",
    "id": "1_JHE-_NYzIJ",
    "childNodes": [
      "Using",
      "visualization",
      "of convolutional neural networks in virtual reality for machine",
      "learning",
      "newcomers"
    ]
  },
  {
    "href": "https://ieeexplore.ieee.org/abstract/document/10337692/",
    "id": "s0UWdH0_zDIJ",
    "childNodes": [
      "Discriminative",
      "deep",
      "feature",
      "visualization",
      "for explainable face recognition"
    ]
  },
  {
    "href": "https://www.ceeol.com/search/article-detail?id=1045820",
    "id": "rGZwnfk-leQJ",
    "childNodes": [
      "Immersive virtual shopping experiences in the retail metaverse: Consumer-driven E-commerce, blockchain-based digital assets, and data",
      "visualization",
      "tools"
    ]
  },
  {
    "href": "https://iopscience.iop.org/article/10.1088/1757-899X/937/1/012053/meta",
    "id": "PeUdmJDMr-kJ",
    "childNodes": [
      "Visualization",
      "and Classification of Diseases using",
      "Deep Learning",
      "Based Convolution Neural Network"
    ]
  },
  {
    "href": "https://www.nature.com/articles/s41596-024-00957-5",
    "id": "c5j3oX_mTY0J",
    "childNodes": [
      "Modular segmentation, spatial analysis and",
      "visualization",
      "of volume electron microscopy datasets"
    ]
  }
]