[
  {
    "href": "https://ieeexplore.ieee.org/abstract/document/9347410/",
    "id": "Rt0eLuAXOI0J",
    "childNodes": [
      "Interpretable",
      "visualizations",
      "of",
      "deep",
      "neural networks for domain generation algorithm detection"
    ]
  },
  {
    "href": "https://arxiv.org/abs/2102.01792",
    "id": "FPR556QnWkgJ",
    "childNodes": [
      "A survey on understanding,",
      "visualizations",
      ", and explanation of",
      "deep",
      "neural networks"
    ]
  },
  {
    "href": "https://ieeexplore.ieee.org/abstract/document/10316420/",
    "id": "C2h3bLBiCvgJ",
    "childNodes": [
      "“Can You Handle the Truth?”: Investigating the Effects of AR-Based",
      "Visualization",
      "of the Uncertainty of",
      "Deep Learning",
      "Models on Users of Autonomous Vehicles"
    ]
  },
  {
    "href": "https://link.springer.com/chapter/10.1007/978-3-030-81627-8_15",
    "id": "YE88ZSNwFY0J",
    "childNodes": [
      "Deep learning",
      "-based upscaling for in situ volume",
      "visualization"
    ]
  },
  {
    "href": "https://ieeexplore.ieee.org/abstract/document/9552449/",
    "id": "DSrY_3NU-ZgJ",
    "childNodes": [
      "MultiVision: Designing analytical dashboards with",
      "deep learning",
      "based recommendation"
    ]
  },
  {
    "href": "https://repository.isls.org/handle/1/6305",
    "id": "A9mB5vPudFcJ",
    "childNodes": [
      "Developing AI into Explanatory Supporting Models: An Explanation-",
      "visualized Deep Learning",
      "Prototype for Computer Supported Collaborative",
      "Learning"
    ]
  },
  {
    "href": "https://www.cell.com/iscience/fulltext/S2589-0042(23)00250-X",
    "id": "JOlkPFe0QQkJ",
    "childNodes": [
      "Visualization",
      "and accuracy improvement of soil classification using laser-induced breakdown spectroscopy with",
      "deep learning"
    ]
  },
  {
    "href": "https://arxiv.org/abs/2112.12926",
    "id": "kETzEBozE9wJ",
    "childNodes": [
      "nvBench: A large-scale synthesized dataset for cross-domain natural language to",
      "visualization",
      "task"
    ]
  },
  {
    "href": "https://onlinelibrary.wiley.com/doi/abs/10.1155/2022/6006968",
    "id": "7mmZKCfsnb4J",
    "childNodes": [
      "Visualization",
      "research of college students' career planning paths integrating",
      "deep learning",
      "and big data"
    ]
  },
  {
    "href": "https://www.nature.com/articles/s40494-024-01505-w.pdf",
    "id": "c4AuRoJTIZMJ",
    "childNodes": [
      "Segmentation and",
      "visualization",
      "of the Shampula dragonfly eye glass bead CT images using a",
      "deep learning",
      "method."
    ]
  }
]