[
  {
    "href": "https://arxiv.org/abs/2305.05255",
    "id": "-dOvqkzZIGkJ",
    "childNodes": [
      "Emolysis: A multimodal open-source group emotion analysis and",
      "visualization",
      "toolkit"
    ]
  },
  {
    "href": "https://www.mdpi.com/2072-4292/12/15/2479",
    "id": "dao7gBOZVMYJ",
    "childNodes": [
      "Linear and non-linear models for remotely-sensed hyperspectral image",
      "visualization"
    ]
  },
  {
    "href": "https://ieeexplore.ieee.org/abstract/document/8844665/",
    "id": "w_5fDsxSWBUJ",
    "childNodes": [
      "High performance neural network inference, streaming, and",
      "visualization",
      "of medical images using FAST"
    ]
  },
  {
    "href": "https://www.spiedigitallibrary.org/conference-proceedings-of-spie/12463/124633B/Deep-learning-based-All-in-One-combined-visualization-strategy-for/10.1117/12.2654188.short",
    "id": "I4keTQxpBW0J",
    "childNodes": [
      "Deep learning",
      "-based all-in-one combined",
      "visualization",
      "strategy for disease screening in CT imaging"
    ]
  },
  {
    "href": "https://www.mdpi.com/2076-3417/10/12/4355",
    "id": "QR9_FrezD8YJ",
    "childNodes": [
      "A decision-making tool based on exploratory",
      "visualization",
      "for the automotive industry"
    ]
  },
  {
    "href": "https://journals.lww.com/JASN/fulltext/2022/01000/Three_Dimensional_Visualization_of_the_Podocyte.17.aspx",
    "id": "IkoMtzJPJCAJ",
    "childNodes": [
      "Three-dimensional",
      "visualization",
      "of the podocyte actin network using integrated membrane extraction, electron microscopy, and machine",
      "learning"
    ]
  },
  {
    "href": "https://www.nature.com/articles/s41576-019-0122-6",
    "id": "B9B1Vnf0gHwJ",
    "childNodes": [
      "Deep learning",
      ": new computational modelling techniques for genomics"
    ]
  },
  {
    "href": "https://ieeexplore.ieee.org/abstract/document/9149790/",
    "id": "Be-VWoyaypEJ",
    "childNodes": [
      "ConfusionFlow: A model-agnostic",
      "visualization",
      "for temporal analysis of classifier confusion"
    ]
  },
  {
    "href": "https://ieeexplore.ieee.org/abstract/document/10181223/",
    "id": "NDh-F-rwJxkJ",
    "childNodes": [
      "Deep Learning",
      "based Approach for Fast, Effective",
      "Visualization",
      "of Voluminous Gridded Spatial Observations"
    ]
  },
  {
    "href": "https://ieeexplore.ieee.org/abstract/document/10138036/",
    "id": "kO35gKNpv4oJ",
    "childNodes": [
      "3-D",
      "visualization",
      "for lung COVID-19 infection based on U-Net CNN segmentation"
    ]
  }
]