[
  {
    "href": "https://onlinelibrary.wiley.com/doi/abs/10.1002/int.23094",
    "id": "hXnteTg114MJ",
    "childNodes": [
      "CNN‐and GAN‐based classification of malicious code families: A code",
      "visualization",
      "approach"
    ]
  },
  {
    "href": "https://cdn.techscience.cn/files/cmc/2023/75-2/TSP_CMC_38639/TSP_CMC_38639.pdf",
    "id": "MPs8GYS93GsJ",
    "childNodes": [
      "VMCTE:",
      "Visualization",
      "-Based Malware Classification Using Transfer and Ensemble",
      "Learning"
    ]
  },
  {
    "href": "https://www.ceeol.com/search/article-detail?id=1055693",
    "id": "_Y4DDLZQ7fAJ",
    "childNodes": [
      "Smart city analytics, digital twin simulation and",
      "visualization",
      "modeling technologies, and cognitive data mining algorithms in sustainable urban governance networks"
    ]
  },
  {
    "href": "https://www.sciencedirect.com/science/article/pii/S1386142523011605",
    "id": "OROOFAzowuQJ",
    "childNodes": [
      "RaT: Raman Transformer for highly accurate melanoma detection with critical features",
      "visualization"
    ]
  },
  {
    "href": "https://link.springer.com/chapter/10.1007/978-3-030-23525-3_25",
    "id": "11QbdNkmhi4J",
    "childNodes": [
      "Facilitating",
      "Deep Learning",
      "Through Vertical Integration Between Data",
      "Visualization",
      "Courses Within an Undergraduate Data",
      "Visualization",
      "Curriculum"
    ]
  },
  {
    "href": "https://ieeexplore.ieee.org/abstract/document/9888717/",
    "id": "gdnxb-xDXbAJ",
    "childNodes": [
      "Heatmap",
      "visualization",
      "and badminton player detection using convolutional neural network"
    ]
  },
  {
    "href": "https://ieeexplore.ieee.org/abstract/document/10360908/",
    "id": "Tlf2WFhF9-YJ",
    "childNodes": [
      "Enabling Multimodal User Interactions for Genomics",
      "Visualization",
      "Creation"
    ]
  },
  {
    "href": "https://ieeexplore.ieee.org/abstract/document/8936759/",
    "id": "Xr0f6WzWktQJ",
    "childNodes": [
      "Deep",
      "interpretable architecture for plant diseases classification"
    ]
  },
  {
    "href": "http://journal.dcs.or.kr/xml/23593/23593.pdf",
    "id": "FphJKbfHBEoJ",
    "childNodes": [
      "Ar based beverage information",
      "visualization",
      "and sharing system using",
      "deep learning"
    ]
  },
  {
    "href": "https://www.tandfonline.com/doi/abs/10.1080/01930826.2022.2043695",
    "id": "9LbJlXcDX9kJ",
    "childNodes": [
      "Deciphering the status of library and information science research in BRICS nations: A Research",
      "Visualization",
      "Approach"
    ]
  }
]