[
  {
    "href": "https://link.springer.com/article/10.1007/s41651-023-00157-x",
    "id": "79Entv0ZWAAJ",
    "childNodes": [
      "New techniques and methods for modelling,",
      "visualization",
      ", and analysis of a 3D city"
    ]
  },
  {
    "href": "https://arxiv.org/abs/2411.10015",
    "id": "Gx0fsaRFv-cJ",
    "childNodes": [
      "MicroCrackAttentionNeXt: Advancing Microcrack Detection in Wave Field Analysis Using",
      "Deep",
      "Neural Networks through Feature",
      "Visualization"
    ]
  },
  {
    "href": "https://onlinelibrary.wiley.com/doi/abs/10.1111/cgf.13686",
    "id": "ep6SabOMNeEJ",
    "childNodes": [
      "Visualizing for the non‐visual: Enabling the visually impaired to use",
      "visualization"
    ]
  },
  {
    "href": "https://ieeexplore.ieee.org/abstract/document/9264699/",
    "id": "6AXZXSZvjIAJ",
    "childNodes": [
      "Learning",
      "adaptive sampling and reconstruction for volume",
      "visualization"
    ]
  },
  {
    "href": "https://ieeexplore.ieee.org/abstract/document/9373251/",
    "id": "o9ejYhZwdhoJ",
    "childNodes": [
      "Deeprings: a concentric-ring based",
      "visualization",
      "to understand",
      "deep learning",
      "models"
    ]
  },
  {
    "href": "https://www.mdpi.com/2075-4418/13/3/551",
    "id": "69cpXHicNdkJ",
    "childNodes": [
      "… architecture to classify normal and conventional pneumonia cases from COVID-19 instances with Grad-CAM-based superimposed",
      "visualization",
      "utilizing chest X-ray …"
    ]
  },
  {
    "href": "https://link.springer.com/chapter/10.1007/978-3-030-33506-9_46",
    "id": "hnIeYqSbp0QJ",
    "childNodes": [
      "Clustering analysis and",
      "visualization",
      "of TCM patents based on",
      "deep learning"
    ]
  },
  {
    "href": "https://ieeexplore.ieee.org/abstract/document/9964530/",
    "id": "le9anaSmqYoJ",
    "childNodes": [
      "Comparative analysis and",
      "visualization",
      "of breast cancer using machine",
      "learning",
      "models"
    ]
  },
  {
    "href": "https://arxiv.org/abs/1610.07258",
    "id": "8l4uGYxIFvoJ",
    "childNodes": [
      "Representation",
      "learning",
      "with deconvolution for multivariate time series classification and",
      "visualization"
    ]
  },
  {
    "href": "https://ieeexplore.ieee.org/abstract/document/10547930/",
    "id": "knnLcwE1CREJ",
    "childNodes": [
      "Deep Learning",
      "Approach to Predict Intracerebral Hemorrhage and Grad-Cam",
      "Visualization",
      "on CT Images"
    ]
  }
]