[
  {
    "href": "https://ieeexplore.ieee.org/abstract/document/10102798/",
    "id": "SDseHlxVajAJ",
    "childNodes": [
      "Augmented reality",
      "visualization",
      "and interaction for covid-19 ct-scan nn automated segmentation: A validation study"
    ]
  },
  {
    "href": "https://ieeexplore.ieee.org/abstract/document/9720180/",
    "id": "2dcw46HXYcgJ",
    "childNodes": [
      "Vividgraph:",
      "Learning",
      "to extract and redesign network graphs from",
      "visualization",
      "images"
    ]
  },
  {
    "href": "https://ieeexplore.ieee.org/abstract/document/7979885/",
    "id": "t3CUFn5YbJ0J",
    "childNodes": [
      "Financial time-series data analysis using",
      "deep",
      "convolutional neural networks"
    ]
  },
  {
    "href": "https://link.springer.com/article/10.1007/s11548-019-01950-0",
    "id": "5-G42og0txMJ",
    "childNodes": [
      "Deep",
      "neural maps for unsupervised",
      "visualization",
      "of high-grade cancer in prostate biopsies"
    ]
  },
  {
    "href": "https://journals.sagepub.com/doi/abs/10.1177/1475921718757405",
    "id": "mtSfAN_GDVMJ",
    "childNodes": [
      "Computer vision and",
      "deep learning",
      "–based data anomaly detection method for structural health monitoring"
    ]
  },
  {
    "href": "https://www.techrxiv.org/doi/full/10.36227/techrxiv.24278491.v1",
    "id": "5COtDt4YsB4J",
    "childNodes": [
      "Understanding",
      "Deep Learning",
      "for LoS prediction via Latent space",
      "visualization"
    ]
  },
  {
    "href": "https://onlinelibrary.wiley.com/doi/abs/10.1111/cgf.14034",
    "id": "jq2-z5A4HUEJ",
    "childNodes": [
      "The state of the art in enhancing trust in machine",
      "learning",
      "models with the use of",
      "visualizations"
    ]
  },
  {
    "href": "https://www.mdpi.com/2073-8994/12/11/1923",
    "id": "fDK-q1HOKzsJ",
    "childNodes": [
      "Performance evaluation of keyword extraction methods and",
      "visualization",
      "for student online comments"
    ]
  },
  {
    "href": "https://ieeexplore.ieee.org/abstract/document/8744242/",
    "id": "tJplMH0Q9xwJ",
    "childNodes": [
      "Data2vis: Automatic generation of data",
      "visualizations",
      "using sequence-to-sequence recurrent neural networks"
    ]
  },
  {
    "href": "https://www.cambridge.org/core/journals/journal-of-fluid-mechanics/article/deep-learning-of-vortexinduced-vibrations/B7D9B152C42B7F1E895C1661F5A85881",
    "id": "-83HJtY2c7cJ",
    "childNodes": [
      "Deep learning",
      "of vortex-induced vibrations"
    ]
  }
]