[
  {
    "href": "https://www.spiedigitallibrary.org/conference-proceedings-of-spie/12590/125900D/3D-visualization-system-for-urban-buildings-based-on-deep-learning/10.1117/12.2669825.short",
    "id": "YgSgFq92u4MJ",
    "childNodes": [
      "3D",
      "visualization",
      "system for urban buildings based on",
      "deep learning"
    ]
  },
  {
    "href": "https://www.techrxiv.org/doi/full/10.36227/techrxiv.173834937.72763339",
    "id": "sx8iFqV9_fUJ",
    "childNodes": [
      "A Survey on Post-Hoc Explanation Methods for XAI",
      "Visualization"
    ]
  },
  {
    "href": "https://go.gale.com/ps/i.do?id=GALE%7CA780973832&sid=googleScholar&v=2.1&it=r&linkaccess=abs&issn=15510018&p=HRCA&sw=w",
    "id": "97CnFk4xnwsJ",
    "childNodes": [
      "Research hotspots and trends of artificial intelligence in rheumatoid arthritis: A bibliometric and",
      "visualized",
      "study."
    ]
  },
  {
    "href": "https://ieeexplore.ieee.org/abstract/document/10800349/",
    "id": "M-3Ke8yIkNsJ",
    "childNodes": [
      "… of X-Ray Images for the Automated Severity Grading of Knee Osteoarthritis by Ensemble",
      "Learning",
      "Through EfficientNet Architectures with Grad-CAM",
      "Visualization"
    ]
  },
  {
    "href": "https://dl.acm.org/doi/abs/10.1145/2072598.2072607",
    "id": "jvxNfO89Bi8J",
    "childNodes": [
      "Game-based concept",
      "visualization",
      "for",
      "learning",
      "programming"
    ]
  },
  {
    "href": "https://www.sciencedirect.com/science/article/pii/S0022346824004251",
    "id": "WD6xnTSUI3gJ",
    "childNodes": [
      "Integrating artificial intelligence into the",
      "visualization",
      "and modeling of three-dimensional anatomy in pediatric surgical patients"
    ]
  },
  {
    "href": "https://journals.plos.org/plosone/article?id=10.1371/journal.pone.0179790",
    "id": "bhgfB1oQl7IJ",
    "childNodes": [
      "Applying artificial intelligence to disease staging:",
      "Deep learning",
      "for improved staging of diabetic retinopathy"
    ]
  },
  {
    "href": "https://www.mdpi.com/2075-1729/13/12/2340",
    "id": "57frM00GRMEJ",
    "childNodes": [
      "The fusion of wide field optical coherence tomography and AI: advancing breast cancer surgical margin",
      "visualization"
    ]
  },
  {
    "href": "https://www.ceeol.com/search/article-detail?id=1132271",
    "id": "jOgzOASjLvQJ",
    "childNodes": [
      "Immersive",
      "Visualization",
      "and Multi-Sensor Fusion Systems, Process Simulation and Modeling Technologies, and Digital Twin Connected Factories and Virtual Plant …"
    ]
  },
  {
    "href": "https://onlinelibrary.wiley.com/doi/abs/10.1155/2022/4326437",
    "id": "FKIlteM9R7QJ",
    "childNodes": [
      "Visualization",
      "of railway transportation engineering management using bim technology under the application of internet of things edge computing"
    ]
  }
]