[
  {
    "href": "https://arxiv.org/abs/2305.19146",
    "id": "eo5glsB0GCEJ",
    "childNodes": [
      "ASU-CNN: An Efficient",
      "Deep",
      "Architecture for Image Classification and Feature",
      "Visualizations"
    ]
  },
  {
    "href": "https://www.sciencedirect.com/science/article/pii/S1010603024000017",
    "id": "8SF8TI2He64J",
    "childNodes": [
      "Computational design of new polymers having low exciton binding energy for organic solar cells fabrication: Chemical generation and",
      "visualization"
    ]
  },
  {
    "href": "https://dl.acm.org/doi/abs/10.1145/3672276",
    "id": "AeIugtFaSzoJ",
    "childNodes": [
      "Visualization",
      "for recommendation explainability: a survey and new perspectives"
    ]
  },
  {
    "href": "https://dl.acm.org/doi/abs/10.1145/3326285.3329073",
    "id": "P-cB_FNnUxAJ",
    "childNodes": [
      "ATMPA: attacking machine",
      "learning",
      "-based malware",
      "visualization",
      "detection methods via adversarial examples"
    ]
  },
  {
    "href": "https://www.mdpi.com/2077-0472/12/9/1467",
    "id": "FJ4WcL8j1ScJ",
    "childNodes": [
      "Improved lightweight mango sorting model based on",
      "visualization"
    ]
  },
  {
    "href": "https://books.google.com/books?hl=en&lr=&id=z6UaEQAAQBAJ&oi=fnd&pg=PR5&dq=deep+learning+visualization&ots=FaNf9UUec8&sig=thcEye88Mw1bQyc8FZK9DWyjmzY",
    "id": "h2VnSbfa-HEJ",
    "childNodes": [
      "No-Code Ai: Concepts and Applications in Machine",
      "Learning",
      ",",
      "Visualization",
      ", and Cloud Platforms"
    ]
  },
  {
    "href": "https://papers.ssrn.com/sol3/papers.cfm?abstract_id=3167323",
    "id": "uYTpauMz3I0J",
    "childNodes": [
      "Twitter Sentiment",
      "Visualization",
      "Using",
      "Deep Learning"
    ]
  },
  {
    "href": "https://pubs.aip.org/aip/acp/article-abstract/2839/1/040017/2913809",
    "id": "58SS1cPijRQJ",
    "childNodes": [
      "An empirical analysis of different data",
      "visualization",
      "techniques from statistical perspective"
    ]
  },
  {
    "href": "https://www.sciencedirect.com/science/article/pii/S0034425718305418",
    "id": "hztL-bzMG2UJ",
    "childNodes": [
      "Deep learning",
      "based multi-temporal crop classification"
    ]
  },
  {
    "href": "https://ieeexplore.ieee.org/abstract/document/8469045/",
    "id": "2tLqiVMazpgJ",
    "childNodes": [
      "Data processing for multiple electronic noses using sensor response",
      "visualization"
    ]
  }
]