[
  {
    "href": "https://ieeexplore.ieee.org/abstract/document/10303351/",
    "id": "HHtav9jGQJEJ",
    "childNodes": [
      "Information Plane Analysis",
      "Visualization",
      "in",
      "Deep Learning",
      "via Transfer Entropy"
    ]
  },
  {
    "href": "https://onlinelibrary.wiley.com/doi/abs/10.1155/2022/9259328",
    "id": "NTKZMUz__aoJ",
    "childNodes": [
      "Visualization",
      "of Football Tactics with",
      "Deep Learning",
      "Models"
    ]
  },
  {
    "href": "https://cdn.techscience.cn/files/cmc/2023/TSP_CMC-75-3/TSP_CMC_38362/TSP_CMC_38362.pdf",
    "id": "QLnRWsTvUuIJ",
    "childNodes": [
      "Visualization",
      "for explanation of",
      "deep learning",
      "-based defect detection model using class activation map"
    ]
  },
  {
    "href": "https://link.springer.com/article/10.1134/S0965542521050134",
    "id": "MBPUaq5SR3MJ",
    "childNodes": [
      "Overview of",
      "visualization",
      "methods for artificial neural networks"
    ]
  },
  {
    "href": "https://search.ieice.org/bin/summary.php?id=e106-d_1_68",
    "id": "cWeSErHXF0YJ",
    "childNodes": [
      "Skin",
      "Visualization",
      "Using Smartphone and",
      "Deep Learning",
      "in the Beauty Industry"
    ]
  },
  {
    "href": "https://www.sciencedirect.com/science/article/pii/S0045793019300969",
    "id": "76OijZqh9sIJ",
    "childNodes": [
      "A CNN-based shock detection method in flow",
      "visualization"
    ]
  },
  {
    "href": "https://www.sciencedirect.com/science/article/pii/S0149197024000027",
    "id": "LdmNOuKU7aUJ",
    "childNodes": [
      "Visualization",
      "and monitoring dynamic water levels of steam generators based on",
      "deep learning"
    ]
  },
  {
    "href": "https://iopscience.iop.org/article/10.1088/1361-6560/acb754/meta",
    "id": "W8WXq8bgv1IJ",
    "childNodes": [
      "MIDRC CRP10 AI interface—an integrated tool for exploring, testing and",
      "visualization",
      "of AI models"
    ]
  },
  {
    "href": "http://openaccess.thecvf.com/content_cvpr_2017_workshops/w8/html/Korbar_Looking_Under_the_CVPR_2017_paper.html",
    "id": "zmShwv6YsoQJ",
    "childNodes": [
      "Looking under the hood:",
      "Deep",
      "neural network",
      "visualization",
      "to interpret whole-slide image analysis outcomes for colorectal polyps"
    ]
  },
  {
    "href": "https://dl.acm.org/doi/abs/10.1145/3665318.3677152",
    "id": "cXmlGjd4rkYJ",
    "childNodes": [
      "Deepmaterialinsights: A web-based framework harnessing",
      "deep learning",
      "for estimation,",
      "visualization",
      ", and export of material assets from images"
    ]
  }
]