[
  {
    "href": "https://www.nature.com/articles/s41598-023-45447-y",
    "id": "YXpKbxyze9gJ",
    "childNodes": [
      "Visualization",
      "analysis of research hotspots on structural topology optimization based on CiteSpace"
    ]
  },
  {
    "href": "https://scpe.org/index.php/scpe/article/view/3147",
    "id": "Pi6JXY5fSXsJ",
    "childNodes": [
      "Research on",
      "Visualization",
      "and Interactivity of Virtual Reality Technology and Digital Media in Interior Space Design"
    ]
  },
  {
    "href": "https://link.springer.com/article/10.1007/s11042-023-14880-6",
    "id": "KuFUp_Gkm2MJ",
    "childNodes": [
      "An augmented reality for an arabic text reading and",
      "visualization",
      "assistant for the visually impaired"
    ]
  },
  {
    "href": "https://ieeexplore.ieee.org/abstract/document/10549835/",
    "id": "WiobkvMoLDsJ",
    "childNodes": [
      "RmdnCache: Dual-Space Prefetching Neural Network for Large-Scale Volume",
      "Visualization"
    ]
  },
  {
    "href": "https://www.sciencedirect.com/science/article/pii/S0360131514002711",
    "id": "daokho_ZT2gJ",
    "childNodes": [
      "When does higher degree of interaction lead to higher",
      "learning",
      "in",
      "visualizations",
      "? Exploring the role of 'Interactivity Enriching Features'"
    ]
  },
  {
    "href": "https://dl.acm.org/doi/abs/10.1145/3514221.3520150",
    "id": "7R9Z-g6FfdYJ",
    "childNodes": [
      "Sevi: Speech-to-",
      "visualization",
      "through neural machine translation"
    ]
  },
  {
    "href": "https://www.sciencedirect.com/science/article/pii/S2468502X22000080",
    "id": "hvIFzv68Y7QJ",
    "childNodes": [
      "A",
      "learning",
      "-based approach for efficient",
      "visualization",
      "construction"
    ]
  },
  {
    "href": "https://ieeexplore.ieee.org/abstract/document/8944065/",
    "id": "GbK4ai14CYwJ",
    "childNodes": [
      "Deep",
      "convolutional variational autoencoder as a 2d-",
      "visualization",
      "tool for partial discharge source classification in hydrogenerators"
    ]
  },
  {
    "href": "https://academic.oup.com/nar/article-abstract/51/W1/W343/7161528",
    "id": "5PZOt2iml7UJ",
    "childNodes": [
      "MULocDeep web service for protein localization prediction and",
      "visualization",
      "at subcellular and suborganellar levels"
    ]
  },
  {
    "href": "https://ieeexplore.ieee.org/abstract/document/9582673/",
    "id": "U_uQfULOVvwJ",
    "childNodes": [
      "A",
      "visualization",
      "method for training data comparison"
    ]
  }
]