[
  {
    "href": "https://ieeexplore.ieee.org/abstract/document/8950696/",
    "id": "VAyS99yJfxYJ",
    "childNodes": [
      "Gradvis:",
      "Visualization",
      "and second order analysis of optimization surfaces during the training of",
      "deep",
      "neural networks"
    ]
  },
  {
    "href": "https://ieeexplore.ieee.org/abstract/document/9207326/",
    "id": "g3jJCgfufWkJ",
    "childNodes": [
      "Feature",
      "visualization",
      "for 3D point cloud autoencoders"
    ]
  },
  {
    "href": "https://arxiv.org/abs/2010.08103",
    "id": "WyytMjxXA2EJ",
    "childNodes": [
      "Physics-informed GANs for coastal flood",
      "visualization"
    ]
  },
  {
    "href": "https://www.sciencedirect.com/science/article/pii/S2468502X23000049",
    "id": "H736fruZXkUJ",
    "childNodes": [
      "VISHIEN-MAAT: Scrollytelling",
      "visualization",
      "design for explaining Siamese Neural Network concept to non-technical users"
    ]
  },
  {
    "href": "https://www.sciencedirect.com/science/article/pii/S1568494624007105",
    "id": "C9P8rFcCIqkJ",
    "childNodes": [
      "Visualization",
      "and classification of mushroom species with multi-feature fusion of metaheuristics-based convolutional neural network model"
    ]
  },
  {
    "href": "https://ieeexplore.ieee.org/abstract/document/10112255/",
    "id": "UMDUpJI2u7sJ",
    "childNodes": [
      "LSTM and Prophet Model Fusion Framework for Bitcoin Candlestick",
      "Visualization",
      "and Price Prediction Forecasting"
    ]
  },
  {
    "href": "https://ieeexplore.ieee.org/abstract/document/9277761/",
    "id": "rPmpq_YH8g8J",
    "childNodes": [
      "CNN Hyperparameter optimization based on CNN",
      "visualization",
      "and perception hash algorithm"
    ]
  },
  {
    "href": "https://ieeexplore.ieee.org/abstract/document/8918030/",
    "id": "2BoaNelsNXUJ",
    "childNodes": [
      "Volumetric isosurface rendering with",
      "deep learning",
      "-based super-resolution"
    ]
  },
  {
    "href": "https://www.sciencedirect.com/science/article/pii/S0925231218308981",
    "id": "FdLejNqSvKYJ",
    "childNodes": [
      "Pedestrian recognition in multi-camera networks based on",
      "deep",
      "transfer",
      "learning",
      "and feature",
      "visualization"
    ]
  },
  {
    "href": "https://link.springer.com/article/10.1007/s40430-020-02688-6",
    "id": "hckL0-p63VIJ",
    "childNodes": [
      "Research on multitask fault diagnosis and weight",
      "visualization",
      "of rotating machinery based on convolutional neural network"
    ]
  }
]