[
  {
    "href": "https://ieeexplore.ieee.org/abstract/document/7395173/",
    "id": "4-v4XQUJKnsJ",
    "childNodes": [
      "An interactive serious game via",
      "visualization",
      "of real life scenarios to",
      "learn",
      "programming concepts"
    ]
  },
  {
    "href": "https://www.jair.org/index.php/jair/article/view/13200",
    "id": "ZNbQI33Lz1AJ",
    "childNodes": [
      "Explainable",
      "deep learning",
      ": A field guide for the uninitiated"
    ]
  },
  {
    "href": "https://www.ceeol.com/search/article-detail?id=1055684",
    "id": "xhv7tNjy6b0J",
    "childNodes": [
      "Digital twins of smart cities: spatial data",
      "visualization",
      "tools, monitoring and sensing technologies, and virtual simulation modeling"
    ]
  },
  {
    "href": "https://www.frontiersin.org/articles/10.3389/fgene.2020.00402/full",
    "id": "vYqsKDJEFp0J",
    "childNodes": [
      "Exploring neural networks and related",
      "visualization",
      "techniques in gene expression data"
    ]
  },
  {
    "href": "https://www.sciencedirect.com/science/article/pii/S0378437122004642",
    "id": "Vqx5xZEKIZsJ",
    "childNodes": [
      "A transformer based neural network for emotion recognition and",
      "visualizations",
      "of crucial EEG channels"
    ]
  },
  {
    "href": "https://www.mdpi.com/2078-2489/12/3/118",
    "id": "t67SIwlk6bMJ",
    "childNodes": [
      "Malware detection based on code",
      "visualization",
      "and two-level classification"
    ]
  },
  {
    "href": "https://ieeexplore.ieee.org/abstract/document/10343451/",
    "id": "bfHMsGuzsNkJ",
    "childNodes": [
      "Pilot Course in Data",
      "Visualization",
      "with a Multidisciplinary Approach: Technology+ Agricultural Engineering"
    ]
  },
  {
    "href": "https://www.sciencedirect.com/science/article/pii/S2212827123003141",
    "id": "eMTsXKLcwSQJ",
    "childNodes": [
      "Visualization",
      "of relevant areas of milling tools for the classification of tool wear by machine",
      "learning",
      "methods"
    ]
  },
  {
    "href": "https://www.sciencedirect.com/science/article/pii/S0168169919300560",
    "id": "Ct8vY0PF4hcJ",
    "childNodes": [
      "New perspectives on plant disease characterization based on",
      "deep learning"
    ]
  },
  {
    "href": "https://www.ceeol.com/search/article-detail?id=1045816",
    "id": "sTBKrpBPx5sJ",
    "childNodes": [
      "Immersive and engaging digital content, data",
      "visualization",
      "tools, and location analytics in a decentralized metaverse"
    ]
  }
]