[
  {
    "href": "https://link.springer.com/chapter/10.1007/978-981-33-4543-0_63",
    "id": "5WrIPRjVsb0J",
    "childNodes": [
      "Analysis,",
      "visualization",
      "and prediction of COVID-19 pandemic spread using machine",
      "learning"
    ]
  },
  {
    "href": "https://arxiv.org/abs/2306.16315",
    "id": "2OmQgGRvP-8J",
    "childNodes": [
      "Neuromelanin-MRI using 2D GRE and",
      "deep learning",
      ": considerations for improving the",
      "visualization",
      "of substantia nigra and locus coeruleus"
    ]
  },
  {
    "href": "https://link.springer.com/article/10.1007/s10588-018-09280-3",
    "id": "5k5vCToGBYUJ",
    "childNodes": [
      "FakeNewsTracker: a tool for fake news collection, detection, and",
      "visualization"
    ]
  },
  {
    "href": "https://academic.oup.com/gpb/article-abstract/16/5/320/7225045",
    "id": "yZd8MNGqNcMJ",
    "childNodes": [
      "VASC: dimension reduction and",
      "visualization",
      "of single-cell RNA-seq data by",
      "deep",
      "variational autoencoder"
    ]
  },
  {
    "href": "https://ieeexplore.ieee.org/abstract/document/9897937/",
    "id": "hhmOzZueMREJ",
    "childNodes": [
      "Subjective quality evaluation of point clouds with 3D stereoscopic",
      "visualization"
    ]
  },
  {
    "href": "https://www.sciencedirect.com/science/article/pii/S2352711023000614",
    "id": "SVQVSgxZCvwJ",
    "childNodes": [
      "Musicaiz: A python library for symbolic music generation, analysis and",
      "visualization"
    ]
  },
  {
    "href": "https://link.springer.com/article/10.1007/s13369-024-09230-z",
    "id": "6McDexYcdXoJ",
    "childNodes": [
      "Automated metal surface flaws detection using convolutional neural network and",
      "deep visualization",
      "analysis"
    ]
  },
  {
    "href": "https://link.springer.com/content/pdf/10.1007/1-4020-3613-2_6?pdf=chapter%20toc",
    "id": "HcjYrZvtkfAJ",
    "childNodes": [
      "Leveraging technology and cognitive tehory on",
      "visualization",
      "to promote students' science"
    ]
  },
  {
    "href": "https://ieeexplore.ieee.org/abstract/document/9324490/",
    "id": "ueIAatqGyXkJ",
    "childNodes": [
      "Visualization",
      "of",
      "deep",
      "transfer",
      "learning",
      "in sar imagery"
    ]
  },
  {
    "href": "https://link.springer.com/article/10.1007/s00500-019-04083-3",
    "id": "c6A8iSAnI-0J",
    "childNodes": [
      "A high-performance CNN method for offline handwritten Chinese character recognition and",
      "visualization"
    ]
  }
]