[
  {
    "href": "https://ieeexplore.ieee.org/abstract/document/8807275/",
    "id": "EASJvboDlUcJ",
    "childNodes": [
      "I",
      ": A",
      "Deep Learning",
      "Approach to Graph Drawing"
    ]
  },
  {
    "href": "http://proceedings.mlr.press/v137/huang20a.html",
    "id": "F5z9v671XhQJ",
    "childNodes": [
      "Understanding generalization through",
      "visualizations"
    ]
  },
  {
    "href": "https://ietresearch.onlinelibrary.wiley.com/doi/abs/10.1049/cje.2019.11.005",
    "id": "2CjebZXPFqkJ",
    "childNodes": [
      "Visualization",
      "feature and CNN based homology classification of malicious code"
    ]
  },
  {
    "href": "https://onlinelibrary.wiley.com/doi/abs/10.1002/spy2.331",
    "id": "cJR4NsZ7IeoJ",
    "childNodes": [
      "UNSW‐NB15 computer security dataset: Analysis through",
      "visualization"
    ]
  },
  {
    "href": "https://www.sciencedirect.com/science/article/pii/S1877050923013133",
    "id": "xMnkvKkoWdgJ",
    "childNodes": [
      "UMAP for Geospatial Data",
      "Visualization"
    ]
  },
  {
    "href": "https://www.frontiersin.org/articles/10.3389/fgene.2022.1067562/full",
    "id": "4Ntuma6IaicJ",
    "childNodes": [
      "TSSNote-CyaPromBERT: Development of an integrated platform for highly accurate promoter prediction and",
      "visualization",
      "of",
      "I",
      "sp. and",
      "I",
      "…"
    ]
  },
  {
    "href": "https://www.nature.com/articles/s41598-021-94303-4",
    "id": "m9fbabsmf3EJ",
    "childNodes": [
      "Three-dimensional non-destructive",
      "visualization",
      "of teeth enamel microcracks using X-ray micro-computed tomography"
    ]
  },
  {
    "href": "https://www.nature.com/articles/s41598-024-73826-6",
    "id": "r_62Ez3dGawJ",
    "childNodes": [
      "Visualization",
      "obesity risk prediction system based on machine",
      "learning"
    ]
  },
  {
    "href": "https://ieeexplore.ieee.org/abstract/document/8685181/",
    "id": "JPxvqifdhb8J",
    "childNodes": [
      "Windows malware detector using convolutional neural network based on",
      "visualization",
      "images"
    ]
  },
  {
    "href": "https://link.springer.com/chapter/10.1007/978-981-15-7981-3_22",
    "id": "l_CtOxT1mEIJ",
    "childNodes": [
      "Representation",
      "learning",
      "with deconvolution for multivariate time series classification and",
      "visualization"
    ]
  }
]