[
  {
    "href": "https://ieeexplore.ieee.org/abstract/document/9906971/",
    "id": "nkvnErkb3FkJ",
    "childNodes": [
      "Dashbot: Insight-driven dashboard generation based on",
      "deep",
      "reinforcement",
      "learning"
    ]
  },
  {
    "href": "https://ieeexplore.ieee.org/abstract/document/10593055/",
    "id": "LqgNfyRWMfgJ",
    "childNodes": [
      "Diagnosis and Classification of Breast Cancer Using Data",
      "Visualization",
      "and",
      "Deep Learning",
      "Techniques"
    ]
  },
  {
    "href": "https://dl.acm.org/doi/abs/10.1145/3448016.3457261",
    "id": "iX9dSgJLfMAJ",
    "childNodes": [
      "Synthesizing natural language to",
      "visualization",
      "(NL2VIS) benchmarks from NL2SQL benchmarks"
    ]
  },
  {
    "href": "https://link.springer.com/chapter/10.1007/978-3-030-32692-0_38",
    "id": "2NjbCwCNMv8J",
    "childNodes": [
      "Confounder-aware",
      "visualization",
      "of convnets"
    ]
  },
  {
    "href": "https://ieeexplore.ieee.org/abstract/document/8311531/",
    "id": "75QJQJqAUOIJ",
    "childNodes": [
      "The signature of robot action success in EEG signals of a human observer: Decoding and",
      "visualization",
      "using",
      "deep",
      "convolutional neural networks"
    ]
  },
  {
    "href": "https://link.springer.com/article/10.1007/s00521-019-04051-w",
    "id": "JB0UMDW0BSQJ",
    "childNodes": [
      "The importance of interpretability and",
      "visualization",
      "in machine",
      "learning",
      "for applications in medicine and health care"
    ]
  },
  {
    "href": "https://www.jmir.org/2022/6/e37532/",
    "id": "BF-_ngvRA1gJ",
    "childNodes": [
      "Emerging trends and research foci in artificial intelligence for retinal diseases: Bibliometric and",
      "visualization",
      "study"
    ]
  },
  {
    "href": "https://ieeexplore.ieee.org/abstract/document/9617561/",
    "id": "1X3jvCMlReIJ",
    "childNodes": [
      "Natural language to",
      "visualization",
      "by neural machine translation"
    ]
  },
  {
    "href": "https://link.springer.com/chapter/10.1007/978-3-030-32456-8_65",
    "id": "Uo114hjqJuAJ",
    "childNodes": [
      "Robust hand gesture recognition using multimodal",
      "deep learning",
      "for touchless",
      "visualization",
      "of 3D medical images"
    ]
  },
  {
    "href": "https://onlinelibrary.wiley.com/doi/abs/10.1155/2020/8881760",
    "id": "0D0lPGIO-NgJ",
    "childNodes": [
      "Binary file's",
      "visualization",
      "and entropy features analysis combined with multiple",
      "deep learning",
      "networks for malware classification"
    ]
  }
]