[
  {
    "href": "https://dl.acm.org/doi/abs/10.1145/3485135",
    "id": "70aOz-yhUEQJ",
    "childNodes": [
      "What you see is what it means! semantic representation",
      "learning",
      "of code based on",
      "visualization",
      "and transfer",
      "learning"
    ]
  },
  {
    "href": "https://ieeexplore.ieee.org/abstract/document/9662803/",
    "id": "DKZ8iN3qaW0J",
    "childNodes": [
      "ECGI Periodicity Unraveled: A",
      "Deep Learning",
      "Approach for the",
      "Visualization",
      "of Periodic Spatiotemporal Patterns in Atrial Fibrillation Patients"
    ]
  },
  {
    "href": "https://ieeexplore.ieee.org/abstract/document/9923524/",
    "id": "stZQ7IUnkngJ",
    "childNodes": [
      "Malware classification and",
      "visualization",
      "using EfficientNet and B2IMG algorithm"
    ]
  },
  {
    "href": "https://www.nature.com/articles/s41596-021-00611-4",
    "id": "GzgeuDdFicAJ",
    "childNodes": [
      "Tutorial: methods for three-dimensional",
      "visualization",
      "of archival tissue material"
    ]
  },
  {
    "href": "https://ieeexplore.ieee.org/abstract/document/9825089/",
    "id": "YyMBoxJA_foJ",
    "childNodes": [
      "Real-time application for recognition and",
      "visualization",
      "of arabic words with vowels based dl and ar"
    ]
  },
  {
    "href": "https://www.sciencedirect.com/science/article/pii/S0950705122004865",
    "id": "R7pvMyde9FEJ",
    "childNodes": [
      "Prediction of the driver's focus of attention based on feature",
      "visualization",
      "of a",
      "deep",
      "autonomous driving model"
    ]
  },
  {
    "href": "https://www.sciencedirect.com/science/article/pii/S0968090X18302651",
    "id": "kQwj8lC_XSsJ",
    "childNodes": [
      "A hybrid",
      "deep learning",
      "based traffic flow prediction method and its understanding"
    ]
  },
  {
    "href": "https://ieeexplore.ieee.org/abstract/document/7952654/",
    "id": "V03Lm2wTKHIJ",
    "childNodes": [
      "Memory",
      "visualization",
      "for gated recurrent neural networks in speech recognition"
    ]
  },
  {
    "href": "https://ieeexplore.ieee.org/abstract/document/8614007/",
    "id": "3DKbpbU_ZDcJ",
    "childNodes": [
      "Attention",
      "visualization",
      "of gated convolutional neural networks with self attention in sentiment analysis"
    ]
  },
  {
    "href": "https://dl.acm.org/doi/abs/10.1145/3446638",
    "id": "CvZWS-P5oOsJ",
    "childNodes": [
      "Predicting visual search task success from eye gaze data as a basis for user-adaptive information",
      "visualization",
      "systems"
    ]
  }
]