[
  {
    "href": "https://cdn.techscience.cn/files/cmc/2023/TSP_CMC-77-2/TSP_CMC_42313/TSP_CMC_42313.pdf",
    "id": "iF6waj2pKecJ",
    "childNodes": [
      "Visualization",
      "for Explanation of",
      "Deep Learning",
      "-Based Fault Diagnosis Model Using Class Activation Map"
    ]
  },
  {
    "href": "https://academic.oup.com/bioinformatics/article-abstract/38/4/1176/6426068",
    "id": "GyfIsDEbVigJ",
    "childNodes": [
      "Mian: interactive web-based microbiome data table",
      "visualization",
      "and machine",
      "learning",
      "platform"
    ]
  },
  {
    "href": "https://link.springer.com/chapter/10.1007/978-3-031-72089-5_54",
    "id": "AcbjkbupPX4J",
    "childNodes": [
      "Slicertms: Real-time",
      "visualization",
      "of transcranial magnetic stimulation for mental health treatment"
    ]
  },
  {
    "href": "https://www.sciencedirect.com/science/article/pii/S0169260717311823",
    "id": "06OyvahlkREJ",
    "childNodes": [
      "NiftyNet: a",
      "deep",
      "-",
      "learning",
      "platform for medical imaging"
    ]
  },
  {
    "href": "https://onlinelibrary.wiley.com/doi/abs/10.1155/2021/1373362",
    "id": "VOCvGUoIwlMJ",
    "childNodes": [
      "Enhanced",
      "Visualization",
      "of Retinal Microvasculature via",
      "Deep Learning",
      "on OCTA Image Quality"
    ]
  },
  {
    "href": "https://www.academia.edu/download/95716126/27607-58301-1-PB.pdf",
    "id": "_XPrWuFvu_wJ",
    "childNodes": [
      "Keratoviz-A multistage keratoconus severity analysis and",
      "visualization",
      "using",
      "deep learning",
      "and class activated maps"
    ]
  },
  {
    "href": "https://arxiv.org/abs/1906.02664",
    "id": "WqWU8-m2tvgJ",
    "childNodes": [
      "Machine",
      "learning",
      "and",
      "visualization",
      "in clinical decision support: current state and future directions"
    ]
  },
  {
    "href": "https://ieeexplore.ieee.org/abstract/document/9495259/",
    "id": "P8kB3ZutkMsJ",
    "childNodes": [
      "Ai4vis: Survey on artificial intelligence approaches for data",
      "visualization"
    ]
  },
  {
    "href": "https://www.sciencedirect.com/science/article/pii/S2214860421001305",
    "id": "3kBD4kPUy6QJ",
    "childNodes": [
      "A machine",
      "learning",
      "method for defect detection and",
      "visualization",
      "in selective laser sintering based on convolutional neural networks"
    ]
  },
  {
    "href": "https://repository.kisti.re.kr/bitstream/10580/13510/1/Lee_v7n2_32-39.pdf",
    "id": "2Q7orp19FiwJ",
    "childNodes": [
      "Facial data",
      "visualization",
      "for improved",
      "deep learning",
      "based emotion recognition"
    ]
  }
]