[
  {
    "href": "https://ieeexplore.ieee.org/abstract/document/9784742/",
    "id": "jxlNZEqIs2QJ",
    "childNodes": [
      "Machine",
      "learning",
      "-based heart patient scanning,",
      "visualization",
      ", and monitoring"
    ]
  },
  {
    "href": "https://dl.acm.org/doi/abs/10.1145/3377325.3377483",
    "id": "1AhSIidTX5kJ",
    "childNodes": [
      "Investigating audio data",
      "visualization",
      "for interactive sound recognition"
    ]
  },
  {
    "href": "https://www.mdpi.com/2076-3417/10/12/4124",
    "id": "3YofHV1Us74J",
    "childNodes": [
      "Time-series classification based on fusion features of sequence and",
      "visualization"
    ]
  },
  {
    "href": "https://ieeexplore.ieee.org/abstract/document/9806341/",
    "id": "PmFdO1fgyVwJ",
    "childNodes": [
      "Finding nano-Ötzi: cryo-electron tomography",
      "visualization",
      "guided by learned segmentation"
    ]
  },
  {
    "href": "https://dl.acm.org/doi/abs/10.1145/3126594.3126653",
    "id": "ebqjnWeHRVAJ",
    "childNodes": [
      "Learning",
      "visual importance for graphic designs and data",
      "visualizations"
    ]
  },
  {
    "href": "https://ieeexplore.ieee.org/abstract/document/9925400/",
    "id": "AyG4JjyQKIkJ",
    "childNodes": [
      "A novel approach for",
      "visualization",
      "of class activation maps with reduced dimensions"
    ]
  },
  {
    "href": "https://www.joig.net/uploadfile/2019/0627/20190627030916293.pdf",
    "id": "UHHHgvgRSqQJ",
    "childNodes": [
      "An Improved Kinect-Based Real-Time Gesture Recognition Using",
      "Deep",
      "Convolutional Neural Networks for Touchless",
      "Visualization",
      "of Hepatic Anatomical …"
    ]
  },
  {
    "href": "https://www.sciencedirect.com/science/article/pii/S0920996419303147",
    "id": "kS3SfV8F3C8J",
    "childNodes": [
      "Classification of schizophrenia and normal controls using 3D convolutional neural network and outcome",
      "visualization"
    ]
  },
  {
    "href": "https://ieeexplore.ieee.org/abstract/document/9167272/",
    "id": "SlsadbAc7e4J",
    "childNodes": [
      "A novel convolutional neural network for low-speed structural fault diagnosis under different operating condition and its understanding via",
      "visualization"
    ]
  },
  {
    "href": "https://ieeexplore.ieee.org/abstract/document/9202300/",
    "id": "NlEz8Yg7v5kJ",
    "childNodes": [
      "Wind speed prediction and",
      "visualization",
      "using long short-term memory networks (LSTM)"
    ]
  }
]