[
  {
    "href": "https://onlinelibrary.wiley.com/doi/abs/10.1155/2022/7067342",
    "id": "UOBJrZHmPhAJ",
    "childNodes": [
      "Research on 3D Rendering Effect of Marine Bionic Packaging Container Based on",
      "Deep Learning",
      "and",
      "Visualization"
    ]
  },
  {
    "href": "https://ieeexplore.ieee.org/abstract/document/9700954/",
    "id": "BKmZFtpTLK0J",
    "childNodes": [
      "Vein",
      "Visualization",
      "Based on",
      "Deep Learning",
      "with a Smartphone"
    ]
  },
  {
    "href": "https://iopscience.iop.org/article/10.1088/1361-6560/abd673/meta",
    "id": "8Y_m6EcMvXUJ",
    "childNodes": [
      "Deep learning",
      "-augmented radiotherapy",
      "visualization",
      "with a cylindrical radioluminescence system"
    ]
  },
  {
    "href": "https://ieeexplore.ieee.org/abstract/document/8573154/",
    "id": "4breh_b83nIJ",
    "childNodes": [
      "Visualization",
      "methods for image transformation convolutional neural networks"
    ]
  },
  {
    "href": "https://cad-journal.net/files/vol_21/CAD_21(S10)_2024_166-180.pdf",
    "id": "tw3_XNYz1-wJ",
    "childNodes": [
      "Design of Visual Teaching System for Image",
      "Visualization",
      "Based on",
      "Deep Learning"
    ]
  },
  {
    "href": "https://link.springer.com/article/10.1007/s00330-023-09904-6",
    "id": "xI73o_SlnG8J",
    "childNodes": [
      "Focused view ct angiography for selective",
      "visualization",
      "of stroke related arteries: technical feasibility"
    ]
  },
  {
    "href": "https://dialnet.unirioja.es/servlet/articulo?codigo=8800189",
    "id": "aHAWpD8tBcoJ",
    "childNodes": [
      "Visualization",
      "of computersupported collaborative",
      "learning",
      "models in the context of multimodal data analysis"
    ]
  },
  {
    "href": "http://essay.utwente.nl/89440/",
    "id": "qbgZiT0eJKQJ",
    "childNodes": [
      "Exploring explainability and robustness of point cloud segmentation",
      "deep learning",
      "model by",
      "visualization"
    ]
  },
  {
    "href": "http://ijlaitse.com/index.php/site/article/view/34",
    "id": "zObtLuPnP3oJ",
    "childNodes": [
      "Data",
      "Visualization",
      "Analysis Based on Explainable Artificial Intelligence: A Survey"
    ]
  },
  {
    "href": "https://ieeexplore.ieee.org/abstract/document/10310177/",
    "id": "w1jvC_pzl1MJ",
    "childNodes": [
      "A hybrid",
      "visualization",
      "model for knowledge mapping: Scientometrics, SAOM, and SAO"
    ]
  }
]