[
  {
    "href": "https://ieeexplore.ieee.org/abstract/document/10670435/",
    "id": "qj8laKSbW8gJ",
    "childNodes": [
      "Fine-tuned large language model for",
      "visualization",
      "system: A study on self-regulated",
      "learning",
      "in education"
    ]
  },
  {
    "href": "https://openreview.net/forum?id=VSLbmsoZxai",
    "id": "7tDtMKnvPDwJ",
    "childNodes": [
      "Exact",
      "visualization",
      "of",
      "deep",
      "neural network geometry and decision boundary"
    ]
  },
  {
    "href": "https://pubs.acs.org/doi/abs/10.1021/acs.inorgchem.4c02232",
    "id": "-qSyADGSX-QJ",
    "childNodes": [
      "Stable Europium (III) Metal–Organic Framework Fluorescence Probe for Intelligent",
      "Visualization",
      "Detection of Gossypol and Nitrofuran Antibiotics in Real Samples"
    ]
  },
  {
    "href": "https://journals.lww.com/md-journal/fulltext/2020/05290/a_bibliometric_analysis_and_visualization_of.56.aspx",
    "id": "AHdwn3FjsOkJ",
    "childNodes": [
      "A bibliometric analysis and",
      "visualization",
      "of medical data mining research"
    ]
  },
  {
    "href": "https://joiv.org/index.php/joiv/article/view/2987",
    "id": "TQlHxbD-CaUJ",
    "childNodes": [
      "ChatGPT in Science Education: A",
      "Visualization",
      "Analysis of Trends and Future Directions"
    ]
  },
  {
    "href": "https://www.sciencedirect.com/science/article/pii/S0021929020301007",
    "id": "gKYcEkRSyPQJ",
    "childNodes": [
      "Adversarial autoencoder for",
      "visualization",
      "and classification of human activity: Application to a low-cost commercial force plate"
    ]
  },
  {
    "href": "https://www.ceeol.com/search/article-detail?id=1095116",
    "id": "zM_jUMorLucJ",
    "childNodes": [
      "The geopolitics of smart city digital twins: Urban sensing and immersive virtual technologies, spatio-temporal fusion algorithms, and",
      "visualization",
      "modeling tools"
    ]
  },
  {
    "href": "https://ieeexplore.ieee.org/abstract/document/9536407/",
    "id": "rzeamaQX0oQJ",
    "childNodes": [
      "Cripav: Street-level crime patterns analysis and",
      "visualization"
    ]
  },
  {
    "href": "https://link.springer.com/article/10.1007/s10489-022-03888-4",
    "id": "LGPlQzvV6QsJ",
    "childNodes": [
      "Deep learning",
      "based 3D target detection for indoor scenes"
    ]
  },
  {
    "href": "https://link.springer.com/article/10.1007/s44163-024-00154-z",
    "id": "2yetVcJ9xz4J",
    "childNodes": [
      "Transfer",
      "learning",
      "with ResNet50 for malicious domains classification using image",
      "visualization"
    ]
  }
]