[
  {
    "href": "https://ieeexplore.ieee.org/abstract/document/9222053/",
    "id": "hmgjlezk55wJ",
    "childNodes": [
      "VC-Net:",
      "Deep",
      "volume-composition networks for segmentation and",
      "visualization",
      "of highly sparse and noisy image data"
    ]
  },
  {
    "href": "https://arxiv.org/abs/2407.16351",
    "id": "1sT3qB_IeokJ",
    "childNodes": [
      "Datasets of",
      "Visualization",
      "for Machine",
      "Learning"
    ]
  },
  {
    "href": "https://www.spiedigitallibrary.org/conference-proceedings-of-spie/11316/113160O/Network-output-visualization-to-uncover-limitations-of-deep-learning-detection/10.1117/12.2550066.short",
    "id": "kxQU_Og4bLIJ",
    "childNodes": [
      "Network output",
      "visualization",
      "to uncover limitations of",
      "deep learning",
      "detection of pneumothorax"
    ]
  },
  {
    "href": "https://www.sciencedirect.com/science/article/pii/S2352492822017846",
    "id": "PZDd4czJhogJ",
    "childNodes": [
      "Machine",
      "learning",
      "(",
      "deep learning",
      ") and",
      "visualization",
      "assisted ferrite content prediction in austenitic stainless steel"
    ]
  },
  {
    "href": "https://link.springer.com/chapter/10.1007/978-3-030-71676-9_8",
    "id": "u-YlswhX2WEJ",
    "childNodes": [
      "Innovative",
      "deep learning",
      "approach for biomedical data instantiation and",
      "visualization"
    ]
  },
  {
    "href": "https://www.tandfonline.com/doi/abs/10.1080/27706710.2022.2075241",
    "id": "tlgCJuc6eIMJ",
    "childNodes": [
      "Deep learning",
      "with convolutional neural networks for EEG-based music emotion decoding and",
      "visualization"
    ]
  },
  {
    "href": "https://www.eneuro.org/content/7/4/ENEURO.0038-20.2020.abstract",
    "id": "LIfToYcIrSAJ",
    "childNodes": [
      "DeepCINAC: a",
      "deep",
      "-",
      "learning",
      "-based Python toolbox for inferring calcium imaging neuronal activity based on movie",
      "visualization"
    ]
  },
  {
    "href": "https://onlinelibrary.wiley.com/doi/abs/10.1002/cjoc.202100591",
    "id": "tuOiLxKsUlUJ",
    "childNodes": [
      "Deep Learning",
      "‐Assisted",
      "Visualized",
      "Fluorometric Sensor Array for Biogenic Amines Detection"
    ]
  },
  {
    "href": "https://www.mdpi.com/1422-0067/22/7/3425",
    "id": "n1pVyaBRDSQJ",
    "childNodes": [
      "… Identification and",
      "Visualization",
      "of Multiple Benzimidazole Pesticide Residues on",
      "I",
      "Leaves Using Terahertz Imaging Combined with",
      "Deep Learning"
    ]
  },
  {
    "href": "https://ieeexplore.ieee.org/abstract/document/9582700/",
    "id": "tRLeKVEYYn4J",
    "childNodes": [
      "Context-sensitive",
      "visualization",
      "of",
      "deep learning",
      "natural language processing models"
    ]
  }
]