[
  {
    "href": "https://isprs-archives.copernicus.org/articles/XLIII-B2-2020/651/2020/isprs-archives-XLIII-B2-2020-651-2020.html",
    "id": "HolNY6jpzU8J",
    "childNodes": [
      "Understanding 3D point cloud",
      "deep",
      "neural networks by",
      "visualization",
      "techniques"
    ]
  },
  {
    "href": "https://pubs.acs.org/doi/abs/10.1021/acs.analchem.2c01450",
    "id": "5DyilZG8GicJ",
    "childNodes": [
      "Visualization",
      "of a machine",
      "learning",
      "framework toward highly sensitive qualitative analysis by SERS"
    ]
  },
  {
    "href": "https://ieeexplore.ieee.org/abstract/document/10250794/",
    "id": "Wa_R-yLG1U8J",
    "childNodes": [
      "Development of a digital twin pipeline for interactive scientific simulation and mixed reality",
      "visualization"
    ]
  },
  {
    "href": "https://www.sciencedirect.com/science/article/pii/S0957417423002488",
    "id": "pzBNBSOblLsJ",
    "childNodes": [
      "EdgeFireSmoke++: A novel lightweight algorithm for real-time forest fire detection and",
      "visualization",
      "using internet of things-human machine interface"
    ]
  },
  {
    "href": "https://europepmc.org/article/ppr/ppr552605",
    "id": "VGBgXF81BtMJ",
    "childNodes": [
      "DeepBIO is an automated and interpretable",
      "deep",
      "-",
      "learning",
      "platform for biological sequence prediction, functional annotation, and",
      "visualization",
      "analysis"
    ]
  },
  {
    "href": "https://arxiv.org/abs/2309.14304",
    "id": "5Fy3hPOmAXsJ",
    "childNodes": [
      "Overview of Class Activation Maps for",
      "Visualization",
      "Explainability"
    ]
  },
  {
    "href": "https://dl.acm.org/doi/abs/10.1145/3486011.3486419",
    "id": "97Ua_OQMP0cJ",
    "childNodes": [
      "Visualization",
      "tool for teaching and",
      "learning",
      "Artificial Neural Networks"
    ]
  },
  {
    "href": "https://www.frontiersin.org/journals/plant-science/articles/10.3389/fpls.2024.1412988/full",
    "id": "WDlH1r5LGP0J",
    "childNodes": [
      "CSXAI: a lightweight 2D CNN-SVM model for detection and classification of various crop diseases with explainable AI",
      "visualization"
    ]
  },
  {
    "href": "https://dl.acm.org/doi/abs/10.1145/3664476.3664514",
    "id": "A0xuny1RTq8J",
    "childNodes": [
      "SoK:",
      "Visualization",
      "-based Malware Detection Techniques"
    ]
  },
  {
    "href": "https://www.sciencedirect.com/science/article/pii/S2212827121005400",
    "id": "ZUIrhFBbF6kJ",
    "childNodes": [
      "Feature",
      "visualization",
      "within an automated design assessment leveraging explainable artificial intelligence methods"
    ]
  }
]