[
  {
    "href": "https://ieeexplore.ieee.org/abstract/document/8461053/",
    "id": "owsSi4ZtuQMJ",
    "childNodes": [
      "Visualbackprop: Efficient",
      "visualization",
      "of cnns for autonomous driving"
    ]
  },
  {
    "href": "https://www.sciencedirect.com/science/article/pii/S0020138324007411",
    "id": "n4aM4saFKtYJ",
    "childNodes": [
      "A",
      "deep learning",
      "algorithm that aids",
      "visualization",
      "of femoral neck fractures and improves physician training"
    ]
  },
  {
    "href": "https://www.taylorfrancis.com/books/mono/10.1201/9781003190554/unsupervised-learning-approaches-dimensionality-reduction-data-visualization-tripathy-anveshrithaa-sundareswaran-shrusti-ghela",
    "id": "wxalLD13eckJ",
    "childNodes": [
      "Unsupervised",
      "learning",
      "approaches for dimensionality reduction and data",
      "visualization"
    ]
  },
  {
    "href": "https://ieeexplore.ieee.org/abstract/document/9086209/",
    "id": "cq4QkLMssBYJ",
    "childNodes": [
      "AutoCaption: An approach to generate natural language description from",
      "visualization",
      "automatically"
    ]
  },
  {
    "href": "https://link.springer.com/article/10.1186/s12859-017-1685-x",
    "id": "EZ1jUPQZH_cJ",
    "childNodes": [
      "Large scale tissue histopathology image classification, segmentation, and",
      "visualization",
      "via",
      "deep",
      "convolutional activation features"
    ]
  },
  {
    "href": "https://www.taylorfrancis.com/books/mono/10.1201/9781003021643/spatial-analysis-tonny-oyana",
    "id": "2AKBi4Sy0OEJ",
    "childNodes": [
      "Spatial analysis with r: statistics,",
      "visualization",
      ", and computational methods"
    ]
  },
  {
    "href": "https://www.mdpi.com/1424-8220/22/23/9383",
    "id": "k98Pf4RKZGkJ",
    "childNodes": [
      "Deep",
      "multi-scale features fusion for effective violence detection and control charts",
      "visualization"
    ]
  },
  {
    "href": "https://www.sciencedirect.com/science/article/pii/S0097849323001930",
    "id": "B88q-bpszQcJ",
    "childNodes": [
      "NeRVI: Compressive neural representation of",
      "visualization",
      "images for communicating volume",
      "visualization",
      "results"
    ]
  },
  {
    "href": "https://dl.acm.org/doi/abs/10.1145/3290605.3300892",
    "id": "bfoKaK84ZTsJ",
    "childNodes": [
      "VizNet: Towards a large-scale",
      "visualization learning",
      "and benchmarking repository"
    ]
  }
]