[
  {
    "href": "https://link.springer.com/article/10.1007/s41348-023-00707-x",
    "id": "1HSSDXC9YXkJ",
    "childNodes": [
      "“EffiNet-TS”: A",
      "deep",
      "interpretable architecture using EfficientNet for plant disease detection and",
      "visualization"
    ]
  },
  {
    "href": "https://www.tandfonline.com/doi/abs/10.1080/00450618.2024.2324774",
    "id": "RRFJi6dAIuAJ",
    "childNodes": [
      "Vein pattern",
      "visualization",
      "for CSAM investigation using",
      "deep learning"
    ]
  },
  {
    "href": "https://link.springer.com/chapter/10.1007/978-3-031-20713-6_8",
    "id": "mHjRiUknbmYJ",
    "childNodes": [
      "Deep learning",
      "based super-resolution for medical volume",
      "visualization",
      "with direct volume rendering"
    ]
  },
  {
    "href": "https://pubs.acs.org/doi/abs/10.1021/acsaom.4c00104",
    "id": "Q5Hwq2kk-VkJ",
    "childNodes": [
      "… Emission, High-Level Security, and Advanced Latent Fingerprint",
      "Visualization",
      "in La",
      "SUB",
      "Zr",
      "SUB",
      "O",
      "SUB",
      ":Er",
      "SUP",
      "Nanophosphor through Surface Modification and",
      "Deep Learning",
      "…"
    ]
  },
  {
    "href": "https://www.sciencedirect.com/science/article/pii/S2451994421000055",
    "id": "_S3fNgPIhJcJ",
    "childNodes": [
      "Analysis and",
      "visualization",
      "of sleep stages based on",
      "deep",
      "neural networks"
    ]
  },
  {
    "href": "https://dl.acm.org/doi/abs/10.1145/960492.960540",
    "id": "L_WwTIM1fQ4J",
    "childNodes": [
      "Evaluating the educational impact of",
      "visualization"
    ]
  },
  {
    "href": "https://onlinelibrary.wiley.com/doi/abs/10.1002/pro.3993",
    "id": "y4ofX2_PIT8J",
    "childNodes": [
      "The ImageJ ecosystem: Open‐source software for image",
      "visualization",
      ", processing, and analysis"
    ]
  },
  {
    "href": "https://archive.ismrm.org/2019/1142.html",
    "id": "WD-GCIg-oNQJ",
    "childNodes": [
      "BoneMRI of the cervical spine:",
      "Deep learning",
      "-based radiodensity contrast generation for selective",
      "visualization",
      "of osseous structures"
    ]
  },
  {
    "href": "https://journals.lww.com/apjoo/fulltext/2023/07000/Visualization_Techniques_to_Enhance_the.2.aspx",
    "id": "lyRyO_RC1ocJ",
    "childNodes": [
      "Visualization",
      "Techniques to Enhance the Explainability and Usability of",
      "Deep Learning",
      "Models in Glaucoma"
    ]
  },
  {
    "href": "https://academic.oup.com/bioinformatics/article-abstract/35/4/691/5066440",
    "id": "vAhiyfXFKk8J",
    "childNodes": [
      "PredMP: a web server for",
      "I",
      "prediction and",
      "visualization",
      "of membrane proteins"
    ]
  }
]