[
  {
    "href": "https://www.frontiersin.org/articles/10.3389/fmicb.2022.1036527/full",
    "id": "URHcPjUrVTkJ",
    "childNodes": [
      "Application of spectral image processing with different dimensions combined with large-screen",
      "visualization",
      "in the identification of boletes species"
    ]
  },
  {
    "href": "https://pubs.acs.org/doi/abs/10.1021/acs.jcim.9b00538",
    "id": "SZVo3fhgfzMJ",
    "childNodes": [
      "Prediction and interpretable",
      "visualization",
      "of retrosynthetic reactions using graph convolutional networks"
    ]
  },
  {
    "href": "https://ieeexplore.ieee.org/abstract/document/9910333/",
    "id": "sqLoAPTInWIJ",
    "childNodes": [
      "Storytelling-Based Teaching and Evaluation Method Through",
      "Visualization",
      "in Engineering Topics"
    ]
  },
  {
    "href": "https://ieeexplore.ieee.org/abstract/document/6856506/",
    "id": "wkJmZ1qaxcoJ",
    "childNodes": [
      "Visualization",
      "of driving behavior using",
      "deep",
      "sparse autoencoder"
    ]
  },
  {
    "href": "https://www.mdpi.com/2077-1312/9/11/1178",
    "id": "NXhnmJ8zMfIJ",
    "childNodes": [
      "Explaining a",
      "deep",
      "reinforcement",
      "learning",
      "docking agent using linear model trees with user adapted",
      "visualization"
    ]
  },
  {
    "href": "https://link.springer.com/article/10.1007/s00521-024-09638-6",
    "id": "Tsk6z-EphRsJ",
    "childNodes": [
      "Automatic landslide detection and",
      "visualization",
      "by using",
      "deep",
      "ensemble",
      "learning",
      "method"
    ]
  },
  {
    "href": "https://dl.acm.org/doi/abs/10.1145/3299869.3314029",
    "id": "aQThnGbmEigJ",
    "childNodes": [
      "Towards democratizing relational data",
      "visualization"
    ]
  },
  {
    "href": "https://pubs.acs.org/doi/abs/10.1021/acsami.3c04557",
    "id": "4-zPEIHc2foJ",
    "childNodes": [
      "Visualization",
      "of",
      "Deep",
      "Convolutional Neural Networks to Investigate Porous Nanocomposites for Electromagnetic Interference Shielding"
    ]
  },
  {
    "href": "https://link.springer.com/chapter/10.1007/978-981-19-2177-3_8",
    "id": "-Pnag9eYkGUJ",
    "childNodes": [
      "Deep Learning",
      "-Based BDMSF Resource Sharing—A Systematic Approach for Analysis and",
      "Visualization"
    ]
  },
  {
    "href": "https://pubs.acs.org/doi/abs/10.1021/ACS.JCHEMED.1C00142",
    "id": "-dkOZODYlKMJ",
    "childNodes": [
      "A gentle introduction to machine",
      "learning",
      "for chemists: An undergraduate workshop using python notebooks for",
      "visualization",
      ", data processing, analysis, and modeling"
    ]
  }
]