[
  {
    "href": "https://ieeexplore.ieee.org/abstract/document/9194234/",
    "id": "a97iUm5Iip4J",
    "childNodes": [
      "Automatic segmentation and",
      "visualization",
      "of choroid in OCT with knowledge infused",
      "deep learning"
    ]
  },
  {
    "href": "https://www.mdpi.com/1424-8220/22/11/4040",
    "id": "Qar0Urdz98kJ",
    "childNodes": [
      "A hybrid",
      "deep learning",
      "and",
      "visualization",
      "framework for pushing behavior detection in pedestrian dynamics"
    ]
  },
  {
    "href": "https://pubs.rsna.org/doi/abs/10.1148/ryai.2020190220",
    "id": "NL9sqALebcIJ",
    "childNodes": [
      "A multiscale",
      "deep learning",
      "method for quantitative",
      "visualization",
      "of traumatic hemoperitoneum at CT: assessment of feasibility and comparison with subjective …"
    ]
  },
  {
    "href": "https://www.sciencedirect.com/science/article/pii/S2210670723006029",
    "id": "wMHCiLayu8gJ",
    "childNodes": [
      "Visualization",
      "of urban roadway surface temperature by applying",
      "deep learning",
      "to infrared images from mobile measurements"
    ]
  },
  {
    "href": "https://ieeexplore.ieee.org/abstract/document/8402187/",
    "id": "vk-wkC49SX8J",
    "childNodes": [
      "Visual analytics for explainable",
      "deep learning"
    ]
  },
  {
    "href": "https://www.mdpi.com/2076-3417/11/4/1564",
    "id": "layxh5LamhQJ",
    "childNodes": [
      "A study on",
      "deep learning",
      "application of vibration data and",
      "visualization",
      "of defects for predictive maintenance of gravity acceleration equipment"
    ]
  },
  {
    "href": "https://ieeexplore.ieee.org/abstract/document/10381750/",
    "id": "2Arg1TI8MaIJ",
    "childNodes": [
      "Deep learning",
      "gradient",
      "visualization",
      "-based pre-silicon side-channel leakage location"
    ]
  },
  {
    "href": "https://www.sciencedirect.com/science/article/pii/S0895611120300355",
    "id": "3Pon2f0urqUJ",
    "childNodes": [
      "Cardiac VFM",
      "visualization",
      "and analysis based on YOLO",
      "deep learning",
      "model and modified 2D continuity equation"
    ]
  },
  {
    "href": "https://onlinelibrary.wiley.com/doi/abs/10.1155/2019/4895984",
    "id": "ZcSlmjQ5xjsJ",
    "childNodes": [
      "Maldeep: A",
      "deep learning",
      "classification framework against malware variants based on texture",
      "visualization"
    ]
  },
  {
    "href": "https://link.springer.com/article/10.1007/s00234-023-03251-5",
    "id": "Y7RT2a1nTeUJ",
    "childNodes": [
      "Deep learning",
      "reconstruction for improving the",
      "visualization",
      "of acute brain infarct on computed tomography"
    ]
  }
]