[
  {
    "href": "https://www.nature.com/articles/s42003-023-04662-z",
    "id": "BFe2ZQ3k_O0J",
    "childNodes": [
      "Structure-preserving",
      "visualization",
      "for single-cell RNA-Seq profiles using",
      "deep",
      "manifold transformation with batch-correction"
    ]
  },
  {
    "href": "https://www.jstage.jst.go.jp/article/asiajapan/4/0/4_175/_article/-char/ja/",
    "id": "6kUAfJfLSqkJ",
    "childNodes": [
      "Deep Learning",
      "in Cultural Heritage: Improving the",
      "Visualization",
      "Quality of 3D Digital Archives"
    ]
  },
  {
    "href": "https://dl.acm.org/doi/abs/10.1145/3295662",
    "id": "U0JJuh1fs1sJ",
    "childNodes": [
      "… of opinion mining in Arabic: A comprehensive system perspective covering challenges and advances in tools, resources, models, applications, and",
      "visualizations"
    ]
  },
  {
    "href": "https://ieeexplore.ieee.org/abstract/document/9031744/",
    "id": "2oV0ubWI0m0J",
    "childNodes": [
      "Increasing the utilization of",
      "deep",
      "neural networks for SEM measurements through multiple task formulation and",
      "visualization"
    ]
  },
  {
    "href": "https://www.sciencedirect.com/science/article/pii/S2211568424002560",
    "id": "o-N6ZI2NN9IJ",
    "childNodes": [
      "Mineralized tissue",
      "visualization",
      "with MRI: Practical insights and recommendations for optimized clinical applications"
    ]
  },
  {
    "href": "https://ieeexplore.ieee.org/abstract/document/9552925/",
    "id": "nwUaw0SAy6UJ",
    "childNodes": [
      "An evaluation-focused framework for",
      "visualization",
      "recommendation algorithms"
    ]
  },
  {
    "href": "https://www.jmis.org/archive/view_article?pid=jmis-10-2-123",
    "id": "w1Nrmb8Ko7AJ",
    "childNodes": [
      "Deep",
      "neural network based complex-heterogeneous cyberspace cartographic",
      "visualization"
    ]
  },
  {
    "href": "https://www.biorxiv.org/content/10.1101/2020.12.11.422030.abstract",
    "id": "jyiHM30vTjYJ",
    "childNodes": [
      "HiddenVis: a Hidden State",
      "Visualization",
      "Toolkit to Visualize and Interpret",
      "Deep Learning",
      "Models for Time Series Data"
    ]
  },
  {
    "href": "https://ieeexplore.ieee.org/abstract/document/9540840/",
    "id": "nP5M8TFIqp0J",
    "childNodes": [
      "A comparative study of Chinese and foreign research on the internet of things in education: bibliometric analysis and",
      "visualization"
    ]
  },
  {
    "href": "https://ieeexplore.ieee.org/abstract/document/10024456/",
    "id": "ndo2psFLXrQJ",
    "childNodes": [
      "Visualization",
      "of machine",
      "learning",
      "uncertainty in ar-based see-through applications"
    ]
  }
]