[
  {
    "href": "https://cad-journal.net/files/vol_20/CAD_20(S7)_2023_164-174.pdf",
    "id": "gBE2UPoIkCkJ",
    "childNodes": [
      "Metaverse inspired VR",
      "visualization",
      "model of italian design education"
    ]
  },
  {
    "href": "https://cdn.techscience.cn/ueditor/files/cmes/TSP_CMES-135-2/TSP_CMES_23195/TSP_CMES_23195.pdf",
    "id": "0L_eOkDm3_YJ",
    "childNodes": [
      "An Interpretable CNN for the Segmentation of the Left Ventricle in Cardiac MRI by Real-Time",
      "Visualization",
      "."
    ]
  },
  {
    "href": "https://www.sciencedirect.com/science/article/pii/S0016003217303745",
    "id": "OUGmTyUpTHcJ",
    "childNodes": [
      "Subset selection for",
      "visualization",
      "of relevant image fractions for",
      "deep learning",
      "based semantic image segmentation"
    ]
  },
  {
    "href": "https://link.springer.com/article/10.1007/s11277-019-06540-6",
    "id": "A_vzPnG2TY0J",
    "childNodes": [
      "Detection of malicious activities in internet of things environment based on binary",
      "visualization",
      "and machine intelligence"
    ]
  },
  {
    "href": "https://www.mdpi.com/2075-4418/14/16/1699",
    "id": "-h64X1S5W88J",
    "childNodes": [
      "Machine-",
      "Learning",
      "-Enabled Diagnostics with Improved",
      "Visualization",
      "of Disease Lesions in Chest X-ray Images"
    ]
  },
  {
    "href": "https://link.springer.com/article/10.1007/s00330-021-08400-z",
    "id": "-yWdRvu6T3kJ",
    "childNodes": [
      "Artificial intelligence on MRI for molecular subtyping of diffuse gliomas: feature comparison,",
      "visualization",
      ", and correlation between radiomics and",
      "deep learning"
    ]
  },
  {
    "href": "https://link.springer.com/chapter/10.1007/978-3-319-98131-4_2",
    "id": "kKkWt-zQah0J",
    "childNodes": [
      "Explanation methods in",
      "deep learning",
      ": Users, values, concerns and challenges"
    ]
  },
  {
    "href": "https://www.biorxiv.org/content/10.1101/2023.10.31.564955.abstract",
    "id": "btm2CS3LIlcJ",
    "childNodes": [
      "Three-dimensional",
      "visualization",
      "of blood vessels in human gliomas based on tissue clearing and",
      "deep learning"
    ]
  },
  {
    "href": "https://ieeexplore.ieee.org/abstract/document/10265112/",
    "id": "n_oHER2irBwJ",
    "childNodes": [
      "Explaining",
      "Deep",
      "Face Algorithms Through",
      "Visualization",
      ": A Survey"
    ]
  },
  {
    "href": "https://ieeexplore.ieee.org/abstract/document/10201712/",
    "id": "grQTNff4RGIJ",
    "childNodes": [
      "Bean Leaf Disease Classification and",
      "Visualization",
      "using",
      "Deep learning",
      "techniques on Sequential Model"
    ]
  }
]