[
  {
    "href": "https://www.sciencedirect.com/science/article/pii/S1385894722044199",
    "id": "5wRZltgKu3MJ",
    "childNodes": [
      "A verified open-access AI-based chemical microparticle image database for in-situ particle",
      "visualization",
      "and quantification in multi-phase flow"
    ]
  },
  {
    "href": "https://link.springer.com/article/10.1007/s11042-024-18376-9",
    "id": "a8GZ4_cWme4J",
    "childNodes": [
      "Visualization",
      "and forecasting of stock's closing price using machine",
      "learning"
    ]
  },
  {
    "href": "https://www.sciencedirect.com/science/article/pii/S0017931017346100",
    "id": "EeIHyWE0kSsJ",
    "childNodes": [
      "Machine",
      "learning",
      "classification of boiling regimes with low speed, direct and indirect",
      "visualization"
    ]
  },
  {
    "href": "https://www.sciencedirect.com/science/article/pii/S0960077922001977",
    "id": "UIjapVCN8NgJ",
    "childNodes": [
      "Analysis and",
      "visualization",
      "of accidents severity based on LightGBM-TPE"
    ]
  },
  {
    "href": "https://academic.oup.com/bioinformatics/article-abstract/35/16/2766/5270665",
    "id": "nYWyiJPA2QYJ",
    "childNodes": [
      "DeepPhos: prediction of protein phosphorylation sites with",
      "deep learning"
    ]
  },
  {
    "href": "https://ieeexplore.ieee.org/abstract/document/9552218/",
    "id": "ZIS4ynTU04sJ",
    "childNodes": [
      "Human-in-the-loop extraction of interpretable concepts in",
      "deep learning",
      "models"
    ]
  },
  {
    "href": "https://ieeexplore.ieee.org/abstract/document/8330042/",
    "id": "I6LqQOwjnrQJ",
    "childNodes": [
      "Detection of malicious code variants based on",
      "deep learning"
    ]
  },
  {
    "href": "https://www.sciencedirect.com/science/article/pii/S092523122301305X",
    "id": "zQMC47Er-ZYJ",
    "childNodes": [
      "NeuroDAVIS: A neural network model for data",
      "visualization"
    ]
  },
  {
    "href": "https://ieeexplore.ieee.org/abstract/document/10017475/",
    "id": "IHYmGjRKOIwJ",
    "childNodes": [
      "Keyframe selection from colonoscopy videos to enhance",
      "visualization",
      "for polyp detection"
    ]
  },
  {
    "href": "https://dl.acm.org/doi/abs/10.1145/3372278.3390743",
    "id": "fggJmrgqREEJ",
    "childNodes": [
      "On",
      "visualizations",
      "in the role of universal data representation"
    ]
  }
]