[
  {
    "href": "https://www.mdpi.com/1424-8220/19/22/5035",
    "id": "KuGVf6jJuXQJ",
    "childNodes": [
      "An audification and",
      "visualization",
      "system (AVS) of an autonomous vehicle for blind and deaf people based on",
      "deep learning"
    ]
  },
  {
    "href": "https://ieeexplore.ieee.org/abstract/document/8807266/",
    "id": "1uAhjJSfrxYJ",
    "childNodes": [
      "Towards automated infographic design:",
      "Deep learning",
      "-based auto-extraction of extensible timeline"
    ]
  },
  {
    "href": "https://link.springer.com/chapter/10.1007/978-3-030-35653-8_20",
    "id": "mjDWPkn_jtQJ",
    "childNodes": [
      "Metagenome-based disease classification with",
      "deep learning",
      "and",
      "visualizations",
      "based on self-organizing maps"
    ]
  },
  {
    "href": "https://cdn.techscience.cn/files/cmc/2023/76-3/TSP_CMC_38891/TSP_CMC_38891.pdf",
    "id": "ohq8BKIYgZYJ",
    "childNodes": [
      "Deep Learning",
      "Models Based on Weakly Supervised",
      "Learning",
      "and Clustering",
      "Visualization",
      "for Disease Diagnosis."
    ]
  },
  {
    "href": "https://www.academia.edu/download/60286380/10419ijaia0420190813-49167-wowll5.pdf",
    "id": "r4xB_PlbCaMJ",
    "childNodes": [
      "Transfer",
      "learning",
      "based image",
      "visualization",
      "using cnn"
    ]
  },
  {
    "href": "https://ieeexplore.ieee.org/abstract/document/9395231/",
    "id": "Sssi2GYsNyQJ",
    "childNodes": [
      "Deep",
      "colormap extraction from",
      "visualizations"
    ]
  },
  {
    "href": "https://ieeexplore.ieee.org/abstract/document/9378008/",
    "id": "dHDG3BsxW44J",
    "childNodes": [
      "Data reduction and",
      "deep",
      "-",
      "learning",
      "based recovery for geospatial",
      "visualization",
      "and satellite imagery"
    ]
  },
  {
    "href": "https://www.sciencedirect.com/science/article/pii/S0003682X24002007",
    "id": "nxOU_Q2Uh48J",
    "childNodes": [
      "Multi-type classification and 3D",
      "visualization",
      "of internal defects in concrete plates based on a hybrid method of",
      "deep learning",
      "algorithm and bending mode analysis for …"
    ]
  },
  {
    "href": "https://ieeexplore.ieee.org/abstract/document/9204258/",
    "id": "oJlwG-HhWNUJ",
    "childNodes": [
      "Wheat diseases classification and localization using convolutional neural networks and GradCAM",
      "visualization"
    ]
  },
  {
    "href": "https://www.sciencedirect.com/science/article/pii/S1746809424013302",
    "id": "rOY-lXQgLKwJ",
    "childNodes": [
      "Deep learning",
      "-based vein",
      "visualization",
      "and its mobile implementation"
    ]
  }
]