[
  {
    "href": "https://link.springer.com/article/10.1007/s11548-020-02128-9",
    "id": "TTkcgYY16P4J",
    "childNodes": [
      "Segmentation and",
      "visualization",
      "of left atrium through a unified",
      "deep learning",
      "framework"
    ]
  },
  {
    "href": "https://dl.acm.org/doi/abs/10.1145/3377811.3380389",
    "id": "7ZKuExi0XEEJ",
    "childNodes": [
      "Software",
      "visualization",
      "and",
      "deep",
      "transfer",
      "learning",
      "for effective software defect prediction"
    ]
  },
  {
    "href": "https://www.sciencedirect.com/science/article/pii/S0143816621001652",
    "id": "KH-RggxBo0gJ",
    "childNodes": [
      "Deep learning",
      "integral imaging for three-dimensional",
      "visualization",
      ", object detection, and segmentation"
    ]
  },
  {
    "href": "https://ieeexplore.ieee.org/abstract/document/10753032/",
    "id": "sMFSOKtYePYJ",
    "childNodes": [
      "Deep",
      "-",
      "learning",
      "based",
      "visualization",
      "tool for air pollution forecast"
    ]
  },
  {
    "href": "https://ieeexplore.ieee.org/abstract/document/9535176/",
    "id": "AC0zyFeFRAAJ",
    "childNodes": [
      "Ten open challenges in medical",
      "visualization"
    ]
  },
  {
    "href": "https://link.springer.com/article/10.1007/s11069-021-04838-y",
    "id": "5gxtHfhkFU4J",
    "childNodes": [
      "Landslide detection using",
      "visualization",
      "techniques for",
      "deep",
      "convolutional neural network models"
    ]
  },
  {
    "href": "https://www.sciencedirect.com/science/article/pii/S0263224121007594",
    "id": "JW8JYYh128kJ",
    "childNodes": [
      "A",
      "visualization",
      "algorithm for medical big data based on",
      "deep learning"
    ]
  },
  {
    "href": "https://onlinelibrary.wiley.com/doi/abs/10.1155/2022/2538896",
    "id": "BqHXW8SK7uIJ",
    "childNodes": [
      "The Fusion Application of",
      "Deep Learning",
      "Biological Image",
      "Visualization",
      "Technology and Human‐Computer Interaction Intelligent Robot in Dance Movements"
    ]
  },
  {
    "href": "https://www.frontiersin.org/articles/10.3389/fpsyg.2022.911885/full",
    "id": "04mV0zIq6C0J",
    "childNodes": [
      "Music aesthetic teaching and emotional",
      "visualization",
      "under emotional teaching theory and",
      "deep learning"
    ]
  },
  {
    "href": "https://www.sciencedirect.com/science/article/pii/S0720048X24003036",
    "id": "7ZSNJMwGWPgJ",
    "childNodes": [
      "Super-resolution",
      "deep learning",
      "reconstruction approach for enhanced",
      "visualization",
      "in lumbar spine MR bone imaging"
    ]
  }
]