[
  {
    "href": "https://ieeexplore.ieee.org/abstract/document/8371286/",
    "id": "8VPpy4H1FvkJ",
    "childNodes": [
      "Visual analytics in",
      "deep learning",
      ": An interrogative survey for the next frontiers"
    ]
  },
  {
    "href": "https://ieeexplore.ieee.org/abstract/document/9377555/",
    "id": "P3rKZ2-qJq0J",
    "childNodes": [
      "LSV-ANet:",
      "Deep learning",
      "on local structure",
      "visualization",
      "for feature matching"
    ]
  },
  {
    "href": "https://academic.oup.com/nar/article-abstract/48/W1/W140/5824154",
    "id": "cZLkt4t66iUJ",
    "childNodes": [
      "MusiteDeep: a",
      "deep",
      "-",
      "learning",
      "based webserver for protein post-translational modification site prediction and",
      "visualization"
    ]
  },
  {
    "href": "https://journals.sagepub.com/doi/abs/10.1177/1473871620904671",
    "id": "p0jcQfEiMRUJ",
    "childNodes": [
      "A survey of surveys on the use of",
      "visualization",
      "for interpreting machine",
      "learning",
      "models"
    ]
  },
  {
    "href": "https://www.frontiersin.org/articles/10.3389/fpsyg.2021.818833/full",
    "id": "ThqAhIIwpMMJ",
    "childNodes": [
      "Deep learning",
      "based emotion recognition and",
      "visualization",
      "of figural representation"
    ]
  },
  {
    "href": "https://iopscience.iop.org/article/10.1088/1361-6579/ac8469/meta",
    "id": "95Jd4UiOr-UJ",
    "childNodes": [
      "Visualization deep learning",
      "model for automatic arrhythmias classification"
    ]
  },
  {
    "href": "https://www.sciencedirect.com/science/article/pii/S1570870519306948",
    "id": "Te8-YZpnoRIJ",
    "childNodes": [
      "Malware detection in industrial internet of things based on hybrid image",
      "visualization",
      "and",
      "deep learning",
      "model"
    ]
  },
  {
    "href": "https://www.sciencedirect.com/science/article/pii/S016740482200476X",
    "id": "kmUWn1GWv-AJ",
    "childNodes": [
      "MCTVD: A malware classification method based on three-channel",
      "visualization",
      "and",
      "deep learning"
    ]
  },
  {
    "href": "https://ieeexplore.ieee.org/abstract/document/8728471/",
    "id": "aQsu8oZrIVwJ",
    "childNodes": [
      "Deep learning",
      "framework and",
      "visualization",
      "for malware classification"
    ]
  },
  {
    "href": "https://www.sciencedirect.com/science/article/pii/S2667102623000438",
    "id": "SAgtRF8D0eMJ",
    "childNodes": [
      "Deep learning",
      "models for tuberculosis detection and infected region",
      "visualization",
      "in chest X-ray images"
    ]
  }
]