[
  {
    "href": "https://www.sciencedirect.com/science/article/pii/S0025540824003982",
    "id": "xry1AikKMC0J",
    "childNodes": [
      "… dots integrated in Pr3+ doped gahnite nanophosphor for thermal sensing, data fortification and fingerprint",
      "visualization",
      "analysis through YOLOv8x",
      "deep learning",
      "…"
    ]
  },
  {
    "href": "https://www.sciencedirect.com/science/article/pii/S093336572300057X",
    "id": "hsjcJkvzl5wJ",
    "childNodes": [
      "A unique color-coded",
      "visualization",
      "system with multimodal information fusion and",
      "deep learning",
      "in a longitudinal study of Alzheimer's disease"
    ]
  },
  {
    "href": "https://dl.acm.org/doi/abs/10.1145/3489849.3489956",
    "id": "DGgyMbnQhjIJ",
    "childNodes": [
      "Interactive",
      "visualization",
      "of",
      "deep learning",
      "models in an immersive environment"
    ]
  },
  {
    "href": "https://www.sciencedirect.com/science/article/pii/S2772442523000539",
    "id": "1x07nUl_zS4J",
    "childNodes": [
      "A",
      "deep learning",
      "architecture with an object-detection algorithm and a convolutional neural network for breast mass detection and",
      "visualization"
    ]
  },
  {
    "href": "https://journals.plos.org/ploscompbiol/article?id=10.1371/journal.pcbi.1008885",
    "id": "N_DXqampchsJ",
    "childNodes": [
      "DGCyTOF:",
      "Deep learning",
      "with graphic cluster",
      "visualization",
      "to predict cell types of single cell mass cytometry data"
    ]
  },
  {
    "href": "https://www.spiedigitallibrary.org/conference-proceedings-of-spie/10951/1095110/Surgical-aid-visualization-system-for-glioblastoma-tumor-identification-based-on/10.1117/12.2512569.short",
    "id": "AnKQuW6Yl8EJ",
    "childNodes": [
      "Surgical aid",
      "visualization",
      "system for glioblastoma tumor identification based on",
      "deep learning",
      "and in-vivo hyperspectral images of human patients"
    ]
  },
  {
    "href": "https://academic.oup.com/noa/article-abstract/2/1/vdaa110/5899218",
    "id": "L7RMnhK2h3QJ",
    "childNodes": [
      "Optimization of",
      "deep learning",
      "methods for",
      "visualization",
      "of tumor heterogeneity and brain tumor grading through digital pathology"
    ]
  },
  {
    "href": "https://ieeexplore.ieee.org/abstract/document/8683785/",
    "id": "wIOnhOFbzwgJ",
    "childNodes": [
      "Segmentation, classification, and",
      "visualization",
      "of orca calls using",
      "deep learning"
    ]
  },
  {
    "href": "https://koreascience.kr/article/JAKO202010163509916.page",
    "id": "eOprHECitmEJ",
    "childNodes": [
      "Three-dimensional",
      "visualization",
      "of medical image using image segmentation algorithm based on",
      "deep learning"
    ]
  },
  {
    "href": "https://link.springer.com/article/10.1007/s11227-021-03715-6",
    "id": "Nu9x0olGjJUJ",
    "childNodes": [
      "Cyberattack detection model using",
      "deep learning",
      "in a network log system with data",
      "visualization"
    ]
  }
]