[
  {
    "href": "https://dl.acm.org/doi/abs/10.1145/2964284.2964333",
    "id": "UxqzguQcKmAJ",
    "childNodes": [
      "Spatio-temporal analysis of bandwidth maps for",
      "geo",
      "-predictive video streaming in mobile environments"
    ]
  },
  {
    "href": "https://www.mdpi.com/2072-4292/15/6/1588",
    "id": "n1a5kSiIYf0J",
    "childNodes": [
      "Sources and risk characteristics of heavy metals in plateau soils",
      "predicted",
      "by",
      "Geo",
      "-Detectors"
    ]
  },
  {
    "href": "https://www.sciencedirect.com/science/article/pii/S0360319924044604",
    "id": "ldcHkQE3uhMJ",
    "childNodes": [
      "Predicting",
      "interfacial tension in brine-hydrogen/cushion gas systems under subsurface conditions: Implications for hydrogen",
      "geo",
      "-storage"
    ]
  },
  {
    "href": "https://dl.acm.org/doi/abs/10.1145/1878022.1878036",
    "id": "44PwkDUITsYJ",
    "childNodes": [
      "Geo",
      "-predictive real-time media delivery in mobile environment"
    ]
  },
  {
    "href": "https://ijcst.journals.yorku.ca/index.php/ijcst/article/view/40257",
    "id": "4wGpEjL7LxEJ",
    "childNodes": [
      "A",
      "geo",
      "-statistical approach for crime hot spot",
      "prediction"
    ]
  },
  {
    "href": "https://www.sciencedirect.com/science/article/pii/S0957417422014907",
    "id": "S-dx1xkYAboJ",
    "childNodes": [
      "Dietary, comorbidity, and",
      "geo",
      "-economic data fusion for explainable COVID-19 mortality",
      "prediction"
    ]
  },
  {
    "href": "https://www.ncbi.nlm.nih.gov/pmc/articles/PMC4824228/",
    "id": "dXkGoJuYcv8J",
    "childNodes": [
      "Ecological niche modeling for the",
      "prediction",
      "of the",
      "geographic",
      "distribution of cutaneous leishmaniasis in Tunisia"
    ]
  },
  {
    "href": "https://www.tandfonline.com/doi/abs/10.1080/17538947.2014.976774",
    "id": "7RcsFXJWZlIJ",
    "childNodes": [
      "On",
      "predicting",
      "and improving the quality of Volunteer",
      "Geographic",
      "Information projects"
    ]
  },
  {
    "href": "https://aclanthology.org/D10-1124.pdf",
    "id": "lB-cJFSwfLAJ",
    "childNodes": [
      "A latent variable model for",
      "geographic",
      "lexical variation"
    ]
  },
  {
    "href": "https://citeseerx.ist.psu.edu/document?repid=rep1&type=pdf&doi=9343c804092652a792a9f9621fb9f037d8b40f6c",
    "id": "31IbthVxs80J",
    "childNodes": [
      "Predicting",
      "Ixodes scapularis abundance on white-tailed deer using",
      "geographic",
      "information systems"
    ]
  }
]