[
  {
    "href": "https://ieeexplore.ieee.org/abstract/document/7814578/",
    "id": "nNPklxpMBkYJ",
    "childNodes": [
      "Joint",
      "geo",
      "-spatial preference and pairwise ranking for point-of-interest recommendation"
    ]
  },
  {
    "href": "https://journals.sagepub.com/doi/abs/10.1177/23998083231158370",
    "id": "B_kX1Vvtw4IJ",
    "childNodes": [
      "Quantifying the environmental characteristics influencing the attractiveness of commercial agglomerations with big",
      "geo",
      "-data"
    ]
  },
  {
    "href": "https://link.springer.com/article/10.1007/s40948-016-0025-3",
    "id": "_-7TNgH3vWAJ",
    "childNodes": [
      "Comparative analysis of intelligent models for",
      "prediction",
      "of Langmuir constants for CO",
      "SUB",
      "adsorption of Gondwana coals in India"
    ]
  },
  {
    "href": "https://link.springer.com/article/10.1186/s12957-018-1378-6",
    "id": "gBTT68xg9FIJ",
    "childNodes": [
      "Clinical value of miR-182-5p in lung squamous cell carcinoma: a study combining data from TCGA,",
      "GEO",
      ", and RT-qPCR validation"
    ]
  },
  {
    "href": "https://www.sciencedirect.com/science/article/pii/S1110982317300352",
    "id": "cIYui2rS2Z8J",
    "childNodes": [
      "Application of",
      "geo",
      "-spatial techniques and cellular automata for modelling urban growth of a heterogeneous urban fringe"
    ]
  },
  {
    "href": "https://dl.acm.org/doi/abs/10.1145/2671188.2749351",
    "id": "Ze_s5RGoVpkJ",
    "childNodes": [
      "Boosting",
      "prediction",
      "of",
      "geo",
      "-location for web images through integrating multiple knowledge sources"
    ]
  },
  {
    "href": "https://www.scirp.org/journal/paperinformation.aspx?paperid=81536",
    "id": "46H7CgaYKdYJ",
    "childNodes": [
      "Analyzing and modeling of",
      "geo",
      "spatial effect on radio wave propagation system using geospatial technologies"
    ]
  },
  {
    "href": "https://onlinelibrary.wiley.com/doi/abs/10.1002/smj.2366",
    "id": "2Yf6zxprEMQJ",
    "childNodes": [
      "The role of",
      "geographic",
      "distance in completing related acquisitions: Evidence from US. chemical manufacturers"
    ]
  },
  {
    "href": "https://www.nature.com/articles/s41598-019-41125-0",
    "id": "vM7ai_UHPVIJ",
    "childNodes": [
      "Wing morphology predicts",
      "geographic",
      "range size in vespertilionid bats"
    ]
  },
  {
    "href": "https://www.mdpi.com/2220-9964/12/7/291",
    "id": "vSYwEAes908J",
    "childNodes": [
      "Spatiotemporal Predictive",
      "Geo",
      "-Visualization of Criminal Activity for Application to Real-Time Systems for Crime Deterrence, Prevention and Control"
    ]
  }
]