[
  {
    "href": "https://ieeexplore.ieee.org/abstract/document/6525603/",
    "id": "zhRIZ1VRpbkJ",
    "childNodes": [
      "Fostering participaction in smart cities: a",
      "geo",
      "-social crowdsensing platform"
    ]
  },
  {
    "href": "https://www.sciencedirect.com/science/article/pii/S0143622819302553",
    "id": "gXegaRG33hMJ",
    "childNodes": [
      "Predicting",
      "outdoor recreation demand on a national scale–The case of Switzerland"
    ]
  },
  {
    "href": "https://pubs.rsc.org/en/content/articlehtml/2021/ta/d1ta04445a",
    "id": "r91yhjqWMlQJ",
    "childNodes": [
      "Investigating the role of",
      "GeO",
      "2 in enhancing the thermal stability and proton mobility of proton-conducting phosphate glasses"
    ]
  },
  {
    "href": "https://www.sciencedirect.com/science/article/pii/S1574954111000355",
    "id": "kbb-__BZ-2gJ",
    "childNodes": [
      "Assessing the application of a",
      "geographic",
      "presence-only model for land suitability mapping"
    ]
  },
  {
    "href": "https://www.annualreviews.org/content/journals/10.1146/annurev.ecolsys.36.102803.095431",
    "id": "ABvjQ_J0X6AJ",
    "childNodes": [
      "Niche conservatism: integrating evolution, ecology, and conservation biology"
    ]
  },
  {
    "href": "https://www.sciencedirect.com/science/article/pii/S0378112708009146",
    "id": "u90b7sIpJ4YJ",
    "childNodes": [
      "The hosts and potential",
      "geographic",
      "range of Dothistroma needle blight"
    ]
  },
  {
    "href": "https://dl.acm.org/doi/abs/10.1145/3607834.3616567",
    "id": "nH8pQm1ZqTYJ",
    "childNodes": [
      "Orientation-Guided Contrastive Learning for UAV-View",
      "Geo",
      "-Localisation"
    ]
  },
  {
    "href": "https://www.sciencedirect.com/science/article/pii/S0304380007006163",
    "id": "5XrN5MxeH58J",
    "childNodes": [
      "Rethinking receiver operating characteristic analysis applications in ecological niche modeling"
    ]
  },
  {
    "href": "https://mavmatrix.uta.edu/ees_dissertations/74/",
    "id": "I4YFiqjDcyQJ",
    "childNodes": [
      "Predicting",
      "the",
      "geographic",
      "distribution of ancient soils with special reference to the Cretaceous"
    ]
  },
  {
    "href": "https://www.cell.com/AJHG/fulltext/S0169-5347(04)00203-4",
    "id": "fZZS11-4YYYJ",
    "childNodes": [
      "New developments in museum-based informatics and applications in biodiversity analysis"
    ]
  }
]