[
  {
    "href": "https://www.sciencedirect.com/science/article/pii/S030438000500267X",
    "id": "VZZHsrrbeGMJ",
    "childNodes": [
      "Maximum entropy modeling of species",
      "geographic",
      "distributions"
    ]
  },
  {
    "href": "https://dl.acm.org/doi/abs/10.1145/2542182.2542184",
    "id": "BDtwuaSp2GUJ",
    "childNodes": [
      "Mining",
      "geographic",
      "-temporal-semantic patterns in trajectories for location",
      "prediction"
    ]
  },
  {
    "href": "https://ieeexplore.ieee.org/abstract/document/8756207/",
    "id": "E4LQ5TW_Js8J",
    "childNodes": [
      "Scaling",
      "geo",
      "-distributed network function chains: A",
      "prediction",
      "and learning framework"
    ]
  },
  {
    "href": "https://www.sciencedirect.com/science/article/pii/S0022169422011787",
    "id": "tqBTw72t224J",
    "childNodes": [
      "Improving long-term streamflow",
      "prediction",
      "in a poorly gauged basin using",
      "geo",
      "-spatiotemporal mesoscale data and attention-based deep learning: A comparative …"
    ]
  },
  {
    "href": "https://www.sciencedirect.com/science/article/pii/S0950705118305896",
    "id": "sIa6WBpLdcwJ",
    "childNodes": [
      "Data locality optimization based on data migration and hotspots",
      "prediction",
      "in",
      "geo",
      "-distributed cloud environment"
    ]
  },
  {
    "href": "https://proceedings.mlr.press/v123/kreil20a",
    "id": "6gZz0Oed8_MJ",
    "childNodes": [
      "The surprising efficiency of framing",
      "geo",
      "-spatial time series forecasting as a video",
      "prediction",
      "task–insights from the iarai traffic4cast competition at neurips 2019"
    ]
  },
  {
    "href": "https://www.sciencedirect.com/science/article/pii/S0198971523000728",
    "id": "oh116i0LYaUJ",
    "childNodes": [
      "Predicting",
      "mobile users' next location using the semantically enriched",
      "geo",
      "-embedding model and the multilayer attention mechanism"
    ]
  },
  {
    "href": "https://www.sciencedirect.com/science/article/pii/S0001457517301070",
    "id": "4fid1q-gkcIJ",
    "childNodes": [
      "Intersection crash",
      "prediction",
      "modeling with macro-level data from various",
      "geographic",
      "units"
    ]
  },
  {
    "href": "https://www.sciencedirect.com/science/article/pii/S0167739X23003540",
    "id": "41V2J1S-vp8J",
    "childNodes": [
      "Geo",
      "-aware graph-augmented self-attention network for individual mobility",
      "prediction"
    ]
  }
]