[
  {
    "href": "https://www.journals.uchicago.edu/doi/abs/10.1086/378926",
    "id": "oGhOsyqOI70J",
    "childNodes": [
      "Predicting",
      "the",
      "geography",
      "of species' invasions via ecological niche modeling"
    ]
  },
  {
    "href": "https://dl.acm.org/doi/abs/10.1145/2948649.2948656",
    "id": "qFizXtIORy0J",
    "childNodes": [
      "Prediction",
      "of user app usage behavior from",
      "geo",
      "-spatial data"
    ]
  },
  {
    "href": "https://ojs.aaai.org/index.php/ICWSM/article/view/14627",
    "id": "MH2OB2Z_v2wJ",
    "childNodes": [
      "Geolocation",
      "prediction",
      "in twitter using social networks: A critical analysis and review of current practice"
    ]
  },
  {
    "href": "https://www.annualreviews.org/content/journals/10.1146/annurev-ento-120709-144847",
    "id": "phGYOdgaq2cJ",
    "childNodes": [
      "Using",
      "geographic",
      "information systems and decision support systems for the",
      "prediction",
      ", prevention, and control of vector-borne diseases"
    ]
  },
  {
    "href": "https://academic.oup.com/aje/article-abstract/163/2/171/95806",
    "id": "MbS6mzGfFToJ",
    "childNodes": [
      "Geographic prediction",
      "of human onset of West Nile virus using dead crow clusters: an evaluation of year 2002 data in New York State"
    ]
  },
  {
    "href": "https://www.mdpi.com/2673-7094/1/1/8",
    "id": "-5PLp2U7Jg4J",
    "childNodes": [
      "Results of application of artificial neural networks in",
      "predicting geo",
      "-mechanical properties of stabilised clays—a review"
    ]
  },
  {
    "href": "https://link.springer.com/article/10.1186/s12885-022-09296-8",
    "id": "Fo3R_toFHGEJ",
    "childNodes": [
      "Four differentially expressed genes can",
      "predict",
      "prognosis and microenvironment immune infiltration in lung cancer: a study based on data from the",
      "GEO"
    ]
  },
  {
    "href": "https://arxiv.org/abs/2412.15353",
    "id": "lrV2cC2VrC8J",
    "childNodes": [
      "GeoPro-Net: Learning Interpretable Spatiotemporal",
      "Prediction",
      "Models through Statistically-Guided",
      "Geo",
      "-Prototyping"
    ]
  },
  {
    "href": "https://ojs.aaai.org/index.php/AAAI/article/view/8103",
    "id": "h67o6Ypj6GEJ",
    "childNodes": [
      "Predicting",
      "disease transmission from",
      "geo",
      "-tagged micro-blog data"
    ]
  },
  {
    "href": "https://dl.acm.org/doi/abs/10.1145/2461466.2461481",
    "id": "5yQl5xdyK-kJ",
    "childNodes": [
      "Geo",
      "-visual ranking for location",
      "prediction",
      "of social images"
    ]
  }
]