[
  {
    "href": "https://link.springer.com/article/10.1007/bf00508896",
    "id": "n0t-5-a6R3UJ",
    "childNodes": [
      "Use of",
      "geographic",
      "information systems (GIS) in water resources: a review"
    ]
  },
  {
    "href": "https://www.mdpi.com/1660-4601/19/23/15910",
    "id": "2P2SheVn4koJ",
    "childNodes": [
      "Detailed geogenic radon potential mapping using geospatial analysis of multiple",
      "geo",
      "-variables—a case study from a high-risk area in SE Ireland"
    ]
  },
  {
    "href": "https://conference.sdo.esoc.esa.int/proceedings/sdc7/paper/348/SDC7-paper348.pdf",
    "id": "uCPcN2Hb5O4J",
    "childNodes": [
      "Covariance size and the breakdown of Gaussianity in",
      "GEO",
      "uncertainty",
      "predictions"
    ]
  },
  {
    "href": "https://ascelibrary.org/doi/abs/10.1061/geosek.0000481",
    "id": "byJSNcVQx1cJ",
    "childNodes": [
      "Meet",
      "Geo",
      "P. Tech, AI Chatbot Geotechnical Engineer"
    ]
  },
  {
    "href": "https://academic.oup.com/sysbio/article-abstract/57/4/628/1632197",
    "id": "ocRdMlAtsd8J",
    "childNodes": [
      "… for delimiting cohesion species: finding the population-species interface in a group of Californian trapdoor spiders with extreme genetic divergence and",
      "geographic",
      "…"
    ]
  },
  {
    "href": "https://stacks.cdc.gov/view/cdc/49759",
    "id": "8tl0f-AzDzIJ",
    "childNodes": [
      "Comparison of methods for estimating prevalence of chronic diseases and health behaviors for small",
      "geographic",
      "areas: Boston validation study, 2013"
    ]
  },
  {
    "href": "https://www.tandfonline.com/doi/abs/10.1080/10095020.2021.1917310",
    "id": "qos9azgXbOoJ",
    "childNodes": [
      "LEO satellite clock analysis and",
      "prediction",
      "for positioning applications"
    ]
  },
  {
    "href": "https://onlinelibrary.wiley.com/doi/abs/10.1155/2020/8537381",
    "id": "vNxSjJTyBPcJ",
    "childNodes": [
      "Autophagy regulatory genes MET and RIPK2 play a prognostic role in pancreatic ductal adenocarcinoma: a bioinformatic analysis based on",
      "GEO",
      "and TCGA"
    ]
  },
  {
    "href": "https://link.springer.com/article/10.1007/s40948-022-00355-9",
    "id": "MD1K8hKiT8sJ",
    "childNodes": [
      "Prediction",
      "of organic carbon content in oil shale based on logging: a case study in the Songliao Basin, Northeast China"
    ]
  },
  {
    "href": "https://www.sciencedirect.com/science/article/pii/0148619588900264",
    "id": "SJklNUqgyAoJ",
    "childNodes": [
      "Geographic",
      "diversification and risk in banking"
    ]
  }
]