[
  {
    "href": "https://www.mdpi.com/2297-8747/26/3/56",
    "id": "Dayml0mdkr0J",
    "childNodes": [
      "Preserving",
      "geo",
      "-indistinguishability of the emergency scene to",
      "predict",
      "ambulance response time"
    ]
  },
  {
    "href": "https://www.pnas.org/doi/abs/10.1073/pnas.1417413112",
    "id": "u-jWDEd0baYJ",
    "childNodes": [
      "Climate, vocal folds, and tonal languages: Connecting the physiological and",
      "geographic",
      "dots"
    ]
  },
  {
    "href": "https://www.sciencedirect.com/science/article/pii/S0166046211000494",
    "id": "inDTUz4S6voJ",
    "childNodes": [
      "Competition, market access and economic",
      "geography",
      ": Structural estimation and",
      "predictions",
      "for France"
    ]
  },
  {
    "href": "https://www.sciencedirect.com/science/article/pii/S0031018207002362",
    "id": "AZNjf4t-kk8J",
    "childNodes": [
      "Fossil site",
      "prediction",
      "using",
      "geographic",
      "information systems (GIS) and suitability analysis: The Two Medicine Formation, MT, a test case"
    ]
  },
  {
    "href": "https://academic.oup.com/jme/article-abstract/45/3/540/906990",
    "id": "4ygemocPI14J",
    "childNodes": [
      "Predicting geographic",
      "and ecological distributions of triatomine species in the southern Mexican state of Puebla using ecological niche modeling"
    ]
  },
  {
    "href": "http://openaccess.thecvf.com/content/CVPR2023/html/Clark_Where_We_Are_and_What_Were_Looking_At_Query_Based_CVPR_2023_paper.html",
    "id": "q66_tSQZ9A0J",
    "childNodes": [
      "Where we are and what we're looking at: Query based worldwide image",
      "geo",
      "-localization using hierarchies and scenes"
    ]
  },
  {
    "href": "https://link.springer.com/chapter/10.1007/978-3-031-19839-7_12",
    "id": "q6jeDarQ2rEJ",
    "childNodes": [
      "Where in the world is this image? transformer-based",
      "geo",
      "-localization in the wild"
    ]
  },
  {
    "href": "https://citeseerx.ist.psu.edu/document?repid=rep1&type=pdf&doi=6221bcccb36cdee178bf8068164d6da7d38ec9cb",
    "id": "dnwztSsDGToJ",
    "childNodes": [
      "Predicting",
      "density of Ixodes pacificus nymphs in dense woodlands in Mendocino County, California, based on",
      "geographic",
      "information systems and remote …"
    ]
  },
  {
    "href": "https://ieeexplore.ieee.org/abstract/document/6649563/",
    "id": "RD25YXQU2lIJ",
    "childNodes": [
      "Geographic",
      "location-based network-aware qos",
      "prediction",
      "for service composition"
    ]
  },
  {
    "href": "https://dl.acm.org/doi/abs/10.1145/3356994.3365508",
    "id": "7D4tgUH_4TUJ",
    "childNodes": [
      "Emotion",
      "predictions",
      "in",
      "geo",
      "-textual data using spatial statistics and recommendation systems"
    ]
  }
]