[
  {
    "href": "http://openaccess.thecvf.com/content/WACV2021/html/Zhu_Revisiting_Street-to-Aerial_View_Image_Geo-Localization_and_Orientation_Estimation_WACV_2021_paper.html",
    "id": "AtOZYZvrvioJ",
    "childNodes": [
      "Revisiting street-to-aerial view image",
      "geo",
      "-localization and orientation estimation"
    ]
  },
  {
    "href": "https://link.springer.com/chapter/10.1007/978-981-16-1249-7_17",
    "id": "GOSxNhj_V5oJ",
    "childNodes": [
      "Taxi demand",
      "prediction",
      "using lstm and optimized taxi",
      "geo",
      "-distribution"
    ]
  },
  {
    "href": "https://kosovaanthropologica.com/index.php/Journal/article/view/3",
    "id": "QgWow-iCHRoJ",
    "childNodes": [
      "1",
      "Geographic",
      "predictors of early 20th century northern Albanian tribal demography"
    ]
  },
  {
    "href": "https://journals.sagepub.com/doi/abs/10.3141/2135-01",
    "id": "fbh3v1w9VRIJ",
    "childNodes": [
      "Size and composition of ego-centered social networks and their effect on",
      "geographic",
      "distance and contact frequency"
    ]
  },
  {
    "href": "https://link.springer.com/article/10.1007/s11430-011-4193-2",
    "id": "gRwwKa48UhcJ",
    "childNodes": [
      "Geographic",
      "analysis-oriented virtual",
      "geographic",
      "environment: Framework, structure and functions"
    ]
  },
  {
    "href": "https://link.springer.com/article/10.1007/s00367-016-0436-8",
    "id": "xsU0PWkALVUJ",
    "childNodes": [
      "Predicting",
      "bed form roughness: the influence of lee side angle"
    ]
  },
  {
    "href": "https://link.springer.com/article/10.1007/s12665-023-11080-1",
    "id": "6gpIR2IQQWgJ",
    "childNodes": [
      "A dataset-enhanced Linformer model for",
      "geo",
      "-hazards susceptibility assessment: a case study of the railway in Southwest China"
    ]
  },
  {
    "href": "https://peerj.com/articles/10690/",
    "id": "vhDi51RXSYEJ",
    "childNodes": [
      "Geographic",
      "potential of the world's largest hornet, Vespa mandarinia Smith (Hymenoptera: Vespidae), worldwide and particularly in North America"
    ]
  },
  {
    "href": "https://ascelibrary.org/doi/abs/10.1061/(ASCE)0733-9496(1993)119:2(246)",
    "id": "T3gYzvLxR2IJ",
    "childNodes": [
      "Review of GIS applications in hydrologic modeling"
    ]
  },
  {
    "href": "https://journals.plos.org/plosone/article?id=10.1371/journal.pone.0237063",
    "id": "0cymKJHif6MJ",
    "childNodes": [
      "Estimating small-area population density in Sri Lanka using surveys and",
      "Geo",
      "-spatial data"
    ]
  }
]