[
  {
    "href": "https://www.sciencedirect.com/science/article/pii/S0375674212001318",
    "id": "HQu6jbzIqbUJ",
    "childNodes": [
      "Singularity theory and methods for mapping geochemical anomalies caused by buried sources and for",
      "predicting",
      "undiscovered mineral deposits in covered areas"
    ]
  },
  {
    "href": "https://besjournals.onlinelibrary.wiley.com/doi/abs/10.1111/1365-2435.12170",
    "id": "dptS8XWxCwEJ",
    "childNodes": [
      "Evolution of dispersal and mating systems along",
      "geographic",
      "gradients: implications for shifting ranges"
    ]
  },
  {
    "href": "https://link.springer.com/article/10.1186/1475-2875-11-160",
    "id": "qDujWIDPXZcJ",
    "childNodes": [
      "Mapping malaria risk among children in Côte d'Ivoire using Bayesian",
      "geo",
      "-statistical models"
    ]
  },
  {
    "href": "https://academic.oup.com/jinsectscience/article-abstract/13/1/114/1752197",
    "id": "-owfEeNpiOkJ",
    "childNodes": [
      "Geographic",
      "distribution of habitat, development, and population growth rates of the Asian citrus psyllid,",
      "I",
      ", in Mexico"
    ]
  },
  {
    "href": "https://link.springer.com/article/10.1007/s41666-019-00055-2",
    "id": "oUVUwdSrCiAJ",
    "childNodes": [
      "SISS-",
      "geo",
      ": leveraging citizen science to monitor wildlife health risks in Brazil"
    ]
  },
  {
    "href": "https://onlinelibrary.wiley.com/doi/abs/10.1111/geb.12242",
    "id": "DOfKwL3UcHoJ",
    "childNodes": [
      "Nonlinear thermal gradients shape broad‐scale patterns in",
      "geographic",
      "range size and can reverse R apoport's rule"
    ]
  },
  {
    "href": "https://onepetro.org/SPEGOTS/proceedings-abstract/24GOTS/2-24GOTS/545183",
    "id": "3Fusx-_1ansJ",
    "childNodes": [
      "A Machine Learning Based Framework for Brine-Gas Interfacial Tension",
      "Prediction",
      ": Implications for H",
      "SUB",
      ", CH",
      "SUB",
      "and CO",
      "SUB",
      "",
      "Geo",
      "-Storage"
    ]
  },
  {
    "href": "https://www.journals.uchicago.edu/doi/abs/10.1086/509246",
    "id": "ENRZOiapU64J",
    "childNodes": [
      "Geology,",
      "geography",
      ", and humans battle for dominance over the delivery of fluvial sediment to the coastal ocean"
    ]
  },
  {
    "href": "http://nuriaoliver.com/bicing/IJCAI09_Bicing.pdf",
    "id": "_mhqKp9k1zcJ",
    "childNodes": [
      "Sensing and",
      "predicting",
      "the pulse of the city through shared bicycling."
    ]
  },
  {
    "href": "https://www.sciencedirect.com/science/article/pii/S0048969723002425",
    "id": "rJTWiUtI0m0J",
    "childNodes": [
      "Geo",
      "-referenced simulations of E. coli in a sub-catchment of the Vecht River using a probabilistic approach"
    ]
  }
]