[
  {
    "href": "https://www.sciencedirect.com/science/article/pii/S0003267008003498",
    "id": "2iPp9xQpN9QJ",
    "childNodes": [
      "Comparative chemometric analyses of",
      "geographic",
      "origins and compositions of lavandin var. Grosso essential oils by mid infrared spectroscopy and gas …"
    ]
  },
  {
    "href": "https://link.springer.com/article/10.1007/s40948-023-00541-3",
    "id": "KVkmpqrEVwwJ",
    "childNodes": [
      "Response and",
      "prediction",
      "of unsaturated permeability of loess to microstructure"
    ]
  },
  {
    "href": "https://www.sciencedirect.com/science/article/pii/S0273117715007620",
    "id": "2s2cD0UbCcgJ",
    "childNodes": [
      "A new empirical solar radiation pressure model for BeiDou",
      "GEO",
      "satellites"
    ]
  },
  {
    "href": "https://www.sciencedirect.com/science/article/pii/S0309170820301366",
    "id": "iqwGRNFANmUJ",
    "childNodes": [
      "Machine learning in",
      "geo",
      "-and environmental sciences: From small to large scale"
    ]
  },
  {
    "href": "https://link.springer.com/chapter/10.1007/978-3-031-73036-8_17",
    "id": "OPsHmzWANM0J",
    "childNodes": [
      "CityGuessr: City-Level Video",
      "Geo",
      "-Localization on a Global Scale"
    ]
  },
  {
    "href": "https://pubs.aip.org/aip/apl/article/105/4/042103/376621",
    "id": "uG-BhkqweCoJ",
    "childNodes": [
      "Computational",
      "prediction",
      "of two-dimensional group-IV mono-chalcogenides"
    ]
  },
  {
    "href": "https://academic.oup.com/aje/article-abstract/111/3/315/127361",
    "id": "JgFebxN1KZIJ",
    "childNodes": [
      "Geographic",
      "patterns in county mortality rates from cardiovascular diseases"
    ]
  },
  {
    "href": "https://www.ncbi.nlm.nih.gov/pmc/articles/PMC5001755/",
    "id": "7AndKR-CNjcJ",
    "childNodes": [
      "Predicting",
      "hospital visits from",
      "geo",
      "-tagged Internet search logs"
    ]
  },
  {
    "href": "https://link.springer.com/article/10.1007/s00704-018-2373-0",
    "id": "uTR-MpfPUDEJ",
    "childNodes": [
      "The influence of climatic changes on distribution pattern of six typical",
      "I",
      "species in Tibetan Plateau based on MaxEnt model and",
      "geographic",
      "information …"
    ]
  },
  {
    "href": "https://pubs.acs.org/doi/abs/10.1021/jf204296p",
    "id": "J_MjtVz0pIsJ",
    "childNodes": [
      "Determination of the",
      "geographic",
      "origin of rice by chemometrics with strontium and lead isotope ratios and multielement concentrations"
    ]
  }
]