[
  {
    "href": "https://koreascience.kr/article/JAKO201724963132006.page",
    "id": "eJ6sAV-QqtkJ",
    "childNodes": [
      "Prediction",
      "of the Italian ryegrass (Lolium multiflorum Lam.) yield via climate big data and",
      "geographic",
      "information system in Republic of Korea"
    ]
  },
  {
    "href": "https://rosap.ntl.bts.gov/view/dot/31942",
    "id": "9zrBSGsCA8oJ",
    "childNodes": [
      "Static pile load tests on driven piles into Intermediate-",
      "Geo",
      "Materials."
    ]
  },
  {
    "href": "https://onlinelibrary.wiley.com/doi/abs/10.1111/j.1365-3180.2006.00524.x",
    "id": "4lxTSt_6uEsJ",
    "childNodes": [
      "The potential",
      "geographic",
      "distribution of the invasive weed",
      "I",
      "in Australia"
    ]
  },
  {
    "href": "https://journals.co.za/doi/abs/10.4314/wsa.v43i3.16",
    "id": "9jYEkEKApeEJ",
    "childNodes": [
      "Hydraulic head and groundwater",
      "SUP",
      "Cd content interpolations using empirical Bayesian kriging (EBK) and",
      "geo",
      "-adaptive neuro-fuzzy inference system (",
      "geo",
      "-ANFIS)"
    ]
  },
  {
    "href": "https://onlinelibrary.wiley.com/doi/abs/10.1111/ddi.12307",
    "id": "dPfRQ2NMZNUJ",
    "childNodes": [
      "The emergent",
      "geography",
      "of biophysical dispersal barriers across the Indo‐West Pacific"
    ]
  },
  {
    "href": "https://www.sciencedirect.com/science/article/pii/S0168169917315090",
    "id": "1deAYJcv8WkJ",
    "childNodes": [
      "Survey of different data-intelligent modeling strategies for forecasting air temperature using",
      "geographic",
      "information as model predictors"
    ]
  },
  {
    "href": "https://pubs.acs.org/doi/abs/10.1021/jf062613m",
    "id": "AyAZkgnJURIJ",
    "childNodes": [
      "Determination of the",
      "geographic",
      "origin of onions between three main production areas in Japan and other countries by mineral composition"
    ]
  },
  {
    "href": "https://ieeexplore.ieee.org/abstract/document/5575952/",
    "id": "YSMydXpD388J",
    "childNodes": [
      "Geo",
      "-clustering of images with missing geotags"
    ]
  },
  {
    "href": "https://febs.onlinelibrary.wiley.com/doi/abs/10.1002/2211-5463.12198",
    "id": "xG6AjAkNI1sJ",
    "childNodes": [
      "Down‐regulation of miR‐146a‐5p and its potential targets in hepatocellular carcinoma validated by a TCGA‐and",
      "GEO",
      "‐based study"
    ]
  },
  {
    "href": "https://www.sciencedirect.com/science/article/pii/S2214574518300014",
    "id": "NXOU470awykJ",
    "childNodes": [
      "Evolution of",
      "geographic",
      "variation in thermal performance curves in the face of climate change and implications for biotic interactions"
    ]
  }
]