[
  {
    "href": "https://ascelibrary.org/doi/abs/10.1061/9780784485347.039",
    "id": "kW_yn2xBDVgJ",
    "childNodes": [
      "Simplicity versus Complexity in Machine Learning Models—Focusing on Soil Resilient Modulus",
      "Prediction"
    ]
  },
  {
    "href": "https://www.tandfonline.com/doi/abs/10.1111/j.1467-8306.1972.tb00844.x",
    "id": "L-x3o_rgRkEJ",
    "childNodes": [
      "Geography",
      ", geometry, and explanation"
    ]
  },
  {
    "href": "https://www.sciencedirect.com/science/article/pii/S0264837719316746",
    "id": "uIYvL_dhwTcJ",
    "childNodes": [
      "Understanding house price appreciation using multi-source big",
      "geo",
      "-data and machine learning"
    ]
  },
  {
    "href": "https://www.sciencedirect.com/science/article/pii/S2351989416301470",
    "id": "nESNOym1mi4J",
    "childNodes": [
      "Maxent modeling for",
      "predicting",
      "impacts of climate change on the potential distribution of Thuja sutchuenensis Franch., an extremely endangered conifer from …"
    ]
  },
  {
    "href": "https://cris.bgu.ac.il/en/publications/atlas-of-the-geographic-distribution-of-the-arvicoline-rodents-of",
    "id": "_i4mSz844jMJ",
    "childNodes": [
      "Atlas of the",
      "geographic",
      "distribution of the Arvicoline rodents of the world: Rodentia, Muridae: Arvicoline"
    ]
  },
  {
    "href": "https://journals.sagepub.com/doi/abs/10.1111/j.1745-6924.2008.00084.x",
    "id": "ozYDvMYMiF8J",
    "childNodes": [
      "A theory of the emergence, persistence, and expression of",
      "geographic",
      "variation in psychological characteristics"
    ]
  },
  {
    "href": "https://www.journals.uchicago.edu/doi/abs/10.1086/283301",
    "id": "YMGUqOMTQxgJ",
    "childNodes": [
      "The",
      "Geographic",
      "Distribution of C",
      "SUB",
      "Species of the Dicotyledonae in Relation to Climate"
    ]
  },
  {
    "href": "https://ieeexplore.ieee.org/abstract/document/4609945/",
    "id": "RXup1UvTyN4J",
    "childNodes": [
      "Geographic",
      "aspects of photovoltaics in Europe: contribution of the PVGIS website"
    ]
  },
  {
    "href": "https://link.springer.com/article/10.1007/s12665-015-4373-z",
    "id": "DyYfKfe1PNAJ",
    "childNodes": [
      "Implementation of the",
      "geo",
      "-correlation methodology for predictability of catastrophic weather events: long-term US tornado season and short-term hurricanes"
    ]
  },
  {
    "href": "https://nph.onlinelibrary.wiley.com/doi/abs/10.1111/nph.13921",
    "id": "zgheCg8NiUwJ",
    "childNodes": [
      "Macroevolutionary patterns of ultraviolet floral pigmentation explained by",
      "geography",
      "and associated bioclimatic factors"
    ]
  }
]