[
  {
    "href": "https://link.springer.com/article/10.1186/s41512-017-0012-3",
    "id": "7j0FNKbKaDcJ",
    "childNodes": [
      "Validation of",
      "prediction",
      "models: examining temporal and",
      "geographic",
      "stability of baseline risk and estimated covariate effects"
    ]
  },
  {
    "href": "https://www.sciencedirect.com/science/article/pii/S0304401714000028",
    "id": "MfSAZBSq-SMJ",
    "childNodes": [
      "Geo",
      "-environmental model for the",
      "prediction",
      "of potential transmission risk of Dirofilaria in an area with dry climate and extensive irrigated crops. The case of Spain"
    ]
  },
  {
    "href": "https://link.springer.com/article/10.1007/s11276-010-0315-6",
    "id": "lTpXgQ3OTJgJ",
    "childNodes": [
      "Using traffic",
      "prediction",
      "and estimation of provider revenue for a joint",
      "GEO",
      "satellite MAC/CAC scheme"
    ]
  },
  {
    "href": "https://www.sciencedirect.com/science/article/pii/S0264275114001619",
    "id": "uMqNMS0tBG4J",
    "childNodes": [
      "A comparison of perceived and",
      "geographic",
      "access to",
      "predict",
      "urban park use"
    ]
  },
  {
    "href": "https://ieeexplore.ieee.org/abstract/document/8713862/",
    "id": "aVB_W7eYwSoJ",
    "childNodes": [
      "Venue2vec: An efficient embedding model for fine-grained user location",
      "prediction",
      "in",
      "geo",
      "-social networks"
    ]
  },
  {
    "href": "https://link.springer.com/article/10.1007/s11356-023-26616-y",
    "id": "eCkU6bSqvXEJ",
    "childNodes": [
      "The interaction of topographic slope with various",
      "geo",
      "-environmental flood-causing factors on flood",
      "prediction",
      "and susceptibility mapping"
    ]
  },
  {
    "href": "https://onlinelibrary.wiley.com/doi/abs/10.1111/j.1466-8238.2010.00632.x",
    "id": "6W135AsaTkIJ",
    "childNodes": [
      "Geographic",
      "disparities and moral hazards in the",
      "predicted",
      "impacts of climate change on human populations"
    ]
  },
  {
    "href": "https://www.tandfonline.com/doi/abs/10.1080/19475683.2018.1450785",
    "id": "EkRBfaTVX98J",
    "childNodes": [
      "Geo",
      "-sensor (s) for potential",
      "prediction",
      "of earthquakes: can earthquake be",
      "predicted",
      "by abnormal animal phenomena?"
    ]
  },
  {
    "href": "https://onlinelibrary.wiley.com/doi/abs/10.1002/acp.956",
    "id": "TOTeusg4cnIJ",
    "childNodes": [
      "Geographic",
      "profiling: The fast, frugal, and accurate way"
    ]
  },
  {
    "href": "https://www.sciencedirect.com/science/article/pii/S0003267000842452",
    "id": "VCmvBUVmeNQJ",
    "childNodes": [
      "Prediction",
      "of wine quality and",
      "geographic",
      "origin from chemical measurements by parital least-squares regression modeling"
    ]
  }
]