[
  {
    "href": "https://link.springer.com/article/10.1007/s40710-019-00388-5",
    "id": "SM9TPvCYhqcJ",
    "childNodes": [
      "Comparative analysis between morphometry and",
      "geo",
      "-environmental factor based soil erosion risk assessment using weight of evidence model: a study on Jainti river …"
    ]
  },
  {
    "href": "https://link.springer.com/article/10.1007/s12040-012-0207-5",
    "id": "E_vmMwYVSn8J",
    "childNodes": [
      "Modelling and analyzing the watershed dynamics using Cellular Automata (CA)–Markov model–A",
      "geo",
      "-information based approach"
    ]
  },
  {
    "href": "https://www.nature.com/articles/ncomms5116",
    "id": "8QXWi5o4U_AJ",
    "childNodes": [
      "Predicting",
      "the risk of avian influenza A H7N9 infection in live-poultry markets across Asia"
    ]
  },
  {
    "href": "https://www.thelancet.com/journals/landig/article/PIIS2589-7500(21)00134-5/fulltext",
    "id": "D5VZhNhLnVYJ",
    "childNodes": [
      "Clinically relevant deep learning for detection and quantification of",
      "geographic",
      "atrophy from optical coherence tomography: a model development and external …"
    ]
  },
  {
    "href": "https://www.mdpi.com/2075-163X/14/1/15",
    "id": "hKkjt7YE9XIJ",
    "childNodes": [
      "CoDA-Based",
      "Geo",
      "-Electrochemical Prospecting",
      "Prediction",
      "of Uranium Orebodies in Changjiang Area, Guangdong Province, China"
    ]
  },
  {
    "href": "https://www.tandfonline.com/doi/abs/10.1080/13658816.2018.1458988",
    "id": "DRNLqg1LBJgJ",
    "childNodes": [
      "A hybrid ensemble learning method for tourist route recommendations based on",
      "geo",
      "-tagged social networks"
    ]
  },
  {
    "href": "https://dl.acm.org/doi/abs/10.1145/2695664.2695939",
    "id": "yCgIHDucBYQJ",
    "childNodes": [
      "Predicting",
      "well-being with",
      "geo",
      "-referenced data collected from social media platforms"
    ]
  },
  {
    "href": "https://www.mdpi.com/2220-9964/3/2/619",
    "id": "Vlq-Ue3G-EkJ",
    "childNodes": [
      "Geo",
      "-based statistical models for vulnerability",
      "prediction",
      "of highway network segments"
    ]
  },
  {
    "href": "https://link.springer.com/article/10.1186/1476-069X-13-63",
    "id": "GjfxcAQgiXQJ",
    "childNodes": [
      "Spatio-temporal modeling of particulate air pollution in the conterminous United States using",
      "geographic",
      "and meteorological predictors"
    ]
  },
  {
    "href": "https://dl.acm.org/doi/abs/10.1145/1871437.1871535",
    "id": "heUzeXK6HHMJ",
    "childNodes": [
      "You are where you tweet: a content-based approach to",
      "geo",
      "-locating twitter users"
    ]
  }
]