[
  {
    "href": "https://link.springer.com/article/10.1007/s11069-017-2740-7",
    "id": "nW_G5n0GRIYJ",
    "childNodes": [
      "Artificial intelligence and",
      "geo",
      "-statistical models for stream-flow forecasting in ungauged stations: state of the art"
    ]
  },
  {
    "href": "https://link.springer.com/article/10.1007/s40948-023-00684-3",
    "id": "xprZvwneYyIJ",
    "childNodes": [
      "Study on deep learning methods for coal burst risk",
      "prediction",
      "based on mining-induced seismicity quantification"
    ]
  },
  {
    "href": "https://journals.sagepub.com/doi/abs/10.1177/0956797620948810",
    "id": "yp7R0DrK57sJ",
    "childNodes": [
      "Universal patterns in color-emotion associations are further shaped by linguistic and",
      "geographic",
      "proximity"
    ]
  },
  {
    "href": "https://link.springer.com/article/10.1007/s40948-024-00842-1",
    "id": "PzKK6zFBlNsJ",
    "childNodes": [
      "Prediction",
      "technology of mine water inflow based on entropy weight method and multiple nonlinear regression theory and its application"
    ]
  },
  {
    "href": "https://link.springer.com/chapter/10.1007/978-1-4020-6444-9_20",
    "id": "8MT3a83-GiIJ",
    "childNodes": [
      "Ecological niche modeling and",
      "geographic",
      "distribution of the genus",
      "I",
      "L. (Agavaceae) in Mexico: using niche modeling to improve assessments of risk status"
    ]
  },
  {
    "href": "https://aclanthology.org/W16-3929/",
    "id": "YGBoAG90K6wJ",
    "childNodes": [
      "Csiro data61 at the wnut",
      "geo",
      "shared task"
    ]
  },
  {
    "href": "https://ift.onlinelibrary.wiley.com/doi/abs/10.1111/j.1750-3841.2009.01504.x",
    "id": "12fcvVIR9PcJ",
    "childNodes": [
      "Rapid analysis of glucose, fructose, sucrose, and maltose in honeys from different",
      "geographic",
      "regions using Fourier transform infrared spectroscopy and multivariate …"
    ]
  },
  {
    "href": "https://journals.sagepub.com/doi/abs/10.1177/030913339902300103",
    "id": "y8cnMo8xgBoJ",
    "childNodes": [
      "Predicting",
      "regional climate change: living with uncertainty"
    ]
  },
  {
    "href": "https://onlinelibrary.wiley.com/doi/abs/10.1111/ecog.01925",
    "id": "VsTgzCFPI8cJ",
    "childNodes": [
      "Model‐based integration of observed and expert‐based information for assessing the",
      "geographic",
      "and environmental distribution of freshwater species"
    ]
  },
  {
    "href": "https://link.springer.com/article/10.1007/s00442-006-0364-9",
    "id": "Br-lHoE3Xt0J",
    "childNodes": [
      "Geographic",
      "variation in body size: the effects of ambient temperature and precipitation"
    ]
  }
]