[
  {
    "href": "https://onlinelibrary.wiley.com/doi/abs/10.1111/geb.12263",
    "id": "xg_vJBVKxjUJ",
    "childNodes": [
      "Do",
      "geographic",
      ", climatic or historical ranges differentiate the performance of central versus peripheral populations?"
    ]
  },
  {
    "href": "https://www.sciencedirect.com/science/article/pii/S2772375524001321",
    "id": "rUjNoI0U4D0J",
    "childNodes": [
      "Implementation of laser-light backscattering imaging for authentication of the",
      "geographic",
      "origin of Indonesia region citrus"
    ]
  },
  {
    "href": "https://link.springer.com/article/10.1186/s40703-019-0100-z",
    "id": "52a2tngtjIMJ",
    "childNodes": [
      "Finite element investigation and ANN-based",
      "prediction",
      "of the bearing capacity of strip footings resting on sloping ground"
    ]
  },
  {
    "href": "https://link.springer.com/article/10.1023/A:1018451916734",
    "id": "fGO5_bPldzMJ",
    "childNodes": [
      "The relationship between",
      "geographic",
      "area and the latitudinal gradient in species richness in New World birds"
    ]
  },
  {
    "href": "https://www.sciencedirect.com/science/article/pii/S1876610211004462",
    "id": "TLUJRw8JrncJ",
    "childNodes": [
      "A full field simulation of the In Salah gas production and CO2 storage project using a coupled",
      "geo",
      "-mechanical and thermal fluid flow simulator"
    ]
  },
  {
    "href": "https://www.tandfonline.com/doi/abs/10.1111/j.1467-8306.1994.tb01731.x",
    "id": "Fbw0OkC4XjYJ",
    "childNodes": [
      "Human",
      "geography",
      "and the “new ecology”: The prospect and promise of integration"
    ]
  },
  {
    "href": "https://onlinelibrary.wiley.com/doi/abs/10.1111/geb.12041",
    "id": "WSLZ2YhA-KMJ",
    "childNodes": [
      "Large‐scale",
      "geographic",
      "patterns of diversity and community structure of pelagic crustacean zooplankton in C anadian lakes"
    ]
  },
  {
    "href": "https://link.springer.com/article/10.1186/1476-072X-2-4",
    "id": "kkJ8Xj7tZxUJ",
    "childNodes": [
      "Geographic",
      "boundaries in breast, lung and colorectal cancers in relation to exposure to air toxics in Long Island, New York"
    ]
  },
  {
    "href": "https://www.sciencedirect.com/science/article/pii/S0963996917305859",
    "id": "ktSu5j_aMFYJ",
    "childNodes": [
      "Merging vibrational spectroscopic data for wine classification according to the",
      "geographic",
      "origin"
    ]
  },
  {
    "href": "https://ageconsearch.umn.edu/record/305385/",
    "id": "lMmOwlLlH9AJ",
    "childNodes": [
      "Soil loss estimation using",
      "geographic",
      "information system in enfraz watershed for soil conservation planning in highlands of Ethiopia"
    ]
  }
]