[
  {
    "href": "https://ieeexplore.ieee.org/abstract/document/5934692/",
    "id": "Gn4FLAuUWy0J",
    "childNodes": [
      "Load balancing and QoS provisioning based on congestion",
      "prediction",
      "for",
      "GEO",
      "/LEO hybrid satellite networks"
    ]
  },
  {
    "href": "https://link.springer.com/article/10.1007/s11036-009-0181-6",
    "id": "IlzKUUH7QKgJ",
    "childNodes": [
      "GeoDTN+ Nav:",
      "geographic",
      "DTN routing with navigator",
      "prediction",
      "for urban vehicular environments"
    ]
  },
  {
    "href": "https://elifesciences.org/articles/54507",
    "id": "aA5ltoWApfsJ",
    "childNodes": [
      "Predicting geographic",
      "location from genetic variation with deep neural networks"
    ]
  },
  {
    "href": "https://link.springer.com/article/10.1007/s40710-015-0062-x",
    "id": "HBymdgY-lT0J",
    "childNodes": [
      "Predicting",
      "spatial and decadal LULC changes through cellular automata Markov chain models using earth observation datasets and",
      "geo",
      "-information"
    ]
  },
  {
    "href": "https://link.springer.com/article/10.1186/1749-8104-2-17",
    "id": "heOWIbWOpzkJ",
    "childNodes": [
      "Axon and dendrite",
      "geography predict",
      "the specificity of synaptic connections in a functioning spinal cord network"
    ]
  },
  {
    "href": "https://www.sciencedirect.com/science/article/pii/S2666412721000489",
    "id": "k1vKfTkEVlcJ",
    "childNodes": [
      "Prediction",
      "of recommendations for employment utilizing machine learning procedures and",
      "geo",
      "-area based recommender framework"
    ]
  },
  {
    "href": "https://onlinelibrary.wiley.com/doi/abs/10.1002/bsl.474",
    "id": "qU04QQsjMpcJ",
    "childNodes": [
      "Predicting",
      "the home location of serial offenders: A preliminary comparison of the accuracy of human judges with a",
      "geographic",
      "profiling system"
    ]
  },
  {
    "href": "https://link.springer.com/chapter/10.1007/978-3-319-09861-6_2",
    "id": "AcklUhz6xEQJ",
    "childNodes": [
      "The benchmark as a research catalyst: Charting the progress of",
      "geo",
      "-",
      "prediction",
      "for social multimedia"
    ]
  },
  {
    "href": "https://www.sciencedirect.com/science/article/pii/S0016236123019683",
    "id": "nRP1iIlHh6EJ",
    "childNodes": [
      "Enhancing wettability",
      "prediction",
      "in the presence of organics for hydrogen",
      "geo",
      "-storage through data-driven machine learning modeling of rock/H2/brine …"
    ]
  }
]