[
  {
    "href": "https://books.google.com/books?hl=en&lr=&id=PyhQV3o6WngC&oi=fnd&pg=PR15&dq=geo+prediction&ots=sRr-oC2pCG&sig=q41pUhW-g0tjW11b_p8umu4qCgw",
    "id": "v2uU5yvYX7IJ",
    "childNodes": [
      "Mapping species distributions: spatial inference and",
      "prediction"
    ]
  },
  {
    "href": "https://muse.jhu.edu/pub/1/article/214400/summary",
    "id": "w1PglT7LaUIJ",
    "childNodes": [
      "Katrina and vulnerability: the",
      "geography",
      "of stress"
    ]
  },
  {
    "href": "https://link.springer.com/article/10.1007/s11004-010-9286-5",
    "id": "wQGTVi1T2uEJ",
    "childNodes": [
      "Combining areal and point data in geostatistical interpolation: Applications to soil science and medical",
      "geography"
    ]
  },
  {
    "href": "https://link.springer.com/article/10.1007/s11433-011-4342-9",
    "id": "oCAbEtewoxsJ",
    "childNodes": [
      "Orbit determination and time synchronization for a",
      "GEO",
      "/IGSO satellite navigation constellation with regional tracking network"
    ]
  },
  {
    "href": "http://cyxb.magtech.com.cn/EN/abstract/abstract4956.shtml",
    "id": "cAHjVR6K8PQJ",
    "childNodes": [
      "Prediction",
      "of the potential",
      "geographic",
      "distribution of Leymus chinensis based on MaxEnt and collection and protection of germplasm"
    ]
  },
  {
    "href": "https://www.mdpi.com/2072-4292/13/18/3638",
    "id": "rHLxxpZMg5QJ",
    "childNodes": [
      "High-resolution mining-induced",
      "geo",
      "-hazard mapping using random forest: A case study of Liaojiaping Orefield, central China"
    ]
  },
  {
    "href": "https://ieeexplore.ieee.org/abstract/document/6413812/",
    "id": "Dm_CvgFRFbkJ",
    "childNodes": [
      "Mining user mobility features for next place",
      "prediction",
      "in location-based services"
    ]
  },
  {
    "href": "https://www.sciencedirect.com/science/article/pii/S0966692316303222",
    "id": "oNxQ3j-lXOsJ",
    "childNodes": [
      "Macro and micro models for zonal crash",
      "prediction",
      "with application in hot zones identification"
    ]
  },
  {
    "href": "https://ascelibrary.org/doi/abs/10.1061/9780784482797.010",
    "id": "0thGY2ExHMoJ",
    "childNodes": [
      "A mathematical model for shear strength",
      "prediction",
      "of vetiver rooted soil"
    ]
  },
  {
    "href": "https://analyticalsciencejournals.onlinelibrary.wiley.com/doi/abs/10.1002/jms.3455",
    "id": "xiKdJJp7u28J",
    "childNodes": [
      "PTR‐ToF‐MS characterisation of roasted coffees (",
      "I",
      ") from different",
      "geographic",
      "origins"
    ]
  }
]