[
  {
    "href": "https://onlinelibrary.wiley.com/doi/abs/10.1111/j.1752-1688.1987.tb00807.x",
    "id": "NXlRbRTMWDQJ",
    "childNodes": [
      "A",
      "GEOGRAPHIC",
      "INFORMATION SYSTEM TO",
      "PREDICT",
      "NON‐POINT SOURCE POLLUTION POTENTIAL",
      "SUP"
    ]
  },
  {
    "href": "https://www.sciencedirect.com/science/article/pii/S0167739X18304461",
    "id": "JWfgJEt4Jb4J",
    "childNodes": [
      "Smart government framework with",
      "geo",
      "-crowdsourcing and social media analysis"
    ]
  },
  {
    "href": "https://journals.sagepub.com/doi/abs/10.1177/0309133307083296",
    "id": "7BbG_jIzPwsJ",
    "childNodes": [
      "Assessment and",
      "prediction",
      "of natural hazards from satellite imagery"
    ]
  },
  {
    "href": "https://www.sciencedirect.com/science/article/pii/S0267726124005797",
    "id": "C2GUiPuhfiwJ",
    "childNodes": [
      "Efficient",
      "prediction",
      "method for the influence of",
      "geo",
      "-properties on ground motions in 3D basins using FM-IBEM and machine-learning techniques"
    ]
  },
  {
    "href": "https://www.sciencedirect.com/science/article/pii/S0016236122040790",
    "id": "8MWcg6bFKa8J",
    "childNodes": [
      "Modelling multicomponent gas diffusion and",
      "predicting",
      "the concentration-dependent effective diffusion coefficient of coal with application to carbon",
      "geo",
      "-sequestration"
    ]
  },
  {
    "href": "https://www.liebertpub.com/doi/abs/10.1089/apc.2014.0028",
    "id": "Ru8BSVcPf9UJ",
    "childNodes": [
      "Patterns of",
      "geographic",
      "mobility",
      "predict",
      "barriers to engagement in HIV care and antiretroviral treatment adherence"
    ]
  },
  {
    "href": "https://search.proquest.com/openview/b0e78d563670392c67b1201361c771e1/1?pq-origsite=gscholar&cbl=18750&diss=y",
    "id": "1Jlt3K1ZnI0J",
    "childNodes": [
      "Using learning style and goal accomplishment style to",
      "predict",
      "academic achievement in middle school",
      "geography",
      "students in Korea"
    ]
  },
  {
    "href": "https://link.springer.com/article/10.1007/s10530-013-0559-z",
    "id": "HTgBDsgT2m0J",
    "childNodes": [
      "Effect of",
      "geographic",
      "background and equilibrium state on niche model transferability:",
      "predicting",
      "areas of invasion of",
      "I"
    ]
  },
  {
    "href": "https://www.annualreviews.org/content/journals/10.1146/annurev-ecolsys-110421-102810",
    "id": "bCluHmvJfzgJ",
    "childNodes": [
      "Geographic",
      "gradients in species interactions: from latitudinal patterns to ecological mechanisms"
    ]
  },
  {
    "href": "https://www.sciencedirect.com/science/article/pii/S0161642013001401",
    "id": "ibitqnDjEokJ",
    "childNodes": [
      "Inclusion of genotype with fundus phenotype improves accuracy of",
      "predicting",
      "choroidal neovascularization and",
      "geographic",
      "atrophy"
    ]
  }
]