[
  {
    "href": "https://www.mdpi.com/2220-9964/11/9/493",
    "id": "Nx4CpoipZQ8J",
    "childNodes": [
      "MSEN-GRP: a",
      "geographic",
      "relations",
      "prediction",
      "model based on multi-layer similarity enhanced networks for",
      "geographic",
      "relations completion"
    ]
  },
  {
    "href": "https://apsjournals.apsnet.org/doi/abs/10.1094/PHYTO-95-1256",
    "id": "cQBuUkk_vn4J",
    "childNodes": [
      "A climate-based model for",
      "predicting geographic",
      "variation in Swiss needle cast severity in the Oregon Coast Range"
    ]
  },
  {
    "href": "https://onlinelibrary.wiley.com/doi/abs/10.1111/ele.12449",
    "id": "myZe__CLQrAJ",
    "childNodes": [
      "Geographic",
      "range size is",
      "predicted",
      "by plant mating system"
    ]
  },
  {
    "href": "https://academic.oup.com/biometrics/article-abstract/68/4/1303/7394050",
    "id": "JbZm8wY6DlUJ",
    "childNodes": [
      "Predicting",
      "the",
      "geographic",
      "distribution of a species from presence-only data subject to detection errors"
    ]
  },
  {
    "href": "https://journals.plos.org/plosntds/article?id=10.1371/journal.pntd.0004689",
    "id": "TQohPT9J0-4J",
    "childNodes": [
      "Redefining the Australian Anthrax Belt: Modeling the Ecological Niche and",
      "Predicting",
      "the",
      "Geographic",
      "Distribution of",
      "I"
    ]
  },
  {
    "href": "https://journals.sagepub.com/doi/abs/10.1177/0269094217705248",
    "id": "FbshgSulFtcJ",
    "childNodes": [
      "The",
      "geography",
      "of Brexit–What",
      "geography",
      "? Modelling and",
      "predicting",
      "the outcome across 380 local authorities"
    ]
  },
  {
    "href": "https://www.sciencedirect.com/science/article/pii/S0094576511001317",
    "id": "Lfhbi-ey8ssJ",
    "childNodes": [
      "… area-to-mass ratio (HAMR)",
      "GEO",
      "space object orbit determination and",
      "prediction",
      "performance: Initial strategies to recover and",
      "predict",
      "HAMR",
      "GEO",
      "trajectories with no …"
    ]
  },
  {
    "href": "https://ieeexplore.ieee.org/abstract/document/7045933/",
    "id": "VF8g9Xtj3aMJ",
    "childNodes": [
      "Predicting geo",
      "-informative attributes in large-scale image collections using convolutional neural networks"
    ]
  },
  {
    "href": "https://content.iospress.com/articles/cancer-biomarkers/cbm191261",
    "id": "l0XditLMcPcJ",
    "childNodes": [
      "ZMYND8 expression combined with pN and pM classification as a novel prognostic",
      "prediction",
      "model for colorectal cancer: based on TCGA and",
      "GEO",
      "database …"
    ]
  },
  {
    "href": "https://www.liebertpub.com/doi/abs/10.1089/dna.2020.5823",
    "id": "_Alj5tCcWicJ",
    "childNodes": [
      "Increased Expression of",
      "I",
      "",
      "Predicting",
      "Poor Survival of Epithelial Ovarian Cancer: Based on Comprehensive Analysis of",
      "I",
      ", Clinical Samples, and the",
      "GEO",
      "…"
    ]
  }
]