[
  {
    "href": "https://dl.acm.org/doi/abs/10.1145/1722080.1722093",
    "id": "j51WBV4hWG4J",
    "childNodes": [
      "Twinner: understanding news queries with",
      "geo",
      "-content using twitter"
    ]
  },
  {
    "href": "https://link.springer.com/article/10.1007/s10393-018-1322-9",
    "id": "SGcOfz04hNoJ",
    "childNodes": [
      "Climate change could increase the",
      "geographic",
      "extent of Hendra virus spillover risk"
    ]
  },
  {
    "href": "https://www.sciencedirect.com/science/article/pii/S0022169423012659",
    "id": "wz6JLnLkd40J",
    "childNodes": [
      "Comprehensive uncertainty analysis for surface water and groundwater projections under climate change based on a lumped",
      "geo",
      "-hydrological model"
    ]
  },
  {
    "href": "https://www.sciencedirect.com/science/article/pii/S0143622815300199",
    "id": "a29VpYDBNrUJ",
    "childNodes": [
      "Wildfire ignition in the forests of southeast China: Identifying drivers and spatial distribution to",
      "predict",
      "wildfire likelihood"
    ]
  },
  {
    "href": "https://proceedings.mlr.press/v176/eichenberger22a.html",
    "id": "3pFrIf1FzUAJ",
    "childNodes": [
      "Traffic4cast at neurips 2021-temporal and spatial few-shot transfer learning in gridded",
      "geo",
      "-spatial processes"
    ]
  },
  {
    "href": "https://onepetro.org/ARMANARMS/proceedings-abstract/ARMA04/All-ARMA04/117678",
    "id": "v0932Up-fcAJ",
    "childNodes": [
      "Applying",
      "Geo",
      "-Mechanics and 4D:\" 4D In-Situ Stress\" as a Complementary Tool for Optimizing Field Management"
    ]
  },
  {
    "href": "https://ieeexplore.ieee.org/abstract/document/7129551/",
    "id": "pcEkPqzW16MJ",
    "childNodes": [
      "Multi-scale population and mobility estimation with",
      "geo",
      "-tagged tweets"
    ]
  },
  {
    "href": "https://link.springer.com/article/10.1007/s40948-024-00787-5",
    "id": "lgYAmPjUH_QJ",
    "childNodes": [
      "Data-driven lithofacies",
      "prediction",
      "in complex tight sandstone reservoirs: a supervised workflow integrating clustering and classification models"
    ]
  },
  {
    "href": "https://www.cell.com/ajhg/fulltext/S0002-9297(19)30187-9",
    "id": "AxNCkJbsceIJ",
    "childNodes": [
      "Geographic",
      "variation and bias in the polygenic scores of complex diseases and traits in Finland"
    ]
  },
  {
    "href": "https://www.sciencedirect.com/science/article/pii/S0370269313003092",
    "id": "AOj6314ccEAJ",
    "childNodes": [
      "Measurement of",
      "geo",
      "-neutrinos from 1353 days of Borexino"
    ]
  }
]