[
  {
    "href": "https://www.sciencedirect.com/science/article/pii/S1875389214006634",
    "id": "RQ4x4xwWijsJ",
    "childNodes": [
      "Geo",
      "-neutrinos and Earth models"
    ]
  },
  {
    "href": "http://openaccess.thecvf.com/content/CVPR2021/html/Zhu_VIGOR_Cross-View_Image_Geo-Localization_Beyond_One-to-One_Retrieval_CVPR_2021_paper.html",
    "id": "vrx0xzGsOsoJ",
    "childNodes": [
      "Vigor: Cross-view image",
      "geo",
      "-localization beyond one-to-one retrieval"
    ]
  },
  {
    "href": "https://onlinelibrary.wiley.com/doi/abs/10.1111/tgis.13191",
    "id": "Gi26P1fmaTIJ",
    "childNodes": [
      "GEUKE: A",
      "geographic",
      "entities uniformly explicit knowledge embedding model"
    ]
  },
  {
    "href": "https://www.nature.com/articles/s41598-022-12366-3",
    "id": "zKLNOSYI_n8J",
    "childNodes": [
      "Network pharmacology combined with",
      "GEO",
      "database identifying the mechanisms and molecular targets of Polygoni Cuspidati Rhizoma on Peri-implants"
    ]
  },
  {
    "href": "https://ajph.aphapublications.org/doi/abs/10.2105/AJPH.2009.170464",
    "id": "l1FGOiKWrzwJ",
    "childNodes": [
      "Alcohol retail density and demographic predictors of health disparities: a",
      "geographic",
      "analysis"
    ]
  },
  {
    "href": "https://www.tandfonline.com/doi/abs/10.1080/136588199241391",
    "id": "iLDo8xYwseUJ",
    "childNodes": [
      "The GARP modelling system: problems and solutions to automated spatial",
      "prediction"
    ]
  },
  {
    "href": "https://pubs.acs.org/doi/abs/10.1021/es303774a",
    "id": "XX6Cc1CNVb4J",
    "childNodes": [
      "Estimation of the monthly average daily solar radiation using",
      "geographic",
      "information system and advanced case-based reasoning"
    ]
  },
  {
    "href": "https://ascelibrary.org/doi/abs/10.1061/9780784484678.025",
    "id": "NQPd7sy872kJ",
    "childNodes": [
      "An artificial neural network model for",
      "predicting",
      "microbial-induced alteration of rock strength"
    ]
  },
  {
    "href": "https://link.springer.com/article/10.1007/s40948-017-0078-y",
    "id": "JINkk4YBae4J",
    "childNodes": [
      "A comparison of permeability",
      "prediction",
      "methods using core analysis data for sandstone and carbonate reservoirs"
    ]
  },
  {
    "href": "https://ojs.aaai.org/index.php/AAAI/article/view/9531",
    "id": "Bi5sGlKDlTsJ",
    "childNodes": [
      "Gazetteer-independent toponym resolution using",
      "geographic",
      "word profiles"
    ]
  }
]