[
  {
    "href": "https://journals.plos.org/plosone/article?id=10.1371/journal.pone.0149810",
    "id": "ku170HtW1LAJ",
    "childNodes": [
      "Forecasting large-scale habitat suitability of European bustards under climate change: the role of environmental and",
      "geographic",
      "variables"
    ]
  },
  {
    "href": "https://link.springer.com/article/10.1007/s12517-013-1163-3",
    "id": "zhs68_Cio6QJ",
    "childNodes": [
      "Modeling groundwater vulnerability",
      "prediction",
      "using",
      "geographic",
      "information system (GIS)-based ordered weighted average (OWA) method and DRASTIC model …"
    ]
  },
  {
    "href": "https://arxiv.org/abs/2210.12213",
    "id": "ARr0ZmekpMEJ",
    "childNodes": [
      "SpaBERT: A pretrained language model from",
      "geographic",
      "data for",
      "geo",
      "-entity representation"
    ]
  },
  {
    "href": "https://dl.acm.org/doi/abs/10.1145/2487575.2487616",
    "id": "xhrq9JXwNJAJ",
    "childNodes": [
      "Geo",
      "-spotting: mining online location-based services for optimal retail store placement"
    ]
  },
  {
    "href": "https://ieeexplore.ieee.org/abstract/document/8450395/",
    "id": "s4E0Vy3ro4IJ",
    "childNodes": [
      "Passive monitoring and",
      "geo",
      "-based",
      "prediction",
      "of mobile network vehicle-to-server communication"
    ]
  },
  {
    "href": "https://onlinelibrary.wiley.com/doi/abs/10.1111/j.1365-2486.2011.02438.x",
    "id": "ZyzPsDI4Op0J",
    "childNodes": [
      "Predicting",
      "small‐mammal responses to climatic warming: autecology,",
      "geographic",
      "range, and the Holocene fossil record"
    ]
  },
  {
    "href": "https://books.google.com/books?hl=en&lr=&id=Wm-QDwAAQBAJ&oi=fnd&pg=PA281&dq=geo+prediction&ots=ClAaaQk4fQ&sig=14npwdCRg5yXtIyScXs4A14E_40",
    "id": "xYECrpu6D2YJ",
    "childNodes": [
      "Geo",
      "-spatial technology for landslide hazard zonation and",
      "prediction"
    ]
  },
  {
    "href": "https://www.sciencedirect.com/science/article/pii/S1671292708600061",
    "id": "ZquPIJeYktYJ",
    "childNodes": [
      "The potential",
      "geographic",
      "distribution of Radopholus similis in China"
    ]
  },
  {
    "href": "https://link.springer.com/article/10.1007/s10342-024-01706-9",
    "id": "kY_274oCClsJ",
    "childNodes": [
      "Predicting",
      "the impacts of climate change on the",
      "geographic",
      "distribution of moso bamboo in China based on biomod2 model"
    ]
  },
  {
    "href": "https://link.springer.com/article/10.1186/1471-2164-8-68",
    "id": "kzsiLVWF3r0J",
    "childNodes": [
      "Geography",
      "and genography:",
      "prediction",
      "of continental origin using randomly selected single nucleotide polymorphisms"
    ]
  }
]