[
  {
    "href": "https://www.sciencedirect.com/science/article/pii/S0360835224003899",
    "id": "eD7I1NY_o7MJ",
    "childNodes": [
      "Multimodal data fusion for",
      "geo",
      "-hazard",
      "prediction",
      "in underground mining operation"
    ]
  },
  {
    "href": "https://link.springer.com/article/10.1007/s10940-004-1785-4",
    "id": "g5scUmQL3Z0J",
    "childNodes": [
      "On the complexity and accuracy of",
      "geographic",
      "profiling strategies"
    ]
  },
  {
    "href": "https://www.cambridge.org/core/journals/paleobiology/article/prediction-of-sample-size-effects-on-the-measured-temporal-and-geographic-distribution-patterns-of-species/638DB605D8AE82CFD47E97B924B4FAC3",
    "id": "i8_hiEMD8ZIJ",
    "childNodes": [
      "Prediction",
      "of sample size effects on the measured temporal and",
      "geographic",
      "distribution patterns of species"
    ]
  },
  {
    "href": "https://link.springer.com/article/10.1007/BF02393838",
    "id": "KR8RP179z9wJ",
    "childNodes": [
      "A new method for",
      "predicting",
      "vegetation distributions using decision tree analysis in a",
      "geographic",
      "information system"
    ]
  },
  {
    "href": "https://link.springer.com/article/10.1007/s13762-024-05474-2",
    "id": "U7Ui6LuveY4J",
    "childNodes": [
      "Detection and",
      "prediction",
      "of drought by utilizing integrated",
      "geo",
      "-spatial and Markov approach in Balochistan, Pakistan"
    ]
  },
  {
    "href": "https://dl.acm.org/doi/abs/10.1145/2557642.2557647",
    "id": "m1EPERvlvYAJ",
    "childNodes": [
      "GTube:",
      "Geo",
      "-predictive video streaming over HTTP in mobile environments"
    ]
  },
  {
    "href": "https://www.sciencedirect.com/science/article/pii/S0273122397004812",
    "id": "i6nD4O9TvfYJ",
    "childNodes": [
      "A",
      "geo",
      "-referenced aquatic exposure",
      "prediction",
      "methodology for 'down-thedrain'chemicals"
    ]
  },
  {
    "href": "https://ieeexplore.ieee.org/abstract/document/5204168/",
    "id": "zMOzJxghdkYJ",
    "childNodes": [
      "Geo",
      "-location inference from image content and user tags"
    ]
  },
  {
    "href": "https://www.sciencedirect.com/science/article/pii/S0034425705000593",
    "id": "O7cUxvIy6ZcJ",
    "childNodes": [
      "Geographic",
      "variability in lidar",
      "predictions",
      "of forest stand structure in the Pacific Northwest"
    ]
  },
  {
    "href": "http://www.syxb-cps.com.cn/EN/Y2019/V40/I2/190",
    "id": "D7J4MY7PcwkJ",
    "childNodes": [
      "Application of variable-scale structure model on",
      "geo",
      "-statistics inversion reservoir",
      "prediction"
    ]
  }
]