[
  {
    "href": "https://onlinelibrary.wiley.com/doi/abs/10.1002/acp.1469",
    "id": "JqWWsOPP56sJ",
    "childNodes": [
      "The bounds of cognitive heuristic performance on the",
      "geographic",
      "profiling task"
    ]
  },
  {
    "href": "https://www.sciencedirect.com/science/article/pii/S0141938222001792",
    "id": "vv1lJGWQ6kcJ",
    "childNodes": [
      "A multi-level image alignment method for aerial image and road-based",
      "geo",
      "-parcel data"
    ]
  },
  {
    "href": "https://onlinelibrary.wiley.com/doi/abs/10.1002/(SICI)1097-0266(199909)20:9%3C867::AID-SMJ55%3E3.0.CO;2-6",
    "id": "NOB3to6qtQUJ",
    "childNodes": [
      "Explaining interfirm cooperation and performance: toward a reconciliation of",
      "predictions",
      "from the resource‐based view and organizational economics"
    ]
  },
  {
    "href": "https://rgs-ibg.onlinelibrary.wiley.com/doi/abs/10.1002/geo2.121",
    "id": "0MweUlRfwpUJ",
    "childNodes": [
      "Prediction",
      "of potential habitat suitability of snow leopard (",
      "I",
      ") and blue sheep (",
      "I",
      ") and niche overlap in the parts of western Himalayan …"
    ]
  },
  {
    "href": "https://www.sciencedirect.com/science/article/pii/S001670371100041X",
    "id": "Dsyfnz5diWAJ",
    "childNodes": [
      "U and Th content in the Central Apennines continental crust: A contribution to the determination of the",
      "geo",
      "-neutrinos flux at LNGS"
    ]
  },
  {
    "href": "https://onlinelibrary.wiley.com/doi/abs/10.1111/geb.12200",
    "id": "CR6GPf_QF-4J",
    "childNodes": [
      "Geographic",
      "variation in range size and beta diversity of groundwater crustaceans: insights from habitats with low thermal seasonality"
    ]
  },
  {
    "href": "https://www.sciencedirect.com/science/article/pii/S0094119083710429",
    "id": "KvBhHI4x6zMJ",
    "childNodes": [
      "Productivity gains from",
      "geographic",
      "concentration of human capital: evidence from the cities"
    ]
  },
  {
    "href": "https://www.tandfonline.com/doi/abs/10.1080/02723638.2013.778662",
    "id": "FnADojQ11b4J",
    "childNodes": [
      "A coregionalized model to",
      "predict",
      "housing prices"
    ]
  },
  {
    "href": "https://onlinelibrary.wiley.com/doi/abs/10.1111/joms.12430",
    "id": "rfZk2chM2cYJ",
    "childNodes": [
      "Attainment discrepancy and new",
      "geographic",
      "market entry: The moderating roles of vertical pay disparity and horizontal pay dispersion"
    ]
  },
  {
    "href": "https://journals.sagepub.com/doi/abs/10.1177/0309133315574659",
    "id": "9qdfpbqDKKUJ",
    "childNodes": [
      "Potential of remote sensing to",
      "predict",
      "species invasions: A modelling perspective"
    ]
  }
]