[
  {
    "href": "https://journals.plos.org/plosone/article?id=10.1371/journal.pone.0011892",
    "id": "M-Z-P1RK_c0J",
    "childNodes": [
      "Inferring",
      "geographic",
      "coordinates of origin for Europeans using small panels of ancestry informative markers"
    ]
  },
  {
    "href": "https://onepetro.org/SPEIE/proceedings-abstract/10IE/All-10IE/106708",
    "id": "Bt5LtSx0ZUEJ",
    "childNodes": [
      "Real time integration of ECD, temperature, well stability and",
      "geo",
      "/pore pressure simulations during drilling a challenging HPHT well"
    ]
  },
  {
    "href": "https://www.sciencedirect.com/science/article/pii/S1876380416301240",
    "id": "rnHGKcgN-YIJ",
    "childNodes": [
      "Shale gas sweet spot identification and precise",
      "geo",
      "-steering drilling in Weiyuan Block of Sichuan Basin, SW China"
    ]
  },
  {
    "href": "https://www.mdpi.com/2220-9964/11/5/318",
    "id": "2OixCChOpt0J",
    "childNodes": [
      "Organizational geosocial network: A graph machine learning approach integrating",
      "geographic",
      "and public policy information for studying the development of social …"
    ]
  },
  {
    "href": "https://ajph.aphapublications.org/doi/abs/10.2105/AJPH.89.6.893",
    "id": "H9rAqPenFx8J",
    "childNodes": [
      "Premature mortality in the United States: the roles of",
      "geographic",
      "area, socioeconomic status, household type, and availability of medical care."
    ]
  },
  {
    "href": "https://dl.acm.org/doi/abs/10.1145/2820783.2820837",
    "id": "GMwDxPgl7EcJ",
    "childNodes": [
      "Traffic",
      "prediction",
      "in a bike-sharing system"
    ]
  },
  {
    "href": "https://www.sciencedirect.com/science/article/pii/S0304401706004961",
    "id": "F_7nTdXyFScJ",
    "childNodes": [
      "Validation of a",
      "geographic",
      "information system model for mapping the risk of fasciolosis in cattle and buffaloes in Cambodia"
    ]
  },
  {
    "href": "https://onepetro.org/URTECONF/proceedings-abstract/15URTC/All-15URTC/151830",
    "id": "RKHNdD9KZTwJ",
    "childNodes": [
      "3-D hydraulic fracturing and reservoir flow modeling-key to the successful implementation of a",
      "geo",
      "-engineered completion optimization program in the Eagle Ford …"
    ]
  },
  {
    "href": "https://www.tandfonline.com/doi/abs/10.1080/1088937X.2016.1234518",
    "id": "sLchhfKR3MUJ",
    "childNodes": [
      "400",
      "predictions",
      ": The search sea ice outlook 2008–2015"
    ]
  },
  {
    "href": "https://www.mdpi.com/2071-1050/16/15/6285",
    "id": "fbS3D2qeqlMJ",
    "childNodes": [
      "Data-Driven Net-Zero Carbon Monitoring: Applications of",
      "Geographic",
      "Information Systems, Building Information Modelling, Remote Sensing, and Artificial …"
    ]
  }
]