[
  {
    "href": "https://link.springer.com/article/10.1007/bf00185159",
    "id": "nDfNU0muIC4J",
    "childNodes": [
      "Space in",
      "geography"
    ]
  },
  {
    "href": "https://www.sciencedirect.com/science/article/pii/S0003999398900338",
    "id": "OEoC-Yem5MAJ",
    "childNodes": [
      "Employment after spinal cord injury: differences related to",
      "geographic",
      "region, gender, and race"
    ]
  },
  {
    "href": "https://www.efmaefm.org/0EFMAMEETINGS/EFMA%20ANNUAL%20MEETINGS/2009-Milan/papers/EFMA2009_0488_fullpaper.pdf",
    "id": "dljJJR_W3PYJ",
    "childNodes": [
      "Do shareholders care about",
      "geography"
    ]
  },
  {
    "href": "https://www.yandy-ager.com/index.php/ager/article/view/574",
    "id": "kw5XsW2KgwgJ",
    "childNodes": [
      "Predicting",
      "adsorbed gas capacity of deep shales under high temperature and pressure: Experiments and modeling"
    ]
  },
  {
    "href": "https://agupubs.onlinelibrary.wiley.com/doi/abs/10.1029/2021JB023723",
    "id": "Ejur1p2fFWMJ",
    "childNodes": [
      "How Does CO",
      "SUB",
      "Adsorption Alter Coal Wettability? Implications for CO",
      "SUB",
      "",
      "Geo",
      "‐Sequestration"
    ]
  },
  {
    "href": "https://academic.oup.com/jme/article-abstract/46/3/680/861860",
    "id": "0L01FVUfws8J",
    "childNodes": [
      "Geographic",
      "distribution and ecology of potential malaria vectors in the Republic of Korea"
    ]
  },
  {
    "href": "https://www.degruyter.com/document/doi/10.1515/geo-2016-0010/html",
    "id": "_VoQ3KFEU3wJ",
    "childNodes": [
      "The spatial",
      "prediction",
      "of landslide susceptibility applying artificial neural network and logistic regression models: A case study of Inje, Korea"
    ]
  },
  {
    "href": "https://www.sciencedirect.com/science/article/pii/S1674987111001034",
    "id": "qfNiEB3wjg0J",
    "childNodes": [
      "Estimation of soil erosion risk within a small mountainous sub-watershed in Kerala, India, using Revised Universal Soil Loss Equation (RUSLE) and",
      "geo",
      "…"
    ]
  },
  {
    "href": "https://link.springer.com/article/10.1186/1471-2458-14-257",
    "id": "5H6F3D50KR4J",
    "childNodes": [
      "Spatial variations of pulmonary tuberculosis prevalence co-impacted by socio-economic and",
      "geographic",
      "factors in People's Republic of China, 2010"
    ]
  }
]