[
  {
    "href": "https://dl.acm.org/doi/abs/10.1145/2065023.2065039",
    "id": "niUJv9jnSNgJ",
    "childNodes": [
      "\" I'm eating a sandwich in Glasgow\" modeling locations with tweets"
    ]
  },
  {
    "href": "https://www.sciencedirect.com/science/article/pii/S1365160903000789",
    "id": "EbQc8sQjUl0J",
    "childNodes": [
      "A",
      "geo",
      "-engineering classification for rocks and rock masses"
    ]
  },
  {
    "href": "https://onlinelibrary.wiley.com/doi/abs/10.1111/geb.13191",
    "id": "X_EirvWiOagJ",
    "childNodes": [
      "Large",
      "geographic",
      "variability in the resistance of corals to thermal stress"
    ]
  },
  {
    "href": "https://cdnsciencepub.com/doi/abs/10.1139/z99-008",
    "id": "hRiS_8ONBEsJ",
    "childNodes": [
      "Variation in the echolocation calls of the hoary bat (",
      "I",
      "",
      "I",
      "): influence of body size, habitat structure, and",
      "geographic",
      "location"
    ]
  },
  {
    "href": "https://nph.onlinelibrary.wiley.com/doi/abs/10.1111/j.1469-8137.2004.01279.x",
    "id": "wG4vARA9VNAJ",
    "childNodes": [
      "Fine roots, arbuscular mycorrhizal hyphae and soil nutrients in four neotropical rain forests: patterns across large",
      "geographic",
      "distances"
    ]
  },
  {
    "href": "https://link.springer.com/article/10.1007/s10113-019-01489-5",
    "id": "k0nLl13XQKMJ",
    "childNodes": [
      "Past, present, and future",
      "geographic",
      "range of an oro-Mediterranean Tertiary relict: The",
      "I",
      "case study"
    ]
  },
  {
    "href": "https://www.asprs.org/wp-content/uploads/pers/1992journal/apr/1992_apr_455-563.pdf",
    "id": "RR05LIhKQkAJ",
    "childNodes": [
      "Shrub dieback in a semiarid ecosystem: the integration of remote sensing and",
      "geographic",
      "information systems for detecting vegetation change"
    ]
  },
  {
    "href": "https://academic.oup.com/evolut/article-abstract/69/9/2333/6852347",
    "id": "2IrMpbIbOFYJ",
    "childNodes": [
      "The",
      "geography",
      "of sex-specific selection, local adaptation, and sexual dimorphism"
    ]
  },
  {
    "href": "https://onlinelibrary.wiley.com/doi/abs/10.1034/j.1600-0560.2002.59.x",
    "id": "brvkJBy7FNoJ",
    "childNodes": [
      "Predicting",
      "patterns of mammography use: a",
      "geographic",
      "perspective on national needs for intervention research"
    ]
  },
  {
    "href": "https://besjournals.onlinelibrary.wiley.com/doi/abs/10.1111/2041-210X.12229",
    "id": "COi3QEje_FcJ",
    "childNodes": [
      "Contrasting assignment of migratory organisms to",
      "geographic",
      "origins using long‐term versus year‐specific precipitation isotope maps"
    ]
  }
]