[
  {
    "href": "https://www.sciencedirect.com/science/article/pii/S0167198720306395",
    "id": "akqc5GT8smgJ",
    "childNodes": [
      "Identification of",
      "geo",
      "-environmental factors on Benggang susceptibility and its spatial modelling using comparative data-driven methods"
    ]
  },
  {
    "href": "https://onlinelibrary.wiley.com/doi/abs/10.1111/geb.12333",
    "id": "J_vjXdj2vfIJ",
    "childNodes": [
      "Niche breadth and",
      "geographic",
      "range size as determinants of species survival on geological time scales"
    ]
  },
  {
    "href": "https://onlinelibrary.wiley.com/doi/abs/10.1111/j.1911-3846.2011.01147.x",
    "id": "oj3vCr0_UcgJ",
    "childNodes": [
      "Does information asymmetry matter to equity pricing? Evidence from firms'",
      "geographic",
      "location"
    ]
  },
  {
    "href": "https://onlinelibrary.wiley.com/doi/abs/10.1111/j.0033-0124.1986.00001.x",
    "id": "CR8mJU5cPQgJ",
    "childNodes": [
      "Artificial intelligence in",
      "geography",
      ": Conjectures on the shape of things to come"
    ]
  },
  {
    "href": "https://academic.oup.com/aob/article-abstract/113/3/453/2768916",
    "id": "QENNk_JSi0oJ",
    "childNodes": [
      "… rock fern",
      "I",
      ": combining distribution modelling and population genetics to study the effect of climate change on",
      "geographic",
      "range and genetic …"
    ]
  },
  {
    "href": "https://dl.acm.org/doi/abs/10.1145/2487575.2487576",
    "id": "ZhcCw0jezHAJ",
    "childNodes": [
      "Who, where, when and what: discover spatio-temporal topics for twitter users"
    ]
  },
  {
    "href": "https://link.springer.com/article/10.1007/s11069-017-2979-z",
    "id": "zT_WPtP8FQsJ",
    "childNodes": [
      "A",
      "geo",
      "-ontology-based approach to decision-making in emergency management of meteorological disasters"
    ]
  },
  {
    "href": "https://www.sciencedirect.com/science/article/pii/S0044848618317459",
    "id": "k2fmVQ7IAagJ",
    "childNodes": [
      "Isotopic and elemental profiling to trace the",
      "geographic",
      "origins of farmed and wild-caught Asian seabass (Lates calcarifer)"
    ]
  },
  {
    "href": "https://www.mdpi.com/2072-4292/14/11/2575",
    "id": "r4wRr2KxBS8J",
    "childNodes": [
      "Object tracking and",
      "geo",
      "-localization from street images"
    ]
  },
  {
    "href": "https://www.tandfonline.com/doi/abs/10.1080/15481603.2017.1302181",
    "id": "DFzMqJB3tZwJ",
    "childNodes": [
      "A comparison of",
      "geographic",
      "datasets and field measurements to model soil carbon using random forests and stepwise regressions (British Columbia, Canada)"
    ]
  }
]