[
  {
    "href": "https://dl.acm.org/doi/abs/10.1145/2396761.2398477",
    "id": "XHxJ2EGtTPwJ",
    "childNodes": [
      "gSCorr: Modeling",
      "geo",
      "-social correlations for new check-ins on location-based social networks"
    ]
  },
  {
    "href": "https://www.nature.com/articles/srep46221",
    "id": "jyD77hKMb2sJ",
    "childNodes": [
      "Prediction",
      "of the potential",
      "geographic",
      "distribution of the ectomycorrhizal mushroom",
      "I",
      "under multiple climate change scenarios"
    ]
  },
  {
    "href": "https://www.sciencedirect.com/science/article/pii/S0161642016302342",
    "id": "tr3mWhPTYiMJ",
    "childNodes": [
      "Fully automated",
      "prediction",
      "of",
      "geographic",
      "atrophy growth using quantitative spectral-domain optical coherence tomography biomarkers"
    ]
  },
  {
    "href": "https://www.sciencedirect.com/science/article/pii/S0143622813001665",
    "id": "vtGeGDVjgzgJ",
    "childNodes": [
      "Predicting geographic",
      "distribution and habitat suitability due to climate change of selected threatened forest tree species in the Philippines"
    ]
  },
  {
    "href": "https://www.tandfonline.com/doi/abs/10.1080/10106049.2020.1849413",
    "id": "gu83Cle4C0gJ",
    "childNodes": [
      "Risk assessment and",
      "prediction",
      "of forest health for effective",
      "geo",
      "-environmental planning and monitoring of mining affected forest area in hilltop region"
    ]
  },
  {
    "href": "https://link.springer.com/article/10.1007/s11433-015-5675-6",
    "id": "ZE3ohprEKU8J",
    "childNodes": [
      "Orbit determination and",
      "prediction",
      "for Beidou",
      "GEO",
      "satellites at the time of the spring/autumn equinox"
    ]
  },
  {
    "href": "https://www.mdpi.com/2071-1050/15/2/1416",
    "id": "nkp1pmC-SbQJ",
    "childNodes": [
      "Towards sustainable and livable cities: leveraging remote sensing, machine learning, and",
      "geo",
      "-information modelling to explore and",
      "predict",
      "thermal field variance in …"
    ]
  },
  {
    "href": "https://www.sciencedirect.com/science/article/pii/S004565352302739X",
    "id": "sgU7twA1DwgJ",
    "childNodes": [
      "Predicting",
      "wettability of mineral/CO2/brine systems via data-driven machine learning modeling: Implications for carbon",
      "geo",
      "-sequestration"
    ]
  },
  {
    "href": "https://agupubs.onlinelibrary.wiley.com/doi/abs/10.1002/2015SW001303",
    "id": "WD5kPYuQtDIJ",
    "childNodes": [
      "Comparative analysis of NOAA REFM and SNB",
      "SUP",
      "GEO",
      "tools for the forecast of the fluxes of high‐energy electrons at",
      "GEO"
    ]
  },
  {
    "href": "https://www.tandfonline.com/doi/abs/10.1080/09715010.2018.1495583",
    "id": "8x35RFxVOH8J",
    "childNodes": [
      "Evaluation of the support vector machine, random forest and",
      "geo",
      "-statistical methodologies for",
      "predicting",
      "long-term air temperature"
    ]
  }
]