[
  {
    "href": "https://www.tandfonline.com/doi/abs/10.1080/00103620802649294",
    "id": "7XyEujZXxQAJ",
    "childNodes": [
      "Prediction",
      "of Soil Properties with Field",
      "Geo",
      "‐electrical Probes"
    ]
  },
  {
    "href": "https://www.sciencedirect.com/science/article/pii/S2772375524003459",
    "id": "N2Edm3X_K20J",
    "childNodes": [
      "Enhancing soil total nitrogen",
      "prediction",
      "in rice fields using advanced",
      "Geo",
      "-AI integration of remote sensing data and environmental covariates"
    ]
  },
  {
    "href": "https://www.sciencedirect.com/science/article/pii/S1352231007003718",
    "id": "I9Kp7goit1YJ",
    "childNodes": [
      "Predicting",
      "residential indoor concentrations of nitrogen dioxide, fine particulate matter, and elemental carbon using questionnaire and",
      "geographic",
      "information system …"
    ]
  },
  {
    "href": "https://www.igj-iraq.org/igj/index.php/igj/article/view/1993",
    "id": "mFrGJhw9IdMJ",
    "childNodes": [
      "Prediction",
      "and Control of the MUSLE Method Results:",
      "Geo",
      "-Statistical Model"
    ]
  },
  {
    "href": "https://www.frontiersin.org/articles/10.3389/fimmu.2022.859693/full",
    "id": "NTF7wUOtLg0J",
    "childNodes": [
      "Immune-related genes for",
      "predicting",
      "future kidney graft loss: A study based on",
      "GEO",
      "database"
    ]
  },
  {
    "href": "https://onlinelibrary.wiley.com/doi/abs/10.1046/j.1365-2699.1998.252166.x",
    "id": "_7DG7Fu-stQJ",
    "childNodes": [
      "Water‐energy dynamics, climate, and",
      "prediction",
      "of woody plant species richness: an interim general model"
    ]
  },
  {
    "href": "https://journals.ametsoc.org/view/journals/mwre/140/12/mwr-d-11-00298.1.xml?tab_body=abstract-display",
    "id": "RVA-dpNtwywJ",
    "childNodes": [
      "Impact of",
      "geographic",
      "-dependent parameter optimization on climate estimation and",
      "prediction",
      ": simulation with an intermediate coupled model"
    ]
  },
  {
    "href": "https://onlinelibrary.wiley.com/doi/abs/10.1111/mec.14978",
    "id": "R84VUgAZjv8J",
    "childNodes": [
      "Current",
      "geography",
      "masks dynamic history of gene flow during speciation in northern Australian birds"
    ]
  },
  {
    "href": "https://onlinelibrary.wiley.com/doi/abs/10.1002/hyp.1177",
    "id": "A3zLCGqtG04J",
    "childNodes": [
      "Designing",
      "geo",
      "‐spatial interfaces to scale process models: The GeoWEPP approach"
    ]
  },
  {
    "href": "https://bsppjournals.onlinelibrary.wiley.com/doi/abs/10.1111/j.1365-3059.2010.02407.x",
    "id": "t6msZ7zUrH8J",
    "childNodes": [
      "Geographic",
      "distribution of plant pathogens in response to climate change"
    ]
  }
]