[
  {
    "href": "https://www.mdpi.com/2220-9964/10/8/555?utm_source=releaseissue&utm_medium=email&utm_campaign=releaseissue_ijgi&utm_term=doilink64&recipient=info.sigzine@gmail.com&subject=ISPRS%20Int.%20J.%20Geo-Inf.,%20Volume%2010,%20Issue%208%20(August%202021)%20Table%20of%20Contents&campaign=ReleaseIssue",
    "id": "hWck_MdUuj8J",
    "childNodes": [
      "Predicting",
      "User Activity Intensity Using",
      "Geographic",
      "Interactions Based on Social Media Check-In Data"
    ]
  },
  {
    "href": "https://agupubs.onlinelibrary.wiley.com/doi/abs/10.1002/2014JA019779",
    "id": "BRLCB4ssO4oJ",
    "childNodes": [
      "Electron number density, temperature, and energy density at",
      "GEO",
      "and links to the solar wind: A simple predictive capability"
    ]
  },
  {
    "href": "https://ojs.aaai.org/index.php/ICWSM/article/view/14442",
    "id": "bVEUJw6dEyUJ",
    "childNodes": [
      "Characterizing",
      "geographic",
      "variation in well-being using tweets"
    ]
  },
  {
    "href": "https://dl.acm.org/doi/abs/10.1145/3292500.3330884",
    "id": "odllCR0htScJ",
    "childNodes": [
      "Urban traffic",
      "prediction",
      "from spatio-temporal data using deep meta learning"
    ]
  },
  {
    "href": "https://besjournals.onlinelibrary.wiley.com/doi/abs/10.1111/1365-2656.12754",
    "id": "BbG9fuiW6v4J",
    "childNodes": [
      "Towards a",
      "geography",
      "of omnivory: Omnivores increase carnivory when sodium is limiting"
    ]
  },
  {
    "href": "https://link.springer.com/article/10.1007/s40948-023-00701-5",
    "id": "VlpVYT2knoAJ",
    "childNodes": [
      "Machine learning approach for the",
      "prediction",
      "of mining-induced stress in underground mines to mitigate ground control disasters and accidents"
    ]
  },
  {
    "href": "https://www.sciencedirect.com/science/article/pii/0037073888900565",
    "id": "YSjTR717-0wJ",
    "childNodes": [
      "Wind directions",
      "predicted",
      "from global circulation models and wind directions determined from eolian sandstones of the western United States—A comparison"
    ]
  },
  {
    "href": "https://link.springer.com/chapter/10.1007/978-3-030-62005-9_12",
    "id": "Z4sgzRHqniYJ",
    "childNodes": [
      "Modeling implicit communities from",
      "geo",
      "-tagged event traces using spatio-temporal point processes"
    ]
  },
  {
    "href": "https://www.researchsquare.com/article/rs-2827820/latest",
    "id": "eVgzYvlAtb8J",
    "childNodes": [
      "Prediction",
      "of recently occurred soil erosion by integrating revised universal soil loss equation (RUSLE) with",
      "geo",
      "-spatial techniques-A case study on Pettimudi hills …"
    ]
  },
  {
    "href": "https://esajournals.onlinelibrary.wiley.com/doi/abs/10.1890/12-2235.1",
    "id": "RIHBUUEUIXMJ",
    "childNodes": [
      "How climate extremes—not means—define a species'",
      "geographic",
      "range boundary via a demographic tipping point"
    ]
  }
]