[
  {
    "href": "https://link.springer.com/article/10.1186/1476-072X-7-54",
    "id": "FcYmxG0naD4J",
    "childNodes": [
      "Geographic",
      "distribution and ecological niche of plague in sub-Saharan Africa"
    ]
  },
  {
    "href": "https://link.springer.com/article/10.1007/s40808-015-0034-1",
    "id": "ZE3e3hUO0VEJ",
    "childNodes": [
      "Soil erosion risk assessment in Sanjal watershed, Jharkhand (India) using",
      "geo",
      "-informatics, RUSLE model and TRMM data"
    ]
  },
  {
    "href": "https://link.springer.com/article/10.1007/s10618-014-0343-4",
    "id": "8N4dg96D9g8J",
    "childNodes": [
      "Addressing the cold-start problem in location recommendation using",
      "geo",
      "-social correlations"
    ]
  },
  {
    "href": "https://www.spandidos-publications.com/10.3892/or.2024.8694",
    "id": "2_lRABK3uhAJ",
    "childNodes": [
      "CDC6 may serve as an indicator of lung adenocarcinoma prognosis and progression based on TCGA and",
      "GEO",
      "data mining and experimental analyses"
    ]
  },
  {
    "href": "https://onlinelibrary.wiley.com/doi/abs/10.1002/ece3.4195",
    "id": "qkwbtuHQsqEJ",
    "childNodes": [
      "Untargeted metabolic profiling reveals",
      "geography",
      "as the strongest",
      "predictor",
      "of metabolic phenotypes of a cosmopolitan weed"
    ]
  },
  {
    "href": "https://www.sciencedirect.com/science/article/pii/S1474034619305853",
    "id": "52z_XEo9CkgJ",
    "childNodes": [
      "Improvement of transportation cost estimation for prefabricated construction using",
      "geo",
      "-fence-based large-scale GPS data feature extraction and support vector …"
    ]
  },
  {
    "href": "https://www.aimspress.com/article/id/658d2ca2ba35de4cce31c9d4",
    "id": "G_-3lDrlcRkJ",
    "childNodes": [
      "Decision tree models for the estimation of",
      "geo",
      "-polymer concrete compressive strength"
    ]
  },
  {
    "href": "https://arxiv.org/abs/2002.02367",
    "id": "zdbR_DyNh7QJ",
    "childNodes": [
      "Geo",
      "-information system of spread of tuberculosis based on inversion and",
      "prediction"
    ]
  },
  {
    "href": "https://www.sciencedirect.com/science/article/pii/S1309104224000722",
    "id": "SjsjUcSgsrcJ",
    "childNodes": [
      "Forecasting urban air pollution using multi-site spatiotemporal data fusion method (",
      "Geo",
      "-BiLSTMA)"
    ]
  },
  {
    "href": "https://iopscience.iop.org/article/10.1088/1674-1137/40/3/033003/meta",
    "id": "rhvJLe2ZTPkJ",
    "childNodes": [
      "Potential of",
      "geo",
      "-neutrino measurements at JUNO"
    ]
  }
]