[
  {
    "href": "https://www.sciencedirect.com/science/article/pii/S0143622811001305",
    "id": "g7gpwK0K-0UJ",
    "childNodes": [
      "Predicting",
      "plausible impacts of sets of climate and land use change scenarios on water resources"
    ]
  },
  {
    "href": "https://www.nature.com/articles/s41558-021-01068-9",
    "id": "yxI4wgKxgsIJ",
    "childNodes": [
      "Global patterns of",
      "geo",
      "-ecological controls on the response of soil respiration to warming"
    ]
  },
  {
    "href": "https://pmc.ncbi.nlm.nih.gov/articles/PMC1205530/",
    "id": "eLNJM38ysDUJ",
    "childNodes": [
      "Empirical tests of some",
      "predictions",
      "from coalescent theory with applications to intraspecific phylogeny reconstruction"
    ]
  },
  {
    "href": "http://www.scb.se/contentassets/ca21efb41fee47d293bbee5bf7be7fb3/using-a-geographic-segmentation-to-understand-predict-and-plan-for-census-and-survey-mail-nonresponse.pdf",
    "id": "OGKgvX71wdMJ",
    "childNodes": [
      "Using a",
      "geographic",
      "segmentation to understand,",
      "predict",
      ", and plan for census and survey mail nonresponse"
    ]
  },
  {
    "href": "https://ojs.aaai.org/index.php/AAAI/article/view/21463",
    "id": "ZY-VYmZL1esJ",
    "childNodes": [
      "Deviancenet: Learning to",
      "predict",
      "deviance from a large-scale",
      "geo",
      "-tagged dataset"
    ]
  },
  {
    "href": "https://www.sciencedirect.com/science/article/pii/S0045653597000489",
    "id": "M_NeCy19uKIJ",
    "childNodes": [
      "Development of a",
      "geography",
      "-referenced regional exposure assessment tool for European rivers-GREAT-ER contribution to GREAT-ER# 1"
    ]
  },
  {
    "href": "https://openaccess.thecvf.com/content/ICCV2023/html/Trivigno_DivideClassify_Fine-Grained_Classification_for_City-Wide_Visual_Geo-Localization_ICCV_2023_paper.html",
    "id": "uYM0vCy4dpMJ",
    "childNodes": [
      "Divide&classify: Fine-grained classification for city-wide visual",
      "geo",
      "-localization"
    ]
  },
  {
    "href": "https://dl.acm.org/doi/abs/10.1145/3474717.3488383",
    "id": "3MgqytYM7AEJ",
    "childNodes": [
      "Geo",
      "-attention network for traffic condition",
      "prediction",
      "and travel time estimation"
    ]
  },
  {
    "href": "https://dl.acm.org/doi/abs/10.1145/3316615.3316640",
    "id": "aA9oIBt1_y0J",
    "childNodes": [
      "Geo",
      "-spatial-based emotions: A mechanism for event detection in microblogs"
    ]
  },
  {
    "href": "https://www.e3s-conferences.org/articles/e3sconf/abs/2020/65/e3sconf_icegt2020_04001/e3sconf_icegt2020_04001.html",
    "id": "4TpW6TsOp_EJ",
    "childNodes": [
      "Predicting",
      "the effective thermal conductivity of",
      "geo",
      "-materials using artificial neural networks"
    ]
  }
]