[
  {
    "href": "https://www.sciencedirect.com/science/article/pii/S0048969718329607",
    "id": "Zb1_NvlGDVsJ",
    "childNodes": [
      "Predicting",
      "the impacts of climate change, soils and vegetation types on the",
      "geographic",
      "distribution of Polyporus umbellatus in China"
    ]
  },
  {
    "href": "https://journals.healio.com/doi/abs/10.3928/23258160-20130715-06",
    "id": "n70Stpz9W1cJ",
    "childNodes": [
      "Predicting",
      "the progression of",
      "geographic",
      "atrophy in age-related macular degeneration with SD-OCT en face imaging of the outer retina"
    ]
  },
  {
    "href": "https://www.mdpi.com/2227-7390/11/4/969",
    "id": "CAGAngBxZc4J",
    "childNodes": [
      "Geo",
      "-spatial mapping of hate speech",
      "prediction",
      "in roman urdu"
    ]
  },
  {
    "href": "https://link.springer.com/article/10.1007/s40948-016-0046-y",
    "id": "csG-Ih9g9nwJ",
    "childNodes": [
      "Geo",
      "-disaster",
      "prediction",
      "with double-block mechanics based on Newton force measurement"
    ]
  },
  {
    "href": "https://onlinelibrary.wiley.com/doi/abs/10.1111/j.1365-2486.2008.01649.x",
    "id": "xWXj7ZJAc-EJ",
    "childNodes": [
      "Variability in 20th century climate change reconstructions and its consequences for",
      "predicting geographic",
      "responses of California mammals"
    ]
  },
  {
    "href": "https://www.tandfonline.com/doi/abs/10.1080/13658816.2018.1427754",
    "id": "r67kRzXbyawJ",
    "childNodes": [
      "Geographic",
      "space as a living structure for",
      "predicting",
      "human activities using big data"
    ]
  },
  {
    "href": "https://link.springer.com/article/10.1134/S1061830918050091",
    "id": "ZfQadQ7LNioJ",
    "childNodes": [
      "Ultrasonic velocity as a tool for physical and mechanical parameters",
      "prediction",
      "within",
      "geo",
      "-materials: Application on cement mortar"
    ]
  },
  {
    "href": "https://www.sciencedirect.com/science/article/pii/S0001457524002926",
    "id": "nw9D01LuCEwJ",
    "childNodes": [
      "A novel framework for crash frequency",
      "prediction",
      ":",
      "Geographic",
      "support vector regression based on agent-based activity models in Greater Melbourne"
    ]
  },
  {
    "href": "https://www.sciencedirect.com/science/article/pii/S0161642008002777",
    "id": "1HLG0XQn5owJ",
    "childNodes": [
      "Low luminance visual dysfunction as a",
      "predictor",
      "of subsequent visual acuity loss from",
      "geographic",
      "atrophy in age-related macular degeneration"
    ]
  }
]