[
  {
    "href": "https://www.jstor.org/stable/1385458",
    "id": "IM9aotsJ0CUJ",
    "childNodes": [
      "Geographic",
      "mobility, social integration, and church attendance"
    ]
  },
  {
    "href": "https://conbio.onlinelibrary.wiley.com/doi/abs/10.1111/cobi.12440",
    "id": "OKTDenx_-vsJ",
    "childNodes": [
      "Geographic",
      "range size and extinction risk assessment in nomadic species"
    ]
  },
  {
    "href": "http://wfs.swst.org/index.php/wfs/article/view/277",
    "id": "DFfAl8LqpBcJ",
    "childNodes": [
      "Geographic",
      "variation in wood specific gravity: effects of latitude, temperature, and precipitation"
    ]
  },
  {
    "href": "https://link.springer.com/article/10.1007/s00248-013-0324-y",
    "id": "nqyi_Ag5j4UJ",
    "childNodes": [
      "Fungal endophytes of aquatic macrophytes: diverse host-generalists characterized by tissue preferences and",
      "geographic",
      "structure"
    ]
  },
  {
    "href": "https://www.sciencedirect.com/science/article/pii/027795368390014X",
    "id": "DKN_7OZR3f4J",
    "childNodes": [
      "The role of spatial analysis and",
      "geographic",
      "data in the detection of disease causation"
    ]
  },
  {
    "href": "https://www.journals.uchicago.edu/doi/abs/10.1086/603614",
    "id": "W4JCNpoSwz4J",
    "childNodes": [
      "Quaternary climate change and the",
      "geographic",
      "ranges of mammals"
    ]
  },
  {
    "href": "https://ebooks.iospress.nl/doi/10.3233/978-1-61499-656-9-2809",
    "id": "R-Mw0hSHTngJ",
    "childNodes": [
      "The synergy between theory and practice in",
      "geo",
      "-engineering"
    ]
  },
  {
    "href": "http://sjdz.jlu.edu.cn/EN/abstract/abstract8920.shtml",
    "id": "dJXVrXOPKn4J",
    "childNodes": [
      "Application of",
      "geo",
      "-electrochemical integrated technique in prospecting",
      "prediction",
      "in Lunshan gold deposit, Jiangsu"
    ]
  },
  {
    "href": "http://www.gcdz.org/en/article/id/9868",
    "id": "7r-L8lY70OQJ",
    "childNodes": [
      "Theory and method for",
      "prediction",
      "of regional",
      "geo",
      "-hazards"
    ]
  }
]