[
  {
    "href": "https://link.springer.com/article/10.1007/s00442-004-1607-2",
    "id": "ewY4h7oj8lQJ",
    "childNodes": [
      "Energy gradients and the",
      "geographic",
      "distribution of local ant diversity"
    ]
  },
  {
    "href": "https://onlinelibrary.wiley.com/doi/abs/10.1111/1748-5967.12049",
    "id": "au9b_pRXk2sJ",
    "childNodes": [
      "Predicting",
      "the potential",
      "geographic",
      "distribution of",
      "I",
      "in Korea, using the CLIMEX model"
    ]
  },
  {
    "href": "https://www.sciencedirect.com/science/article/pii/S0006320704004409",
    "id": "VV2HGoC1al0J",
    "childNodes": [
      "Geographic",
      "information system (GIS)",
      "predictions",
      "of past, present habitat distribution and areas for re-introduction of the endangered subtropical rainforest shrub …"
    ]
  },
  {
    "href": "https://www.mdpi.com/2220-9964/8/6/254",
    "id": "XFsIc3Wq-WAJ",
    "childNodes": [
      "Knowledge embedding with geospatial distance restriction for",
      "geographic",
      "knowledge graph completion"
    ]
  },
  {
    "href": "https://academic.oup.com/evolut/article-abstract/56/10/2067/6756102",
    "id": "GFlygVM2LfcJ",
    "childNodes": [
      "The evolutionary response of predators to dangerous prey: hotspots and coldspots in the",
      "geographic",
      "mosaic of coevolution between garter snakes and newts"
    ]
  },
  {
    "href": "https://www.sciencedirect.com/science/article/pii/S0002914917316156",
    "id": "1vYCHsr2TmkJ",
    "childNodes": [
      "Usefulness of the American Heart Association's Life Simple 7 to",
      "predict",
      "the risk of atrial fibrillation (from the REasons for",
      "Geographic",
      "And Racial Differences in Stroke …"
    ]
  },
  {
    "href": "https://www.tandfonline.com/doi/abs/10.1080/24694452.2019.1694403",
    "id": "K3elRdn-5uEJ",
    "childNodes": [
      "Understanding place characteristics in",
      "geographic",
      "contexts through graph convolutional neural networks"
    ]
  },
  {
    "href": "https://www.ingentaconnect.com/content/tcsae/tcsae/2009/00000025/00000003/art00029",
    "id": "LTG9ikw_-qMJ",
    "childNodes": [
      "Quantitative",
      "prediction",
      "of soil organic matter content using hyper spectral remote sensing and",
      "geo",
      "-statistics"
    ]
  },
  {
    "href": "https://www.sciencedirect.com/science/article/pii/S8756328208003128",
    "id": "mnvgfFNYcnoJ",
    "childNodes": [
      "Geographic",
      "variation of bone mineral density and selected risk factors for",
      "prediction",
      "of incident fracture among Canadians 50 and older"
    ]
  }
]