[
  {
    "href": "https://www.sciencedirect.com/science/article/pii/S0968090X0000005X",
    "id": "UyMMuUicmYYJ",
    "childNodes": [
      "Modeling regional mobile source emissions in a",
      "geographic",
      "information system framework"
    ]
  },
  {
    "href": "https://dl.acm.org/doi/abs/10.1145/1999995.2000010",
    "id": "v9ydBthP3_EJ",
    "childNodes": [
      "Indoor location sensing using",
      "geo",
      "-magnetism"
    ]
  },
  {
    "href": "https://www.mdpi.com/2220-9964/8/12/556",
    "id": "QVQsJXQost4J",
    "childNodes": [
      "Geo",
      "-tagged photo metadata processing method for Beijing inbound tourism flow"
    ]
  },
  {
    "href": "https://www.academia.edu/download/6242527/393_400.pdf",
    "id": "FIBmINdPbm4J",
    "childNodes": [
      "Ecological niche modelling and understanding the",
      "geography",
      "of disease transmission"
    ]
  },
  {
    "href": "https://www.sciencedirect.com/science/article/pii/S0198971518302928",
    "id": "0jYKfhywvtEJ",
    "childNodes": [
      "Artificial neural networks and deep learning in urban",
      "geography",
      ": A systematic review and meta-analysis"
    ]
  },
  {
    "href": "https://link.springer.com/chapter/10.1007/978-3-319-56469-2_11",
    "id": "bn6ZeftxR28J",
    "childNodes": [
      "Application of classification and regression trees for spatial",
      "prediction",
      "of rainfall-induced shallow landslides in the Uttarakhand area (India) using GIS"
    ]
  },
  {
    "href": "https://academic.oup.com/nar/article-abstract/38/suppl_2/W214/1126704",
    "id": "w_yLKAk0j5YJ",
    "childNodes": [
      "The GeneMANIA",
      "prediction",
      "server: biological network integration for gene prioritization and",
      "predicting",
      "gene function"
    ]
  },
  {
    "href": "https://www.sciencedirect.com/science/article/pii/S1755436517301196",
    "id": "N6ejz-EcRqYJ",
    "childNodes": [
      "Geographic",
      "transmission hubs of the 2009 influenza pandemic in the United States"
    ]
  },
  {
    "href": "https://www.ncbi.nlm.nih.gov/pmc/articles/PMC3205629/",
    "id": "SkOHRMQREwAJ",
    "childNodes": [
      "Current knowledge of Leishmania vectors in Mexico: how",
      "geographic",
      "distributions of species relate to transmission areas"
    ]
  },
  {
    "href": "https://books.google.com/books?hl=en&lr=&id=YQlS59Pv35oC&oi=fnd&pg=PA1&dq=geo+prediction&ots=ug9paTz1ex&sig=RqUTeH1okV9KbDrtc3PzLVh_JHg",
    "id": "07ZFEz0ap3cJ",
    "childNodes": [
      "Geographic",
      "profiling"
    ]
  }
]