[
  {
    "href": "https://link.springer.com/article/10.1007/s40948-021-00282-1",
    "id": "w6oQBAemCLUJ",
    "childNodes": [
      "An analytical model for",
      "predicting",
      "the mechanical behavior of a deep lined circular pressure tunnel by using complex variable method"
    ]
  },
  {
    "href": "https://onlinelibrary.wiley.com/doi/abs/10.1002/ajpa.20993",
    "id": "cq7IOVNEtlkJ",
    "childNodes": [
      "Environmental and",
      "geographic",
      "correlates of the taxonomic structure of primate communities"
    ]
  },
  {
    "href": "https://www.nature.com/articles/nclimate2497",
    "id": "Ma3-ixExNJAJ",
    "childNodes": [
      "Geographic",
      "range predicts photosynthetic and growth response to warming in co-occurring tree species"
    ]
  },
  {
    "href": "https://repository.lsu.edu/gradschool_dissertations/2425/",
    "id": "8cVzYgs5fTMJ",
    "childNodes": [
      "Evaluating the spatial ecology of anthrax in North America: Examining epidemiological components across multiple",
      "geographic",
      "scales using a GIS-based approach"
    ]
  },
  {
    "href": "https://www.pnas.org/doi/abs/10.1073/pnas.1304074110",
    "id": "jz7yVfSDGjgJ",
    "childNodes": [
      "Adult and larval traits as determinants of",
      "geographic",
      "range size among tropical reef fishes"
    ]
  },
  {
    "href": "https://heinonline.org/hol-cgi-bin/get_pdf.cgi?handle=hein.journals/gwlr81&section=6",
    "id": "C341dTLIH20J",
    "childNodes": [
      "Race,",
      "prediction",
      ", and discretion"
    ]
  },
  {
    "href": "https://www.sciencedirect.com/science/article/pii/S0048969724042311",
    "id": "47x_9SDYh2IJ",
    "childNodes": [
      "Geographic",
      "conditions impact the relationship between plant phenology and phylogeny"
    ]
  },
  {
    "href": "https://link.springer.com/article/10.1186/s13071-015-0761-1",
    "id": "wWlY_bUQoowJ",
    "childNodes": [
      "Modelling the potential",
      "geographic",
      "distribution of triatomines infected by",
      "I",
      "in the southern cone of South America"
    ]
  },
  {
    "href": "https://onlinelibrary.wiley.com/doi/abs/10.1111/j.1365-2486.2010.02166.x",
    "id": "1EjDQvkNp2cJ",
    "childNodes": [
      "Geographic",
      "variation in growth response of Douglas‐fir to interannual climate variability and projected climate change"
    ]
  },
  {
    "href": "https://www.ncbi.nlm.nih.gov/pmc/articles/PMC3836237/",
    "id": "_PxjprvxPsAJ",
    "childNodes": [
      "Geographic",
      "distribution of human immunodeficiency virus in South Africa"
    ]
  }
]