[
  {
    "href": "https://dl.acm.org/doi/abs/10.1145/1653771.1653816",
    "id": "nOiC4JqeMeUJ",
    "childNodes": [
      "REG^ 2: a regional regression framework for",
      "geo",
      "-referenced datasets"
    ]
  },
  {
    "href": "https://www.sciencedirect.com/science/article/pii/S1389128618302597",
    "id": "-_ttZfUKNlEJ",
    "childNodes": [
      "PGRP: Predictive",
      "geographic",
      "routing protocol for VANETs"
    ]
  },
  {
    "href": "https://www.sciencedirect.com/science/article/pii/S0301479722027475",
    "id": "4bcyZMNChIEJ",
    "childNodes": [
      "Machine-learning approaches in",
      "geo",
      "-environmental engineering: Exploring smart solid waste management"
    ]
  },
  {
    "href": "https://www.liebertpub.com/doi/abs/10.1089/vbz.2012.1238",
    "id": "7ybni7NCaN0J",
    "childNodes": [
      "Lymphatic filariasis transmission risk map of India, based on a",
      "geo",
      "-environmental risk model"
    ]
  },
  {
    "href": "https://dl.acm.org/doi/abs/10.1145/1367497.1367532",
    "id": "l3xNRHJDSl0J",
    "childNodes": [
      "Learning transportation mode from raw gps data for",
      "geographic",
      "applications on the web"
    ]
  },
  {
    "href": "https://www.sciencedirect.com/science/article/pii/S1617138111000422",
    "id": "fq--0CV_muIJ",
    "childNodes": [
      "The importance of defining the",
      "geographic",
      "distribution of species for conservation: The case of the Bearded Wood-Partridge"
    ]
  },
  {
    "href": "https://ieeexplore.ieee.org/abstract/document/9899733/",
    "id": "7QVvygdJi24J",
    "childNodes": [
      "A survey on machine learning for",
      "geo",
      "-distributed cloud data center management"
    ]
  },
  {
    "href": "https://ieeexplore.ieee.org/abstract/document/1313294/",
    "id": "HiYG2DZ7UaQJ",
    "childNodes": [
      "Predictive bandwidth control for",
      "GEO",
      "satellite networks"
    ]
  },
  {
    "href": "https://heinonline.org/hol-cgi-bin/get_pdf.cgi?handle=hein.journals/geoimlj14&section=21",
    "id": "3OSvKCaw2IIJ",
    "childNodes": [
      "Is There a Plenary Power Doctrine-A Tentative Apology and",
      "Prediction",
      "for Our Strange but Unexceptional Constitutional Immigration Law"
    ]
  },
  {
    "href": "https://www.tandfonline.com/doi/pdf/10.1080/00045605309352114",
    "id": "xqbXHu8TWaYJ",
    "childNodes": [
      "Exceptionalism in",
      "geography",
      ": A methodological examination"
    ]
  }
]