[
  {
    "href": "https://meridian.allenpress.com/jwd/article-abstract/48/2/335/74230",
    "id": "IcxB4II-B3kJ",
    "childNodes": [
      "Ecology and",
      "geography",
      "of human monkeypox case occurrences across Africa"
    ]
  },
  {
    "href": "https://acsess.onlinelibrary.wiley.com/doi/abs/10.2135/cropsci2010.12.0717",
    "id": "d9fuaPGqsUQJ",
    "childNodes": [
      "Predictive association between biotic stress traits and eco‐",
      "geographic",
      "data for wheat and barley landraces"
    ]
  },
  {
    "href": "https://www.nature.com/articles/s41591-018-0210-8",
    "id": "duii2JVKiZAJ",
    "childNodes": [
      "The influence of ethnicity and",
      "geography",
      "on human gut microbiome composition"
    ]
  },
  {
    "href": "https://www.scielo.br/j/bjb/a/n8ZtCsbBQ9MNxdS77SZ9sBr/?lang=en&format=html",
    "id": "mTM0C1A9UJsJ",
    "childNodes": [
      "How many studies are necessary to compare niche-based models for",
      "geographic",
      "distributions? Inductive reasoning may fail at the end"
    ]
  },
  {
    "href": "https://www.liebertpub.com/doi/abs/10.1089/vbz.2006.6.73",
    "id": "TQPsViiO7HUJ",
    "childNodes": [
      "Factors affecting the",
      "geographic",
      "distribution of West Nile virus in Georgia, USA: 2002–2004"
    ]
  },
  {
    "href": "https://onlinelibrary.wiley.com/doi/abs/10.1034/j.1600-0587.2002.250504.x",
    "id": "LqZh71mN4vAJ",
    "childNodes": [
      "Geographic",
      "range, turnover rate and the scaling of species diversity"
    ]
  },
  {
    "href": "https://www.scientific.net/KEM.500.428",
    "id": "qnshRG7op1wJ",
    "childNodes": [
      "3D visual technology of",
      "geo",
      "-deformation disasters induced by mining subsidence based on ArcGIS engine"
    ]
  },
  {
    "href": "https://pubs.rsc.org/en/content/articlehtml/2014/tc/c4tc01159g",
    "id": "lCauIV2Tsn4J",
    "childNodes": [
      "Precise frequency shift of NIR luminescence from bismuth-doped Ta 2 O 5–",
      "GeO",
      "2 glass via composition modulation"
    ]
  },
  {
    "href": "https://link.springer.com/article/10.1007/s40295-022-00343-x",
    "id": "XMgy-uxE7REJ",
    "childNodes": [
      "Improving orbital uncertainty realism through covariance determination in",
      "geo"
    ]
  },
  {
    "href": "https://journals.sagepub.com/doi/abs/10.1177/0309133317738162",
    "id": "2_vzpuy7ywsJ",
    "childNodes": [
      "Soil factors improve",
      "predictions",
      "of plant species distribution in a mountain environment"
    ]
  }
]