[
  {
    "href": "https://academic.oup.com/jme/article-abstract/43/2/382/1063269",
    "id": "aC5prbndCTgJ",
    "childNodes": [
      "Use of Remote Sensing and",
      "Geographic",
      "Information Systems to",
      "Predict",
      "Locations of",
      "I",
      "-Positive Breeding Sites Within the Sibun River in Belize …"
    ]
  },
  {
    "href": "https://link.springer.com/chapter/10.1007/978-3-319-24078-7_15",
    "id": "VLBPYPmrPoAJ",
    "childNodes": [
      "Power of tags:",
      "Predicting",
      "popularity of social media in",
      "geo",
      "-spatial and temporal contexts"
    ]
  },
  {
    "href": "https://www.sciencedirect.com/science/article/pii/S0198971509000817",
    "id": "RBcBcdC_lIMJ",
    "childNodes": [
      "Spatial data mining and",
      "geographic",
      "knowledge discovery—An introduction"
    ]
  },
  {
    "href": "https://onlinelibrary.wiley.com/doi/abs/10.1111/j.1366-9516.2004.00097.x",
    "id": "X0n-uzgS_OsJ",
    "childNodes": [
      "Reconstructing the Pleistocene",
      "geography",
      "of the Aphelocoma jays (Corvidae)"
    ]
  },
  {
    "href": "https://www.nature.com/articles/ncomms13603",
    "id": "7mrfJHhzNv4J",
    "childNodes": [
      "Estimating the volume and age of water stored in global lakes using a",
      "geo",
      "-statistical approach"
    ]
  },
  {
    "href": "https://www.mdpi.com/2072-4292/14/11/2627",
    "id": "KwLbJ_YdDAIJ",
    "childNodes": [
      "Orbit determination for all-electric",
      "GEO",
      "satellites based on space-borne GNSS measurements"
    ]
  },
  {
    "href": "https://link.springer.com/article/10.1007/s10916-016-0545-y",
    "id": "v-KrhAmrmz8J",
    "childNodes": [
      "Regional level influenza study with",
      "geo",
      "-tagged Twitter data"
    ]
  },
  {
    "href": "https://ieeexplore.ieee.org/abstract/document/6766261/",
    "id": "7Lsq963eCBwJ",
    "childNodes": [
      "Scaling social media applications into",
      "geo",
      "-distributed clouds"
    ]
  },
  {
    "href": "https://link.springer.com/article/10.1007/s10592-009-0014-y",
    "id": "E3847jnDKB4J",
    "childNodes": [
      "Ecological metrics",
      "predict",
      "connectivity better than",
      "geographic",
      "distance"
    ]
  },
  {
    "href": "https://www.sciencedirect.com/science/article/pii/S0143622898000393",
    "id": "g98h8Go4HPIJ",
    "childNodes": [
      "An application of artificial neural networks to the",
      "prediction",
      "of surface ozone concentrations in the United Kingdom"
    ]
  }
]