[
  {
    "href": "https://popcenter.asu.edu/sites/default/files/library/crimeprevention/volume_11/10-Rengert.pdf",
    "id": "L2E_xzF29jAJ",
    "childNodes": [
      "A",
      "geographic",
      "analysis of illegal drug markets"
    ]
  },
  {
    "href": "https://arxiv.org/abs/2110.09795",
    "id": "VZEnvkaKnAgJ",
    "childNodes": [
      "Geo",
      "-defakehop: High-performance",
      "geographic",
      "fake image detection"
    ]
  },
  {
    "href": "https://ieeexplore.ieee.org/abstract/document/8999713/",
    "id": "RLvWPI7vw1wJ",
    "childNodes": [
      "Aerial",
      "geo",
      "-localisation for mavs using posenet"
    ]
  },
  {
    "href": "https://journals.plos.org/plosone/article?id=10.1371/journal.pone.0226461",
    "id": "h4FHkZgs9E8J",
    "childNodes": [
      "Predicting",
      "cancer origins with a DNA methylation-based deep neural network model"
    ]
  },
  {
    "href": "https://nsojournals.onlinelibrary.wiley.com/doi/abs/10.1111/j.2006.0906-7590.04596.x",
    "id": "Ew9DmCJQOE0J",
    "childNodes": [
      "Novel methods improve",
      "prediction",
      "of species' distributions from occurrence data"
    ]
  },
  {
    "href": "https://www.liebertpub.com/doi/abs/10.1089/vbz.2006.0562",
    "id": "Gz4IaX0aezoJ",
    "childNodes": [
      "Spread of The Tiger: Global Risk of Invasion by The Mosquito",
      "I"
    ]
  },
  {
    "href": "https://www.sciencedirect.com/science/article/pii/S0360319924031823",
    "id": "xzzzqNuZAokJ",
    "childNodes": [
      "Assessment of mineral compositions on",
      "geo",
      "-mechanical time dependent plastic creep deformation"
    ]
  },
  {
    "href": "https://link.springer.com/article/10.1007/s40948-022-00468-1",
    "id": "VlySRByU2N4J",
    "childNodes": [
      "An approach for",
      "predicting",
      "geothermal reservoirs distribution using wavelet transform and self-organizing neural network: a case study of radon and CSAMT data from …"
    ]
  },
  {
    "href": "https://journals.sagepub.com/doi/abs/10.1177/0308518x16665844",
    "id": "-HmGmCieFpIJ",
    "childNodes": [
      "Voting out of the European Union: Exploring the",
      "geography",
      "of Leave"
    ]
  },
  {
    "href": "https://ager.yandypress.com/index.php/2207-9963/article/view/381",
    "id": "xM7cJso5bkUJ",
    "childNodes": [
      "Novel Transformer-based deep neural network for the",
      "prediction",
      "of post-refracturing production from oil wells"
    ]
  }
]