[
  {
    "href": "https://www.sciencedirect.com/science/article/pii/S0168169915004007",
    "id": "k__BYCzka7YJ",
    "childNodes": [
      "Partial least square with discriminant analysis and near infrared spectroscopy for evaluation of",
      "geographic",
      "and genotypic origin of arabica coffee"
    ]
  },
  {
    "href": "https://www.sciencedirect.com/science/article/pii/S0160412024001065",
    "id": "NHgZ789pETgJ",
    "childNodes": [
      "Quantifying source contributions to ambient NH3 using",
      "Geo",
      "-AI with time lag and parcel tracking functions"
    ]
  },
  {
    "href": "https://link.springer.com/article/10.1007/s00530-016-0525-6",
    "id": "bnKbouBGw-oJ",
    "childNodes": [
      "Adaptation logic for HTTP dynamic adaptive streaming using",
      "geo",
      "-predictive crowdsourcing for mobile users"
    ]
  },
  {
    "href": "https://iforest.sisef.org/contents/?id=ifor4084-015",
    "id": "XxMdeLH4jeYJ",
    "childNodes": [
      "Predictive capacity of nine algorithms and an ensemble model to determine the",
      "geographic",
      "distribution of tree species"
    ]
  },
  {
    "href": "https://www.cse.unsw.edu.au/~mahbub/PDF_Publications/mobiarch_2009.pdf",
    "id": "5O-bWCvwVNoJ",
    "childNodes": [
      "Geo",
      "-intelligent traffic scheduling for multi-homed on-board networks"
    ]
  },
  {
    "href": "https://www.ncbi.nlm.nih.gov/pmc/articles/PMC2639830/",
    "id": "RPjUZheJawAJ",
    "childNodes": [
      "On epidemiology and",
      "geographic",
      "information systems: a review and discussion of future directions."
    ]
  },
  {
    "href": "https://www.sciencedirect.com/science/article/pii/S0966692312003079",
    "id": "GDLg4qx9Ac0J",
    "childNodes": [
      "Spatial",
      "prediction",
      "of traffic levels in unmeasured locations: applications of universal kriging and geographically weighted regression"
    ]
  },
  {
    "href": "https://link.springer.com/chapter/10.1007/978-90-481-9637-1_7",
    "id": "JtX4bpd6VEwJ",
    "childNodes": [
      "Integrating",
      "Geographic",
      "Information Systems and Ecological Niche Modeling into Disease Ecology: A Case Study of",
      "I",
      "in the United States and Mexico"
    ]
  },
  {
    "href": "https://pubs.geoscienceworld.org/geosocindia/jour-geosocindia/article-abstract/100/10/1419/648483",
    "id": "hK4CpNKtmIoJ",
    "childNodes": [
      "Prediction",
      "of",
      "Geo",
      "-mechanical Parameter Logs from Petrophysical Well Logs using Machine Learning Approach"
    ]
  },
  {
    "href": "https://www.jstor.org/stable/3830788",
    "id": "S6UrcwF4ZyoJ",
    "childNodes": [
      "Gap analysis: a",
      "geographic",
      "approach to protection of biological diversity"
    ]
  }
]