[
  {
    "href": "https://link.springer.com/article/10.1007/s10291-022-01277-5",
    "id": "hrLnqFR9o5sJ",
    "childNodes": [
      "Modeling and",
      "predicting",
      "inter-frequency clock bias of BDS-2",
      "GEO",
      ", IGSO and MEO satellites for triple-frequency precise point positioning"
    ]
  },
  {
    "href": "https://caws.org.nz/old-site/awc/2006/awc200610271.pdf",
    "id": "jLy9cBDwDjcJ",
    "childNodes": [
      "Predicting",
      "the potential",
      "geographic",
      "distribution of weeds in 2080."
    ]
  },
  {
    "href": "https://www.sciencedirect.com/science/article/pii/S1055790311004076",
    "id": "8_4-tOArYzgJ",
    "childNodes": [
      "Molecular systematics of sclerosomatid harvestmen (Opiliones, Phalangioidea, Sclerosomatidae):",
      "geography",
      "is better than taxonomy in",
      "predicting",
      "phylogeny"
    ]
  },
  {
    "href": "https://besjournals.onlinelibrary.wiley.com/doi/abs/10.1111/1365-2656.12246",
    "id": "JZebXF6Q8qEJ",
    "childNodes": [
      "Prevalence and beta diversity in avian malaria communities: host species is a better",
      "predictor",
      "than",
      "geography"
    ]
  },
  {
    "href": "https://www.tandfonline.com/doi/abs/10.1080/10106049309354432",
    "id": "hb0W-paOUSIJ",
    "childNodes": [
      "The detection and",
      "prediction",
      "of sea level changes on coastal wetlands using satellite imagery and a",
      "geographic",
      "information system"
    ]
  },
  {
    "href": "https://pmc.ncbi.nlm.nih.gov/articles/PMC7008322/",
    "id": "munr_E7HJR4J",
    "childNodes": [
      "Predicting",
      "the",
      "geographic",
      "distribution of the Bacillus anthracis A1. a/Western North American sub-lineage for the continental United States: new outbreaks, new …"
    ]
  },
  {
    "href": "https://dl.acm.org/doi/abs/10.1145/2661118.2661125",
    "id": "BBy08dEcJLwJ",
    "childNodes": [
      "The placing task: A large-scale",
      "geo",
      "-estimation challenge for social-media videos and images"
    ]
  },
  {
    "href": "http://proceedings.mlr.press/v133/kopp21a.html",
    "id": "sxrQwzjbnRcJ",
    "childNodes": [
      "Traffic4cast at neurips 2020-yet more on the unreasonable effectiveness of gridded",
      "geo",
      "-spatial processes"
    ]
  },
  {
    "href": "http://www.emro.who.int/imemrf/J_egy_Soc_Parasi_1998_28_1_75_87.pdf",
    "id": "Lb9Gb_amPlEJ",
    "childNodes": [
      "Prediction",
      "of villages at risk for filariasis transmission in the Nile Delta using remote sensing and",
      "geographic",
      "information system technologies"
    ]
  },
  {
    "href": "https://www.igi-global.com/article/a-review-on-various-features-and-techniques-of-crop-yield-prediction-using-geo-spatial-data/218271",
    "id": "jvzzKHvwyg8J",
    "childNodes": [
      "A review on various features and techniques of crop yield",
      "prediction",
      "using",
      "geo",
      "-spatial data"
    ]
  }
]