[
  {
    "href": "https://link.springer.com/chapter/10.1007/978-0-230-30531-1_16",
    "id": "FFaZU37O7DUJ",
    "childNodes": [
      "Economic",
      "geography",
      ": A review of the theoretical and empirical literature"
    ]
  },
  {
    "href": "https://www.tandfonline.com/doi/abs/10.1080/00045600902931785",
    "id": "AjVjMH591mQJ",
    "childNodes": [
      "Modeling settlement patterns of the late classic Maya civilization with Bayesian methods and",
      "geographic",
      "information systems"
    ]
  },
  {
    "href": "https://academic.oup.com/jme/article-abstract/51/3/496/900461",
    "id": "DIcGTAcGHyMJ",
    "childNodes": [
      "The Impact of Temperature on the Bionomics of",
      "I",
      "(",
      "I",
      ")",
      "I",
      ", With Special Reference to the Cool",
      "Geographic",
      "Range Margins"
    ]
  },
  {
    "href": "https://link.springer.com/article/10.1007/s40948-022-00365-7",
    "id": "TehAofPgZTkJ",
    "childNodes": [
      "Investigation of geomechanical characteristics in one of the Iranian oilfields by using vertical seismic profile (VSP) data to",
      "predict",
      "hydraulic fracturing intervals"
    ]
  },
  {
    "href": "https://www.sciencedirect.com/science/article/pii/S030438000100388X",
    "id": "g8iepJZKTYAJ",
    "childNodes": [
      "Effects of sample size on accuracy of species distribution models"
    ]
  },
  {
    "href": "https://www.ahajournals.org/doi/abs/10.1161/STROKEAHA.111.621367",
    "id": "V5WP3CweIxYJ",
    "childNodes": [
      "Self-reported atrial fibrillation and risk of stroke in the Reasons for",
      "Geographic",
      "and Racial Differences in Stroke (REGARDS) study"
    ]
  },
  {
    "href": "https://www.sciencedirect.com/science/article/pii/S1877959X18303716",
    "id": "DTvhyjZ-yRcJ",
    "childNodes": [
      "Nymphal Ixodes scapularis questing behavior explains",
      "geographic",
      "variation in Lyme borreliosis risk in the eastern United States"
    ]
  },
  {
    "href": "https://journals.plos.org/plosone/article?id=10.1371/journal.pone.0125805",
    "id": "BlhGZW7B1yQJ",
    "childNodes": [
      "Hydrological response to land cover changes and human activities in arid regions using a",
      "geographic",
      "information system and remote sensing"
    ]
  },
  {
    "href": "https://www.earthdoc.org/content/papers/10.3997/2214-4609.20143033",
    "id": "4t-YxkpPG-0J",
    "childNodes": [
      "Fault Seal",
      "Prediction",
      "in Sandstone Reservoirs-A Quantitative and Calibrated",
      "Geo",
      "-mechanical Method"
    ]
  },
  {
    "href": "https://link.springer.com/article/10.1007/s10530-009-9668-0",
    "id": "nL4iv7wcPZAJ",
    "childNodes": [
      "Analysis of the potential",
      "geographic",
      "range of the Pacific oyster",
      "I",
      "(Thunberg, 1793) based on surface seawater temperature satellite data and climate …"
    ]
  }
]