[
  {
    "href": "https://link.springer.com/article/10.1007/s10393-010-0314-1",
    "id": "g_yq7GnMzBcJ",
    "childNodes": [
      "Climate change and the",
      "geographic",
      "distribution of infectious diseases"
    ]
  },
  {
    "href": "https://link.springer.com/article/10.1007/s40948-024-00857-8",
    "id": "p-RZmioMWPEJ",
    "childNodes": [
      "Rock dynamic strength",
      "prediction",
      "in cold regions using optimized hybrid algorithmic models"
    ]
  },
  {
    "href": "https://www.int-res.com/abstracts/meps/v388/p137-146/",
    "id": "nQad6h_nIEEJ",
    "childNodes": [
      "Geographic",
      "variation in the upper thermal limits of an intertidal snail: implications for climate envelope models"
    ]
  },
  {
    "href": "https://soil.copernicus.org/articles/6/269/2020/soil-6-269-2020.html",
    "id": "tR2R-velzX0J",
    "childNodes": [
      "Oblique",
      "geographic",
      "coordinates as covariates for digital soil mapping"
    ]
  },
  {
    "href": "https://ieeexplore.ieee.org/abstract/document/8447560/",
    "id": "aVwGU8xKjXsJ",
    "childNodes": [
      "Augmented reality driving using semantic",
      "geo",
      "-registration"
    ]
  },
  {
    "href": "https://www.sciencedirect.com/science/article/pii/S1470160X19306442",
    "id": "v5fjeoETv40J",
    "childNodes": [
      "Assessment of eco-",
      "geo",
      "-environment quality using multivariate data: A case study in a coal mining area of Western China"
    ]
  },
  {
    "href": "https://journals.plos.org/plosone/article?id=10.1371/journal.pone.0130629",
    "id": "xbR3P2FLS44J",
    "childNodes": [
      "A",
      "geographic",
      "mosaic of climate change impacts on terrestrial vegetation: which areas are most at risk?"
    ]
  },
  {
    "href": "https://dl.acm.org/doi/abs/10.1145/3557915.3560951",
    "id": "b1FRsgWNROQJ",
    "childNodes": [
      "GEO",
      "-BLEU: similarity measure for geospatial sequences"
    ]
  },
  {
    "href": "https://aclanthology.org/2023.findings-acl.294/",
    "id": "yLKU1rLVHt4J",
    "childNodes": [
      "Geo",
      "-seq2seq: Twitter user geolocation on noisy data through sequence to sequence learning"
    ]
  },
  {
    "href": "https://link.springer.com/article/10.1007/s40948-022-00496-x",
    "id": "PBMq3e1VxPsJ",
    "childNodes": [
      "Performance evaluation of hybrid YYPO-RF, BWOA-RF and SMA-RF models to",
      "predict",
      "plastic zones around underground powerhouse caverns"
    ]
  }
]