[
  {
    "href": "https://onlinelibrary.wiley.com/doi/abs/10.1111/j.1757-1707.2010.01059.x",
    "id": "H0HzNsPzJ48J",
    "childNodes": [
      "Empirical",
      "geographic",
      "modeling of switchgrass yields in the United States"
    ]
  },
  {
    "href": "https://www.tandfonline.com/doi/abs/10.1080/13658816.2018.1533136",
    "id": "aD5kkpg32UYJ",
    "childNodes": [
      "Reflections and speculations on the progress in",
      "Geographic",
      "Information Systems (GIS): a",
      "geographic",
      "perspective"
    ]
  },
  {
    "href": "https://journals.plos.org/plosntds/article?id=10.1371/journal.pntd.0004383",
    "id": "SI8sMHJZ2A0J",
    "childNodes": [
      "Assessment of the",
      "Geographic",
      "Distribution of",
      "I",
      "(Argasidae): Climate Variation and Host Diversity"
    ]
  },
  {
    "href": "https://www.ideals.illinois.edu/items/91126",
    "id": "RPSryT4bmQ8J",
    "childNodes": [
      "Ethnea--an instance-based ethnicity classifier based on",
      "geo",
      "-coded author names in a large-scale bibliographic database"
    ]
  },
  {
    "href": "https://link.springer.com/article/10.1007/s12665-024-11900-y",
    "id": "-KA2UC3j7wMJ",
    "childNodes": [
      "Forecasting urban travel demand with",
      "geo",
      "-AI: a combination of GIS and machine learning techniques utilizing uber data in New York City"
    ]
  },
  {
    "href": "https://arxiv.org/abs/2411.14476",
    "id": "yHpaYUTGxlAJ",
    "childNodes": [
      "StreetviewLLM: Extracting",
      "Geographic",
      "Information Using a Chain-of-Thought Multimodal Large Language Model"
    ]
  },
  {
    "href": "https://link.springer.com/chapter/10.1007/978-3-030-14745-7_2",
    "id": "Yu6f63565hYJ",
    "childNodes": [
      "Relaxing unanswerable",
      "geographic",
      "questions using a spatially explicit knowledge graph embedding model"
    ]
  },
  {
    "href": "https://informatica.si/index.php/informatica/article/view/3827",
    "id": "ObK1PoQ7WvsJ",
    "childNodes": [
      "Geo",
      "-spatial disease clustering for public health decision making"
    ]
  },
  {
    "href": "https://nsojournals.onlinelibrary.wiley.com/doi/abs/10.1111/j.1600-0706.2012.20350.x",
    "id": "l9dkaT8dLaEJ",
    "childNodes": [
      "Modelling",
      "geographic",
      "patterns of population density of the white‐tailed deer in central Mexico by implementing ecological niche theory"
    ]
  },
  {
    "href": "https://www.sciencedirect.com/science/article/pii/0304422X96000058",
    "id": "_aqJjhps57MJ",
    "childNodes": [
      "Cultural and moral boundaries in the United States: Structural position,",
      "geographic",
      "location, and lifestyle explanations"
    ]
  }
]