[
  {
    "href": "https://onlinelibrary.wiley.com/doi/abs/10.1111/tgis.12629",
    "id": "oGzJWzbxbeQJ",
    "childNodes": [
      "I",
      ": A location‐aware Knowledge Graph Embedding model for",
      "Geographic",
      "Question Answering and Spatial Semantic Lifting"
    ]
  },
  {
    "href": "https://www.mdpi.com/2072-4292/11/24/2995",
    "id": "9qgCuYmSUbwJ",
    "childNodes": [
      "Spatial modeling of snow avalanche using machine learning models and",
      "geo",
      "-environmental factors: Comparison of effectiveness in two mountain regions"
    ]
  },
  {
    "href": "https://www.sciencedirect.com/science/article/pii/S1364032119302941",
    "id": "xCiHvxOE7msJ",
    "childNodes": [
      "Application of artificial neutral network and",
      "geographic",
      "information system to evaluate retrofit potential in public school buildings"
    ]
  },
  {
    "href": "https://www.sciencedirect.com/science/article/pii/S0013935105800374",
    "id": "X_ewp7qm9dIJ",
    "childNodes": [
      "Screening for lead exposure using a",
      "geographic",
      "information system"
    ]
  },
  {
    "href": "https://www.academia.edu/download/49728420/Geo-mathematical_Model_for_Quantitative_Analysis_and_Prediction.pdf",
    "id": "5vM7JbnjTdYJ",
    "childNodes": [
      "A",
      "Geo",
      "-mathematical model for quantitative analysis and",
      "prediction",
      "of the impact of environmental changes on the characteristics of geomaterial formation"
    ]
  },
  {
    "href": "https://dl.acm.org/doi/abs/10.1145/2623330.2623675",
    "id": "0VaBP5t6n8AJ",
    "childNodes": [
      "Exploiting",
      "geographic",
      "dependencies for real estate appraisal: A mutual perspective of ranking and clustering"
    ]
  },
  {
    "href": "https://www.tandfonline.com/doi/abs/10.1080/11263504.2017.1289273",
    "id": "F_Gz0fC0lYoJ",
    "childNodes": [
      "Modeling impacts of climate change on the",
      "geographic",
      "distribution of medicinal plant",
      "I",
      "D. Don"
    ]
  },
  {
    "href": "https://dl.acm.org/doi/abs/10.1145/3615896.3628341",
    "id": "tx3KMdfUEr0J",
    "childNodes": [
      "Geo",
      "-Awareness of Learnt Citations",
      "Prediction",
      "for Scientific Publications (Demo Paper)"
    ]
  },
  {
    "href": "https://link.springer.com/article/10.1007/s10661-018-6877-y",
    "id": "sYDYx7gtL2YJ",
    "childNodes": [
      "Modeling land use/land cover change using remote sensing and",
      "geographic",
      "information systems: case study of the Seyhan Basin, Turkey"
    ]
  },
  {
    "href": "https://digitalcommons.library.umaine.edu/josis/vol2014/iss8/2/",
    "id": "PW7DlZF3e9oJ",
    "childNodes": [
      "Geo",
      "-social visual analytics"
    ]
  }
]