[
  {
    "href": "http://xb.chinasmp.com/EN/10.11947/j.AGCS.2017.20170355",
    "id": "doiuixTa8cQJ",
    "childNodes": [
      "Geographical simulation and optimization system (GeoSOS) and its application in the analysis of",
      "geographic",
      "national conditions"
    ]
  },
  {
    "href": "https://www.int-res.com/abstracts/meps/v384/p121-133/",
    "id": "oTDApTl2V04J",
    "childNodes": [
      "Inferring distributions of chirodropid box-jellyfishes (Cnidaria: Cubozoa) in",
      "geographic",
      "and ecological space using ecological niche modeling"
    ]
  },
  {
    "href": "https://link.springer.com/chapter/10.1007/978-94-017-3048-8_23",
    "id": "XXYodHOn7OsJ",
    "childNodes": [
      "On the evaluation of model performance in physical",
      "geography"
    ]
  },
  {
    "href": "https://ieeexplore.ieee.org/abstract/document/1522100/",
    "id": "5D9wO8Ozzv8J",
    "childNodes": [
      "QoS provisioning in",
      "GEO",
      "satellite with onboard processing using",
      "predictor",
      "algorithms"
    ]
  },
  {
    "href": "https://www.sciencedirect.com/science/article/pii/S0161642014008045",
    "id": "NQtMXN-hBasJ",
    "childNodes": [
      "Outer retinal tubulation as a",
      "predictor",
      "of the enlargement amount of",
      "geographic",
      "atrophy in age-related macular degeneration"
    ]
  },
  {
    "href": "https://bioone.org/journals/the-american-midland-naturalist/volume-151/issue-1/0003-0031_2004_151_0170_PGDOAG_2.0.CO_2/Potential-Geographic-Distribution-of-Anoplophora-glabripennis-Coleoptera--Cerambycidae-in/10.1674/0003-0031(2004)151[0170:PGDOAG]2.0.CO;2.short",
    "id": "DgnFel98ZTkJ",
    "childNodes": [
      "Potential",
      "geographic",
      "distribution of Anoplophora glabripennis (Coleoptera: Cerambycidae) in North America"
    ]
  },
  {
    "href": "https://www.sciencedirect.com/science/article/pii/S105579031400150X",
    "id": "O-whY4zktsYJ",
    "childNodes": [
      "Phylogeny of the Centaurea group (Centaurea, Compositae)–",
      "geography",
      "is a better",
      "predictor",
      "than morphology"
    ]
  },
  {
    "href": "https://www.sciencedirect.com/science/article/pii/S1364815216303152",
    "id": "VgXabElB8iEJ",
    "childNodes": [
      "Automatic land cover classification of",
      "geo",
      "-tagged field photos by deep learning"
    ]
  },
  {
    "href": "https://rigeo.org/menu-script/index.php/rigeo/article/view/453",
    "id": "03GRd7JBROgJ",
    "childNodes": [
      "E word of mouth and structural",
      "geography predicting",
      "the consumer behavior in traditional market during Covid-19 pandemic"
    ]
  },
  {
    "href": "https://link.springer.com/chapter/10.1007/978-1-4020-6444-9_22",
    "id": "0fdYjZzCRLoJ",
    "childNodes": [
      "Mapping the",
      "geographic",
      "distribution of",
      "I",
      "Gamble (Meliaceae), an endemic and threatened plant, using ecological niche modeling"
    ]
  }
]