[
  {
    "href": "https://ieeexplore.ieee.org/abstract/document/10854505/",
    "id": "-gfM2wtEp_cJ",
    "childNodes": [
      "Spatioformer: A",
      "Geo",
      "-encoded Transformer for Large-Scale Plant Species Richness",
      "Prediction"
    ]
  },
  {
    "href": "https://www.sciencedirect.com/science/article/pii/S2949891024005529",
    "id": "Agt1ajYXjHgJ",
    "childNodes": [
      "Dynamic",
      "prediction",
      "of fracture propagation in horizontal well hydraulic fracturing: A data-driven approach for",
      "geo",
      "-energy exploitation"
    ]
  },
  {
    "href": "https://www.sciencedirect.com/science/article/pii/S0161642016310946",
    "id": "wMhG2pQq5WcJ",
    "childNodes": [
      "Optical coherence tomography reflective drusen substructures",
      "predict",
      "progression to",
      "geographic",
      "atrophy in age-related macular degeneration"
    ]
  },
  {
    "href": "https://www.sciencedirect.com/science/article/pii/S0001706X05002135",
    "id": "HKU_Uup4T1YJ",
    "childNodes": [
      "A",
      "geographic",
      "information and remote sensing based model for",
      "prediction",
      "of Oncomelania hupensis habitats in the Poyang Lake area, China"
    ]
  },
  {
    "href": "https://link.springer.com/article/10.1007/s10531-007-9314-z",
    "id": "sZXbCCXGv4sJ",
    "childNodes": [
      "Predicting",
      "species distributions in poorly-studied landscapes"
    ]
  },
  {
    "href": "https://www.sciencedirect.com/science/article/pii/S0341816222003654",
    "id": "KujK5jf28x4J",
    "childNodes": [
      "Explainable step-wise binary classification for the susceptibility assessment of",
      "geo",
      "-hydrological hazards"
    ]
  },
  {
    "href": "https://peerj.com/articles/10556/",
    "id": "GJVGL8WvsdcJ",
    "childNodes": [
      "A risk score model with five long non-coding RNAs for",
      "predicting",
      "prognosis in gastric cancer: an integrated analysis combining TCGA and",
      "GEO",
      "datasets"
    ]
  },
  {
    "href": "https://onlinelibrary.wiley.com/doi/abs/10.1111/j.1468-0351.2006.00256.x",
    "id": "PSrKJZXB4IYJ",
    "childNodes": [
      "New economic",
      "geography",
      "meets Comecon: Regional wages and industry location in central Europe",
      "SUP"
    ]
  },
  {
    "href": "https://www.worldscientific.com/doi/abs/10.1142/S1469026816500139",
    "id": "CBYo6Sjt-OIJ",
    "childNodes": [
      "BP neural network with genetic algorithm optimization for",
      "prediction",
      "of",
      "geo",
      "-stress state from wellbore pressures"
    ]
  },
  {
    "href": "https://link.springer.com/article/10.1007/s11277-014-2082-7",
    "id": "FW3Sh8OJyMwJ",
    "childNodes": [
      "Travel recommendation using",
      "geo",
      "-tagged photos in social media for tourist"
    ]
  }
]