[
  {
    "href": "https://www.sciencedirect.com/science/article/pii/S0924271622001058",
    "id": "Oqdj9nq14_EJ",
    "childNodes": [
      "Can linguistic features extracted from",
      "geo",
      "-referenced tweets help building function classification in remote sensing?"
    ]
  },
  {
    "href": "https://nopr.niscpr.res.in/handle/123456789/50464",
    "id": "K9FW66UPtSAJ",
    "childNodes": [
      "Investigation and",
      "prediction",
      "of urban-sprawl and land-use changes for Chennai city using",
      "geo",
      "-spatial technologies"
    ]
  },
  {
    "href": "https://dl.acm.org/doi/abs/10.1145/3394486.3403381",
    "id": "rnJizMHbersJ",
    "childNodes": [
      "An automatic approach for generating rich, linked",
      "geo",
      "-metadata from historical map images"
    ]
  },
  {
    "href": "https://link.springer.com/article/10.1186/1749-8546-5-18",
    "id": "Aqi-t_d0eHsJ",
    "childNodes": [
      "Mapping the potential distribution of high artemisinin-yielding",
      "I",
      "L. (",
      "I",
      ") in China with a",
      "geographic",
      "information system"
    ]
  },
  {
    "href": "https://www.mdpi.com/1660-4601/17/18/6795",
    "id": "-4dQBYABY_IJ",
    "childNodes": [
      "Effect of soil geomechanical properties and",
      "geo",
      "-environmental factors on landslide predisposition at Mount Oku, Cameroon"
    ]
  },
  {
    "href": "https://onlinelibrary.wiley.com/doi/abs/10.1111/tgis.12976",
    "id": "j23NGoZ2kYIJ",
    "childNodes": [
      "Disambiguating spatial prepositions: The case of",
      "geo",
      "‐spatial sense detection"
    ]
  },
  {
    "href": "https://www.sciencedirect.com/science/article/pii/S074756321930370X",
    "id": "wpBAgn4SK1cJ",
    "childNodes": [
      "I love my selfie! An investigation of overt and covert narcissism to understand selfie-posting behaviors within three",
      "geographic",
      "communities"
    ]
  },
  {
    "href": "https://pmc.ncbi.nlm.nih.gov/articles/PMC8485419/",
    "id": "wJvkQjaC7_UJ",
    "childNodes": [
      "Testing-related and",
      "geo",
      "-demographic indicators strongly",
      "predict",
      "COVID-19 deaths in the United States during March of 2020"
    ]
  },
  {
    "href": "https://pubs.acs.org/doi/abs/10.1021/jf049333w",
    "id": "pGKiv0rL0qwJ",
    "childNodes": [
      "Application of inorganic element ratios to chemometrics for determination of the",
      "geographic",
      "origin of Welsh onions"
    ]
  },
  {
    "href": "https://journals.sagepub.com/doi/abs/10.1177/0194599818803305",
    "id": "rznBuU_Qr6EJ",
    "childNodes": [
      "Geographic",
      "and racial disparities in infant hearing loss"
    ]
  }
]