[
  {
    "href": "http://www.jeb.co.in/journal_issues/201409_sep14/paper_29.pdf",
    "id": "MViLY5gHAy0J",
    "childNodes": [
      "Predicting",
      "the potential",
      "geographic",
      "distribution of cotton mealybug Phenacoccus solenopsis in India based on MAXENT ecological niche model"
    ]
  },
  {
    "href": "https://www.sciencedirect.com/science/article/pii/S0166516216300647",
    "id": "3OT2mHZP8JcJ",
    "childNodes": [
      "Predicting",
      "pyrite oxidation and multi-component reactive transport processes from an abandoned coal waste pile by comparing 2D numerical modeling and 3D",
      "geo",
      "…"
    ]
  },
  {
    "href": "https://www.sciencedirect.com/science/article/pii/S0013795213003013",
    "id": "QzL1dC5cCOoJ",
    "childNodes": [
      "Large deformation and failure simulations for",
      "geo",
      "-disasters using smoothed particle hydrodynamics method"
    ]
  },
  {
    "href": "https://ashpublications.org/bloodadvances/article/8/14/3731/516312",
    "id": "urmymsLSpFMJ",
    "childNodes": [
      "Geographic",
      "EBV variants confound disease-specific variant interpretation and",
      "predict",
      "variable immune therapy responses"
    ]
  },
  {
    "href": "https://link.springer.com/article/10.1007/BF01867175",
    "id": "JyCG8ILsxmkJ",
    "childNodes": [
      "Use of a",
      "geographic",
      "information system for storm runoff",
      "prediction",
      "from small urban watersheds"
    ]
  },
  {
    "href": "https://aacrjournals.org/clincancerres/article-abstract/11/15/5558/185892",
    "id": "8HGoJY6V_zMJ",
    "childNodes": [
      "Prediction",
      "of active drug plasma concentrations achieved in cancer patients by pharmacodynamic biomarkers identified from the",
      "geo",
      "human colon carcinoma …"
    ]
  },
  {
    "href": "https://ieeexplore.ieee.org/abstract/document/8068212/",
    "id": "VOykTCtuy7IJ",
    "childNodes": [
      "Geo",
      "-distinctive visual element matching for location estimation of images"
    ]
  },
  {
    "href": "https://iovs.arvojournals.org/article.aspx?articleid=2190009",
    "id": "iGOKobbsTkIJ",
    "childNodes": [
      "OCT minimum intensity as a",
      "predictor",
      "of",
      "geographic",
      "atrophy enlargement"
    ]
  },
  {
    "href": "https://journals.lww.com/retinajournal/FullText/2011/01000/USE_OF_FUNDUS_AUTOFLUORESCENCE_IMAGES_TO_PREDICT.12.aspx",
    "id": "fZodKiZ4f3MJ",
    "childNodes": [
      "Use of fundus autofluorescence images to",
      "predict geographic",
      "atrophy progression"
    ]
  },
  {
    "href": "https://link.springer.com/article/10.1186/s12859-017-1888-1",
    "id": "DGgc_REIg9sJ",
    "childNodes": [
      "ALE: automated label extraction from",
      "GEO",
      "metadata"
    ]
  }
]