[
  {
    "href": "https://ieeexplore.ieee.org/abstract/document/8568867/",
    "id": "gqkEFyYbfZ4J",
    "childNodes": [
      "Cloud attenuation",
      "prediction",
      "statistics for",
      "GEO",
      "and NGSO satellite communication systems operating at Q/V band and above"
    ]
  },
  {
    "href": "https://link.springer.com/chapter/10.1007/978-3-642-35341-3_13",
    "id": "AlG8qFLtLiwJ",
    "childNodes": [
      "Where are you settling down:",
      "Geo",
      "-locating twitter users based on tweets and social networks"
    ]
  },
  {
    "href": "https://onlinelibrary.wiley.com/doi/abs/10.1111/j.1472-4642.2010.00691.x",
    "id": "83KWvQZRDWkJ",
    "childNodes": [
      "BIODIVERSITY RESEARCH: Current distribution and",
      "predicted geographic",
      "expansion of the Rufous‐backed Robin in Mexico: a fading endemism?"
    ]
  },
  {
    "href": "https://www.ncbi.nlm.nih.gov/pmc/articles/PMC7993680/",
    "id": "YUuRsol1ursJ",
    "childNodes": [
      "… noncoding RNA signature for",
      "predicting",
      "the survival and immune status of patients with bladder urothelial carcinoma based on the",
      "GEO",
      "database: a superior …"
    ]
  },
  {
    "href": "https://www.sciencedirect.com/science/article/pii/S0048969722044898",
    "id": "4CSyk_DS_TUJ",
    "childNodes": [
      "Assessing the current genetic structure of 21 remnant populations and",
      "predicting",
      "the impacts of climate change on the",
      "geographic",
      "distribution of Phoebe sheareri in …"
    ]
  },
  {
    "href": "https://onepetro.org/ISRMEUROCK/proceedings-abstract/EUROCK10/All-EUROCK10/38617",
    "id": "K27LAcUqCn4J",
    "childNodes": [
      "Prediction",
      "of rock mass failure-time of",
      "geo",
      "-hazards"
    ]
  },
  {
    "href": "https://onlinelibrary.wiley.com/doi/abs/10.1002/jip.46",
    "id": "zsVRGbNcmjMJ",
    "childNodes": [
      "Human versus machine: A comparison of the accuracy of",
      "geographic",
      "profiling methods"
    ]
  },
  {
    "href": "https://dl.acm.org/doi/abs/10.1145/3397536.3422258",
    "id": "Q-lf4fEEnKYJ",
    "childNodes": [
      "Cycling-net: A deep learning approach to",
      "predicting",
      "cyclist behaviors from",
      "geo",
      "-referenced egocentric video data"
    ]
  },
  {
    "href": "https://search.ebscohost.com/login.aspx?direct=true&profile=ehost&scope=site&authtype=crawler&jrnl=24150924&AN=122398030&h=08RLR6EKrhGsvyo3u%2BNL%2BYLMzKi1cuZ55vyAlCyJjq%2FGHwzJKs4qOa74%2FrdkYs7Y2uIUIcHjg4hS4vvFwmwAyA%3D%3D&crl=c",
    "id": "fQaSXOhoy6EJ",
    "childNodes": [
      "PREDICTION",
      "FOR NONTHABURI URBAN PARKS BY INTEGRATED",
      "GEO",
      "-INFORMATICS TECHNIQUES."
    ]
  }
]