[
  {
    "href": "https://ieeexplore.ieee.org/abstract/document/4658242/",
    "id": "goTutIfTKJ4J",
    "childNodes": [
      "Geo",
      "-location database techniques for incumbent protection in the TV white space"
    ]
  },
  {
    "href": "https://link.springer.com/article/10.1007/s12033-023-00892-y",
    "id": "x903ttWr68IJ",
    "childNodes": [
      "Predicting",
      "Survival Signature of Bladder Cancer Related to Cancer-Associated Fibroblast (CAF) Constructed by Intersecting Genes in TCGA and",
      "GEO"
    ]
  },
  {
    "href": "https://www.sciencedirect.com/science/article/pii/S1018364722003263",
    "id": "MsAa7LAUU1UJ",
    "childNodes": [
      "Geo",
      "-spatial mapping and simulation of the sea level rise influence on groundwater head and upward land subsidence at the Rosetta coastal zone, Nile Delta …"
    ]
  },
  {
    "href": "https://www.tandfonline.com/doi/abs/10.1080/07370024.2018.1531001",
    "id": "GXcadjKhVbEJ",
    "childNodes": [
      "Interaction strategies for effective augmented reality",
      "geo",
      "-visualization: Insights from spatial cognition"
    ]
  },
  {
    "href": "https://link.springer.com/article/10.1007/s40948-024-00931-1",
    "id": "AFxQeUq4fLsJ",
    "childNodes": [
      "Intelligent rockburst level",
      "prediction",
      "model based on swarm intelligence optimization and multi-strategy learner soft voting hybrid ensemble"
    ]
  },
  {
    "href": "https://www.nature.com/articles/s41598-021-88538-4",
    "id": "bTT-L3XGoWYJ",
    "childNodes": [
      "Towards computer-aided severity assessment via deep neural networks for",
      "geographic",
      "and opacity extent scoring of SARS-CoV-2 chest X-rays"
    ]
  },
  {
    "href": "https://link.springer.com/chapter/10.1007/978-3-658-37009-1_8",
    "id": "Db121MdWFWcJ",
    "childNodes": [
      "Development of a",
      "Prediction",
      "Module for a Hybrid Operating Strategy Using",
      "Geo",
      "-Data"
    ]
  },
  {
    "href": "https://ehp.niehs.nih.gov/doi/abs/10.1289/ehp.96104724",
    "id": "7kkjhMzUyrkJ",
    "childNodes": [
      "The potential effect of global warming on the",
      "geographic",
      "and seasonal distribution of Phlebotomus papatasi in southwest Asia."
    ]
  },
  {
    "href": "https://ieeexplore.ieee.org/abstract/document/4025116/",
    "id": "fvR04ISPBz4J",
    "childNodes": [
      "Adaptive position update in",
      "geographic",
      "routing"
    ]
  },
  {
    "href": "https://academic.oup.com/evolut/article-abstract/60/1/24/6756351",
    "id": "C5QfgDrZM8AJ",
    "childNodes": [
      "Parasite local adaptation in a",
      "geographic",
      "mosaic"
    ]
  }
]