[
  {
    "href": "https://www.scielo.br/j/mioc/a/NpCnzx65mYbwb3h4kdphhjb/?lang=en",
    "id": "9iiSxaUlnlYJ",
    "childNodes": [
      "Mapping the global",
      "geographic",
      "potential of Zika virus spread"
    ]
  },
  {
    "href": "https://www.sciencedirect.com/science/article/pii/S0020025522004200",
    "id": "gOYrW7CyMvsJ",
    "childNodes": [
      "IM2Vec: Representation learning-based preference maximization in",
      "geo",
      "-social networks"
    ]
  },
  {
    "href": "https://www.sciencedirect.com/science/article/pii/S0277953602003805",
    "id": "G3AaZWLfJKIJ",
    "childNodes": [
      "Geographic",
      "analysis of diabetes prevalence in an urban area"
    ]
  },
  {
    "href": "https://www.sciencedirect.com/science/article/pii/S0304389498001083",
    "id": "QKH4ZHmOgKoJ",
    "childNodes": [
      "Development of a",
      "geography",
      "-referenced regional exposure assessment tool for European rivers—GREAT-ER"
    ]
  },
  {
    "href": "https://dl.acm.org/doi/abs/10.1145/3078971.3080543",
    "id": "ToXUpSi2mywJ",
    "childNodes": [
      "The",
      "geo",
      "-privacy bonus of popular photo enhancements"
    ]
  },
  {
    "href": "https://dl.acm.org/doi/abs/10.1145/2370216.2370432",
    "id": "fCjMs-PDKX0J",
    "childNodes": [
      "Geo",
      "-activity recommendations by using improved feature combination"
    ]
  },
  {
    "href": "https://www.sciencedirect.com/science/article/pii/S0378778810004585",
    "id": "V8ZpgdSNUwkJ",
    "childNodes": [
      "Analysis of",
      "geo",
      "-temperature recovery under intermittent operation of ground-source heat pump"
    ]
  },
  {
    "href": "https://link.springer.com/article/10.1057/palgrave.jibs.8490236",
    "id": "efu5UBvcV0kJ",
    "childNodes": [
      "Geographic",
      "segment disclosure and the predictive ability of the earnings data"
    ]
  },
  {
    "href": "https://www.sciencedirect.com/science/article/pii/S0012821X05004103",
    "id": "RWKCfIH-zhwJ",
    "childNodes": [
      "Geo",
      "-neutrinos: A new probe of Earth's interior"
    ]
  },
  {
    "href": "https://www.frontiersin.org/articles/10.3389/fonc.2021.629333/full",
    "id": "xq4rC4RbjzAJ",
    "childNodes": [
      "GEO",
      "data mining identifies OLR1 as a potential biomarker in NSCLC immunotherapy"
    ]
  }
]