[
  {
    "href": "https://www.sciencedirect.com/science/article/pii/S1353829210001681",
    "id": "ov5MQgNa4G4J",
    "childNodes": [
      "Geographic",
      "disparities in late-stage breast cancer diagnosis in California"
    ]
  },
  {
    "href": "https://kops.uni-konstanz.de/handle/123456789/44251",
    "id": "AKIHObrt7kgJ",
    "childNodes": [
      "Analytical workbench for integrated social media",
      "geo",
      "-inference"
    ]
  },
  {
    "href": "https://www.frontiersin.org/articles/10.3389/fcvm.2023.1068782/full",
    "id": "lFqCTGTSFF8J",
    "childNodes": [
      "Hypoxia-associated genes",
      "predicting",
      "future risk of myocardial infarction: a",
      "GEO",
      "database-based study"
    ]
  },
  {
    "href": "https://amostech.com/TechnicalPapers/2021/Non-Resolved-Object-Characterization/Kerr.pdf",
    "id": "KJu9VhorJ2MJ",
    "childNodes": [
      "Using ai to analyse light curves for",
      "geo",
      "object characterisation"
    ]
  },
  {
    "href": "https://www.tandfonline.com/doi/abs/10.1080/09592290490886757",
    "id": "4XjHzcVwnMMJ",
    "childNodes": [
      "A new approach to the analysis of",
      "geo",
      "-political risk"
    ]
  },
  {
    "href": "https://link.springer.com/article/10.1186/1756-3305-3-117",
    "id": "tM1LrmHk8hIJ",
    "childNodes": [
      "The dominant",
      "I",
      "vectors of human malaria in Africa, Europe and the Middle East: occurrence data, distribution maps and bionomic précis"
    ]
  },
  {
    "href": "https://arxiv.org/abs/2407.00124",
    "id": "mQmCIcPrKEUJ",
    "childNodes": [
      "Stable machine-learning parameterization of subgrid processes with real",
      "geography",
      "and full-physics emulation"
    ]
  },
  {
    "href": "https://synapse.koreamed.org/articles/1018384",
    "id": "1Jrl-LkrsNMJ",
    "childNodes": [
      "Reassessing the usefulness of coronary artery calcium score among varying racial and ethnic groups by",
      "geographic",
      "locations: relevance of the Korea Initiatives on …"
    ]
  },
  {
    "href": "https://search.ebscohost.com/login.aspx?direct=true&profile=ehost&scope=site&authtype=crawler&jrnl=03279545&AN=172792326&h=j25bPZs%2B9qw6TbYlWGeAi3EsS6DoXjvcqfvzhAu%2FXicG8MXsEc%2Bug%2BTAfveY4C8gZ32oGPY5QEVh67C5fy7SLg%3D%3D&crl=c",
    "id": "qukPMSn4YY0J",
    "childNodes": [
      "Identification of EML4 as a key hub gene for endometriosis and its molecular mechanism and potential drug",
      "prediction",
      "based on the",
      "GEO",
      "database."
    ]
  },
  {
    "href": "https://www.tandfonline.com/doi/abs/10.1080/17499518.2024.2316879",
    "id": "Pw1kC2nD8McJ",
    "childNodes": [
      "Report for ISSMGE TC309/TC304/TC222 and ASCE",
      "Geo",
      "-Institute Risk Assessment and Management Committee Fourth Machine Learning in Geotechnics Dialogue …"
    ]
  }
]