[
  {
    "href": "https://www.sciencedirect.com/science/article/pii/S0006320799000749",
    "id": "GHtodM-wMTQJ",
    "childNodes": [
      "Geographic",
      "analysis of conservation priority: endemic birds and mammals in Veracruz, Mexico"
    ]
  },
  {
    "href": "https://www.nature.com/articles/s41598-018-38054-9",
    "id": "0yRvw5T-ByUJ",
    "childNodes": [
      "… models throughout the invasion history of Palmer amaranth",
      "predict",
      "regions at risk of future invasion and reveal challenges with modeling rapidly shifting",
      "geographic",
      "…"
    ]
  },
  {
    "href": "https://www.sciencedirect.com/science/article/pii/S0309170812002229",
    "id": "iOpFxhq7_kkJ",
    "childNodes": [
      "Improvement of groundwater level",
      "prediction",
      "in sparsely gauged basins using physical laws and local",
      "geographic",
      "features as auxiliary variables"
    ]
  },
  {
    "href": "https://academic.oup.com/jid/article-abstract/182/4/1192/918989",
    "id": "RhLNSqYbEnQJ",
    "childNodes": [
      "Sulfa or Sulfone Prophylaxis and",
      "Geographic",
      "Region",
      "Predict",
      "Mutations in the",
      "I",
      "Dihydropteroate Synthase Gene"
    ]
  },
  {
    "href": "https://link.springer.com/article/10.1007/s00439-005-0039-3",
    "id": "QVbjYlQlT1gJ",
    "childNodes": [
      "Geography",
      "is a better determinant of human genetic differentiation than ethnicity"
    ]
  },
  {
    "href": "https://besjournals.onlinelibrary.wiley.com/doi/abs/10.1111/j.1365-2745.2006.01107.x",
    "id": "nF00ztk2X6MJ",
    "childNodes": [
      "Geographic",
      "patterns of diversity in streams are",
      "predicted",
      "by a multivariate model of disturbance and productivity"
    ]
  },
  {
    "href": "https://link.springer.com/article/10.1007/s10706-017-0336-3",
    "id": "eciEHk249uEJ",
    "childNodes": [
      "Prediction",
      "of blast-induced overbreak based on",
      "geo",
      "-mechanical parameters, blasting factors and the area of tunnel face"
    ]
  },
  {
    "href": "https://link.springer.com/article/10.1007/s10980-019-00788-w",
    "id": "MsfZSyTbyE4J",
    "childNodes": [
      "Improving habitat and connectivity model",
      "predictions",
      "with multi-scale resource selection functions from two",
      "geographic",
      "areas"
    ]
  },
  {
    "href": "https://ieeexplore.ieee.org/abstract/document/6854936/",
    "id": "1FX1Np6-3vIJ",
    "childNodes": [
      "Simultaneous image tagging and",
      "geo",
      "-location",
      "prediction",
      "within hypergraph ranking framework"
    ]
  },
  {
    "href": "https://www.scielo.br/j/rsbmt/a/9c3YmkLnh4cQNVVrQFKx7Sz/?lang=en",
    "id": "UF7qOMNtDN4J",
    "childNodes": [
      "Using epidemiological survey data to infer",
      "geographic",
      "distributions of leishmaniasis vector species"
    ]
  }
]