[
  {
    "href": "https://onlinelibrary.wiley.com/doi/abs/10.1111/j.0014-3820.2006.tb01893.x",
    "id": "Rt8kHVAWFIYJ",
    "childNodes": [
      "Does niche conservatism promote speciation? A case study in North American salamanders"
    ]
  },
  {
    "href": "https://www.sciencedirect.com/science/article/pii/S0277953610006337",
    "id": "nV1ESjifNRoJ",
    "childNodes": [
      "The availability of community ties predicts likelihood of peer referral for mammography:",
      "Geographic",
      "constraints on viral marketing"
    ]
  },
  {
    "href": "https://ieeexplore.ieee.org/abstract/document/10108434/",
    "id": "_nPcrvGkVS8J",
    "childNodes": [
      "Cross-view visual",
      "geo",
      "-localization for outdoor augmented reality"
    ]
  },
  {
    "href": "https://www.ncbi.nlm.nih.gov/pmc/articles/PMC8798744/",
    "id": "TMINO0eNfqIJ",
    "childNodes": [
      "… with SERPINE1-related module genes",
      "predict",
      "overall and recurrence-free survival after curative resection of gastric cancer: a study based on TCGA and",
      "GEO",
      "…"
    ]
  },
  {
    "href": "https://www.academia.edu/download/35461222/Paper_3.pdf",
    "id": "fCOnH-S4rhsJ",
    "childNodes": [
      "Modelling land use changes at the peri-urban areas using",
      "geographic",
      "information systems and cellular automata model"
    ]
  },
  {
    "href": "https://opg.optica.org/abstract.cfm?uri=ao-23-24-4486",
    "id": "zmHyMVxMvcgJ",
    "childNodes": [
      "Dispersion in",
      "GeO",
      "SUB",
      "–SiO",
      "SUB",
      "glasses"
    ]
  },
  {
    "href": "https://journals.plos.org/plosntds/article?id=10.1371/journal.pntd.0003931",
    "id": "2YbFfEejtZ4J",
    "childNodes": [
      "I",
      "Diversity and",
      "Geographic",
      "Potential across Nigeria, Cameroon and Chad: Further Support of a Novel West African Lineage"
    ]
  },
  {
    "href": "https://iopscience.iop.org/article/10.1088/1742-6596/2746/1/012034/meta",
    "id": "syLKCcczRSUJ",
    "childNodes": [
      "CF-LSTM-based post-maneuver position",
      "prediction",
      "for",
      "GEO",
      "spacecraft"
    ]
  },
  {
    "href": "https://ieeexplore.ieee.org/abstract/document/9338421/",
    "id": "sKDs9L7n45cJ",
    "childNodes": [
      "Context-aware deep representation learning for",
      "geo",
      "-spatiotemporal analysis"
    ]
  },
  {
    "href": "https://journals.plos.org/plosone/article?id=10.1371/journal.pone.0172562",
    "id": "7KJehoreIx8J",
    "childNodes": [
      "Investigating human",
      "geographic",
      "origins using dual-isotope (",
      "SUP",
      "Sr/",
      "SUP",
      "Sr, δ",
      "SUP",
      "O) assignment approaches"
    ]
  }
]