[
  {
    "href": "https://www.science.org/doi/abs/10.1126/science.285.5431.1265",
    "id": "TyRQPX_KDp8J",
    "childNodes": [
      "Conservatism of ecological niches in evolutionary time"
    ]
  },
  {
    "href": "https://ieeexplore.ieee.org/abstract/document/10689433/",
    "id": "nInu6vhfPEQJ",
    "childNodes": [
      "Design of",
      "Prediction",
      "Framework",
      "Geo",
      "-TA Utilizing Spatial and Temporal Water Quality Data integrating Meteorological Information"
    ]
  },
  {
    "href": "https://www.ncbi.nlm.nih.gov/pmc/articles/PMC4464538/",
    "id": "k7Fr_Imw_iMJ",
    "childNodes": [
      "An in silico analytical study of lung cancer and smokers datasets from gene expression omnibus (",
      "GEO",
      ") for",
      "prediction",
      "of differentially expressed genes"
    ]
  },
  {
    "href": "https://www.sciencedirect.com/science/article/pii/S0002939420301549",
    "id": "1FARtz-Io0gJ",
    "childNodes": [
      "Role of deep learning–quantified hyperreflective foci for the",
      "prediction",
      "of",
      "geographic",
      "atrophy progression"
    ]
  },
  {
    "href": "https://agupubs.onlinelibrary.wiley.com/doi/abs/10.1029/2021WR031623",
    "id": "OAxwYe-AXeYJ",
    "childNodes": [
      "Groundwater flow rate",
      "prediction",
      "from",
      "geo",
      "‐electrical features using support vector machines"
    ]
  },
  {
    "href": "https://www.sciencedirect.com/science/article/pii/S1002016006600763",
    "id": "7QBtTJZNl8UJ",
    "childNodes": [
      "Vegetation change",
      "prediction",
      "with",
      "geo",
      "-information techniques in the three gorges area of China"
    ]
  },
  {
    "href": "https://core.ac.uk/download/pdf/55899880.pdf",
    "id": "_xsr41s2nj4J",
    "childNodes": [
      "Chemical fate",
      "prediction",
      "for use in",
      "geo",
      "-referenced environmental exposure assessment"
    ]
  },
  {
    "href": "https://journals.plos.org/plosmedicine/article?id=10.1371/journal.pmed.1004451",
    "id": "r3MqgA5GQdEJ",
    "childNodes": [
      "Variability in performance of genetic-enhanced DXA-BMD",
      "prediction",
      "models across diverse ethnic and",
      "geographic",
      "populations: A risk",
      "prediction",
      "study"
    ]
  },
  {
    "href": "https://pubs.acs.org/doi/abs/10.1021/jf071211r",
    "id": "81pCJxDeDdcJ",
    "childNodes": [
      "Geography",
      "and Vintage",
      "Predicted",
      "by a Novel GIS Model of Wine δ",
      "SUP",
      "O"
    ]
  },
  {
    "href": "https://www.sciencedirect.com/science/article/pii/S1352231015304234",
    "id": "KRudthTi1C0J",
    "childNodes": [
      "Estimating daily PM2. 5 and PM10 across the complex",
      "geo",
      "-climate region of Israel using MAIAC satellite-based AOD data"
    ]
  }
]