[
  {
    "href": "https://journals.plos.org/plosntds/article?id=10.1371/journal.pntd.0003383",
    "id": "2NoHKkDnALwJ",
    "childNodes": [
      "Geographic",
      "Expansion of the Invasive Mosquito",
      "I",
      "across Panama—Implications for Control of Dengue and Chikungunya Viruses"
    ]
  },
  {
    "href": "https://direct.mit.edu/books/edited-volume/chapter-pdf/2306695/9780262285605_cad.pdf",
    "id": "7FLTc5OFNN8J",
    "childNodes": [
      "The death of cities? The death of distance? Evidence from the",
      "geography",
      "of commercial Internet usage"
    ]
  },
  {
    "href": "https://www.nature.com/articles/s41598-018-32753-z",
    "id": "TetNlwiz5WkJ",
    "childNodes": [
      "New experimental equipment recreating",
      "geo",
      "-reservoir conditions in large, fractured, porous samples to investigate coupled thermal, hydraulic and polyaxial stress …"
    ]
  },
  {
    "href": "https://www.frontiersin.org/articles/10.3389/fpls.2020.00969/full",
    "id": "9tewzZ9qYAwJ",
    "childNodes": [
      "Variation of Secondary Metabolite Profile of",
      "I",
      "Boiss. Populations Linked to",
      "Geographic",
      ", Climatic, and Edaphic Factors"
    ]
  },
  {
    "href": "https://academic.oup.com/qje/article-abstract/130/1/267/2338045",
    "id": "wwZrhseg6VAJ",
    "childNodes": [
      "The",
      "geography",
      "of interstate resource wars"
    ]
  },
  {
    "href": "https://academic.oup.com/njaf/article-abstract/21/2/83/4780148",
    "id": "NnYmIbVl0_UJ",
    "childNodes": [
      "Developing and evaluating tree height-diameter models at three",
      "geographic",
      "scales for black spruce in Ontario"
    ]
  },
  {
    "href": "https://ascelibrary.org/doi/abs/10.1061/9780784484975.002",
    "id": "IG8Hv9xKYykJ",
    "childNodes": [
      "Uncertainty quantification in",
      "predicting",
      "UCS using fully Bayesian Gaussian process regression with consideration of model class selection"
    ]
  },
  {
    "href": "https://link.springer.com/chapter/10.1007/978-3-319-06028-6_46",
    "id": "kBBhyA_zTdcJ",
    "childNodes": [
      "Geo",
      "-spatial domain expertise in microblogs"
    ]
  },
  {
    "href": "https://www.sciencedirect.com/science/article/pii/S0925231222012930",
    "id": "IxRlS0yKwjoJ",
    "childNodes": [
      "AsyLink: user identity linkage from text to",
      "geo",
      "-location via sparse labeled data"
    ]
  },
  {
    "href": "https://aslopubs.onlinelibrary.wiley.com/doi/abs/10.4319/lo.2000.45.8.1778",
    "id": "T-KFHPmdDWUJ",
    "childNodes": [
      "Geographic",
      "information system (GIS) analysis of ecosystem invasion: exotic mussels in Lake Erie"
    ]
  }
]