[
  {
    "href": "https://www.mdpi.com/2220-9964/7/8/298",
    "id": "-Ubj32bBR60J",
    "childNodes": [
      "Grid-based crime",
      "prediction",
      "using geographical features"
    ]
  },
  {
    "href": "https://www.academia.edu/download/38364008/01.pdf",
    "id": "yAQRi4vTh7oJ",
    "childNodes": [
      "Three-dimensional",
      "geo",
      "-morphological modelling of estuarine waters"
    ]
  },
  {
    "href": "https://www.tandfonline.com/doi/abs/10.1080/10106049.2021.1912194",
    "id": "LZpY2gSmwtEJ",
    "childNodes": [
      "Debris flows modeling using",
      "geo",
      "-environmental factors: developing hybridized deep-learning algorithms"
    ]
  },
  {
    "href": "https://www.sciencedirect.com/science/article/pii/S1161030196020011",
    "id": "knYM_-9DDeIJ",
    "childNodes": [
      "Surface runoff, soil erosion and water quality modelling in the Alpone watershed using AGNPS integrated with a",
      "Geographic",
      "Information System"
    ]
  },
  {
    "href": "https://www.inderscienceonline.com/doi/abs/10.1504/IJGW.2018.095995",
    "id": "0dzjVBSu6g0J",
    "childNodes": [
      "Predicting",
      "the different engine parameters of a rubber seed oil-ethanol dual fuel engine using artificial neural networks"
    ]
  },
  {
    "href": "https://www.spiedigitallibrary.org/conference-proceedings-of-spie/7492/749239/Design-and-application-analysis-of-prediction-system-of-geo-hazards/10.1117/12.837229.short",
    "id": "5_JqFR7LF-8J",
    "childNodes": [
      "Design and application analysis of",
      "prediction",
      "system of",
      "geo",
      "-hazards based on GIS in the three gorges reservoir"
    ]
  },
  {
    "href": "https://www.scirp.org/journal/paperinformation?paperid=57588",
    "id": "M9neWEYGLxAJ",
    "childNodes": [
      "Assessing and",
      "predicting",
      "changes in the status of Gambari forest reserve, Nigeria using remote sensing and GIS techniques"
    ]
  },
  {
    "href": "https://www.sciencedirect.com/science/article/pii/S0277379108002436",
    "id": "935U9I2J8bwJ",
    "childNodes": [
      "Reconstructing ecological niches and",
      "geographic",
      "distributions of caribou (Rangifer tarandus) and red deer (Cervus elaphus) during the Last Glacial Maximum"
    ]
  },
  {
    "href": "https://pubs.aip.org/aip/acp/article-abstract/3240/1/020016/3319081",
    "id": "6r8GLujBK_4J",
    "childNodes": [
      "Geo",
      "-specific development of thermal comfort",
      "prediction",
      "models: A machine learning approach using the ASHRAE dataset"
    ]
  },
  {
    "href": "https://link.springer.com/article/10.2116/analsci.20.871",
    "id": "VOXHr7UxKQEJ",
    "childNodes": [
      "Chemometric techniques on inorganic elements composition for the determination of the",
      "geographic",
      "origin of Welsh onions"
    ]
  }
]