[
  {
    "href": "https://www.pnas.org/doi/abs/10.1073/pnas.0510992103",
    "id": "AWgkrWK1I18J",
    "childNodes": [
      "Variation in the sensitivity of organismal body temperature to climate change over local and",
      "geographic",
      "scales"
    ]
  },
  {
    "href": "https://academic.oup.com/evolut/article-abstract/49/3/456/6870280",
    "id": "guyN6ItqNJIJ",
    "childNodes": [
      "GEOGRAPHIC",
      "VARIATION IN FEMALE PREFERENCES FOR MALE TRAITS IN",
      "I"
    ]
  },
  {
    "href": "https://rmets.onlinelibrary.wiley.com/doi/abs/10.1002/joc.4705",
    "id": "aELPTKaMbywJ",
    "childNodes": [
      "Modelling spatio‐temporally resolved air temperature across the complex",
      "geo",
      "‐climate area of France using satellite‐derived land surface temperature data"
    ]
  },
  {
    "href": "https://www.sciencedirect.com/science/article/pii/S095741741000504X",
    "id": "_zbaL4zwlZYJ",
    "childNodes": [
      "Forecasting air pollutant indicator levels with",
      "geographic",
      "models 3 days in advance using neural networks"
    ]
  },
  {
    "href": "https://www.aeaweb.org/articles?id=10.1257/app.20170616",
    "id": "TKEhN1BXQ8AJ",
    "childNodes": [
      "Trade and income—exploiting time series in",
      "geography"
    ]
  },
  {
    "href": "https://proceedings.neurips.cc/paper_files/paper/2023/hash/1b57aaddf85ab01a2445a79c9edc1f4b-Abstract-Conference.html",
    "id": "m_tNLn2RRBgJ",
    "childNodes": [
      "Geoclip: Clip-inspired alignment between locations and images for effective worldwide",
      "geo",
      "-localization"
    ]
  },
  {
    "href": "https://dl.acm.org/doi/abs/10.1145/3557918.3565875",
    "id": "-0SvPeWdPcgJ",
    "childNodes": [
      "Fine-grained location",
      "prediction",
      "of non",
      "geo",
      "-tagged tweets: a multi-view learning approach"
    ]
  },
  {
    "href": "https://link.springer.com/chapter/10.1007/978-3-031-19836-6_25",
    "id": "n901ylsiwRsJ",
    "childNodes": [
      "Gama: Cross-view video",
      "geo",
      "-localization"
    ]
  },
  {
    "href": "https://ntrs.nasa.gov/citations/20060024591",
    "id": "2qpT-3kcBHEJ",
    "childNodes": [
      "Comparison of orbital parameters for",
      "GEO",
      "debris",
      "predicted",
      "by LEGEND and Observed by MODEST: can sources of orbital debris be identified?"
    ]
  },
  {
    "href": "https://journals.plos.org/plosone/article?id=10.1371/journal.pone.0122605",
    "id": "NHWdhyisBx0J",
    "childNodes": [
      "Fungi identify the",
      "geographic",
      "origin of dust samples"
    ]
  }
]