[
  {
    "href": "https://onlinelibrary.wiley.com/doi/abs/10.1002/ldr.2215",
    "id": "kRQrqkhMS_AJ",
    "childNodes": [
      "Soil erosion assessment in kondoa eroded area in Tanzania using universal soil loss equation,",
      "geographic",
      "information systems and socioeconomic approach"
    ]
  },
  {
    "href": "https://dl.acm.org/doi/abs/10.1145/3474717.3483923",
    "id": "Gsd2IIwcRlwJ",
    "childNodes": [
      "Libcity: An open library for traffic",
      "prediction"
    ]
  },
  {
    "href": "https://www.dipterajournal.com/pdf/2014/vol1issue1/PartA/6.1-855.pdf",
    "id": "WSDYJBKegOEJ",
    "childNodes": [
      "A",
      "geo",
      "-spatial modeling for mapping of filariasis transmission risk in India, using remote sensing and GIS"
    ]
  },
  {
    "href": "https://link.springer.com/article/10.1007/s40948-018-0088-4",
    "id": "eocEsEGxtDYJ",
    "childNodes": [
      "Fracturing index-based brittleness",
      "prediction",
      "from geophysical logging data: application to Longmaxi shale"
    ]
  },
  {
    "href": "https://esajournals.onlinelibrary.wiley.com/doi/abs/10.2307/2963474",
    "id": "OYuqcUntsTAJ",
    "childNodes": [
      "Intraspecific variation in sapling mortality and growth predicts",
      "geographic",
      "variation in forest composition"
    ]
  },
  {
    "href": "https://agupubs.onlinelibrary.wiley.com/doi/abs/10.1029/2020JA028939",
    "id": "DbdYu3kPrTMJ",
    "childNodes": [
      "On the interplanetary parameter schemes which drive the variability of the source/seed electron population at",
      "GEO"
    ]
  },
  {
    "href": "https://core.ac.uk/download/pdf/301363221.pdf",
    "id": "nkfJeLmQmyAJ",
    "childNodes": [
      "Crime mapping through",
      "geo",
      "-spatial social media activity"
    ]
  },
  {
    "href": "https://www.sciencedirect.com/science/article/pii/S0267726118304871",
    "id": "ZGRD4BodHZEJ",
    "childNodes": [
      "Implementation of a soil-structure interface constitutive model for application in",
      "geo",
      "-structures"
    ]
  },
  {
    "href": "https://www.sciencedirect.com/science/article/pii/S0048969717321782",
    "id": "DSrlqIYgR14J",
    "childNodes": [
      "Influence of climatic and",
      "geographic",
      "factors on the spatial distribution of Qinghai spruce forests in the dryland Qilian Mountains of Northwest China"
    ]
  },
  {
    "href": "https://www.publish.csiro.au/wf/WF9950101",
    "id": "lSiV-3F43qcJ",
    "childNodes": [
      "A logit model for",
      "predicting",
      "the daily occurrence of human caused forest-fires"
    ]
  }
]