[
  {
    "href": "https://ieeexplore.ieee.org/abstract/document/6387632/",
    "id": "Kxo15sSZ_cAJ",
    "childNodes": [
      "Mountains forest fire spread simulator based on",
      "geo",
      "-cellular automaton combined with wang zhengfei velocity model"
    ]
  },
  {
    "href": "https://link.springer.com/article/10.1007/s40948-022-00518-8",
    "id": "XV4NVLQD8fQJ",
    "childNodes": [
      "Prediction",
      "and prevention of mining-induced water inrush from rock strata separation space by 3D similarity simulation testing: a case study of Yuan Zigou coal mine …"
    ]
  },
  {
    "href": "https://tobaccocontrol.bmj.com/content/20/Suppl_1/i42.short",
    "id": "N2PtNzDjyLQJ",
    "childNodes": [
      "Geographic",
      "patterns of cigarette butt waste in the urban environment"
    ]
  },
  {
    "href": "https://www.sciencedirect.com/science/article/pii/S2210670721004649",
    "id": "Ewbu0KW9rjYJ",
    "childNodes": [
      "Monitoring the effect of urban development on urban heat island based on remote sensing and",
      "geo",
      "-spatial approach in Kolkata and adjacent areas, India"
    ]
  },
  {
    "href": "https://journals.plos.org/plosone/article?id=10.1371/journal.pone.0032930",
    "id": "jYeFiDwOR88J",
    "childNodes": [
      "Geographic",
      "and racial variation in premature mortality in the US: analyzing the disparities"
    ]
  },
  {
    "href": "https://www.sciencedirect.com/science/article/pii/S0301421505000893",
    "id": "Me6bPHb-jJgJ",
    "childNodes": [
      "A",
      "geographic",
      "analysis of wind turbine placement in Northern California"
    ]
  },
  {
    "href": "https://link.springer.com/chapter/10.1007/978-3-319-78711-4_5",
    "id": "5bYUCdHWyzIJ",
    "childNodes": [
      "Geo",
      "-ICDTs: Principles and applications in agriculture"
    ]
  },
  {
    "href": "https://dl.acm.org/doi/abs/10.1145/1978942.1978976",
    "id": "AqiYGBSmZ6AJ",
    "childNodes": [
      "Tweets from Justin Bieber's heart: the dynamics of the location field in user profiles"
    ]
  },
  {
    "href": "https://www.jstor.org/stable/2408051",
    "id": "b9aYsQvMHoUJ",
    "childNodes": [
      "Sex determining temperatures in turtles: a",
      "geographic",
      "comparison"
    ]
  },
  {
    "href": "https://www.sciencedirect.com/science/article/pii/S0001706X03003152",
    "id": "X3Y-AaeNjeUJ",
    "childNodes": [
      "Mapping the potential distribution of Phlebotomus martini and P. orientalis (Diptera: Psychodidae), vectors of kala-azar in East Africa by use of",
      "geographic",
      "information …"
    ]
  }
]