[
  {
    "href": "https://journals.plos.org/plosone/article?id=10.1371/journal.pone.0189092",
    "id": "GeTisvfSgNEJ",
    "childNodes": [
      "Climate change influences on the potential",
      "geographic",
      "distribution of the disease vector tick",
      "I"
    ]
  },
  {
    "href": "https://www.researchgate.net/profile/Waleed-Al-Sit/publication/342761024_Real_Estate_Market_Data_Analysis_and_Prediction_Based_on_Minor_Advertisements_Data_and_Locations'_Geo-codes/links/5f1014be299bf1e548ba3ef0/Real-Estate-Market-Data-Analysis-and-Prediction-Based-on-Minor-Advertisements-Data-and-Locations-Geo-codes.pdf",
    "id": "YfQ_ELfB130J",
    "childNodes": [
      "Real estate market data analysis and",
      "prediction",
      "based on minor advertisements data and locations'",
      "geo",
      "-codes"
    ]
  },
  {
    "href": "https://www.spandidos-publications.com/or/40/6/3171",
    "id": "4EpkJyjHiAEJ",
    "childNodes": [
      "Downregulation of miR‑224‑5p in prostate cancer and its relevant molecular mechanism via TCGA,",
      "GEO",
      "database and in silico analyses"
    ]
  },
  {
    "href": "https://onlinelibrary.wiley.com/doi/abs/10.1002/(SICI)1096-9837(199802)23:2%3C95::AID-ESP849%3E3.0.CO;2-1",
    "id": "Plg79r8zSacJ",
    "childNodes": [
      "Modelling road surface sediment production using a vector",
      "geographic",
      "information system"
    ]
  },
  {
    "href": "https://link.springer.com/article/10.1007/s11082-024-07090-3",
    "id": "YXrrTpZ9eCkJ",
    "childNodes": [
      "On-orbit imager installation angles estimation and compensation based on time-series",
      "prediction",
      "method for",
      "GEO",
      "optical satellite"
    ]
  },
  {
    "href": "https://link.springer.com/article/10.1007/s12571-011-0141-4",
    "id": "R18X1PVbUvAJ",
    "childNodes": [
      "Threats to cassava production: known and potential",
      "geographic",
      "distribution of four key biotic constraints"
    ]
  },
  {
    "href": "https://bsapubs.onlinelibrary.wiley.com/doi/abs/10.3732/ajb.93.12.1757",
    "id": "9NRgDdxJ8IEJ",
    "childNodes": [
      "GIS‐based characterization of the",
      "geographic",
      "distributions of wild and cultivated populations of the Mesoamerican fruit tree",
      "I",
      "(Anacardiaceae)"
    ]
  },
  {
    "href": "https://agupubs.onlinelibrary.wiley.com/doi/abs/10.1002/2017gl075710",
    "id": "LIfUaz-paT4J",
    "childNodes": [
      "Estimating Ground‐Level PM",
      "SUB",
      "by Fusing Satellite and Station Observations: A",
      "Geo",
      "‐Intelligent Deep Learning Approach"
    ]
  },
  {
    "href": "https://link.springer.com/article/10.1007/s10661-025-13652-z",
    "id": "alPTXf8qOZEJ",
    "childNodes": [
      "Geo",
      "-environmental GIS modeling to",
      "predict",
      "flood hazard in heavy rainfall eastern Himalaya region: a precautionary measure towards disaster risk reduction"
    ]
  },
  {
    "href": "https://epubs.siam.org/doi/abs/10.1137/1.9781611974348.96",
    "id": "pQaiKxLOSqQJ",
    "childNodes": [
      "Infusing",
      "geo",
      "-recency mixture models for effective location",
      "prediction",
      "in LBSN"
    ]
  }
]