[
  {
    "href": "https://link.springer.com/article/10.1007/s41976-024-00101-7",
    "id": "5aHY_xjzFrEJ",
    "childNodes": [
      "Flood Susceptibility Map of Periyar River Basin Using",
      "Geo",
      "-spatial Technology and Machine Learning Approach"
    ]
  },
  {
    "href": "https://www.nature.com/articles/ncomms2301",
    "id": "7PETC2i-QRIJ",
    "childNodes": [
      "Spread of white-nose syndrome on a network regulated by",
      "geography",
      "and climate"
    ]
  },
  {
    "href": "https://www.academia.edu/download/94139613/8419.pdf",
    "id": "ZW6Y3FC9ENAJ",
    "childNodes": [
      "Modeling land use and land cover dynamic using",
      "geographic",
      "information system and Markov-CA"
    ]
  },
  {
    "href": "https://www.sciencedirect.com/science/article/pii/S1617138124001808",
    "id": "hk3JL37XMdMJ",
    "childNodes": [
      "Combining predictive distribution methods and life history to reduce",
      "geographic",
      "distribution shortfalls for two rocky Cerrado endemic leaf frogs"
    ]
  },
  {
    "href": "https://www.sciencedirect.com/science/article/pii/S0016706104002940",
    "id": "fUVo4GYZQ04J",
    "childNodes": [
      "Hydrology of soils and deep regolith: A nexus between soil",
      "geography",
      ", ecosystems and land management"
    ]
  },
  {
    "href": "https://journals.plos.org/plosone/article?id=10.1371/journal.pone.0218454",
    "id": "O3cDwHEy1-AJ",
    "childNodes": [
      "Scaling laws in",
      "geo",
      "-located Twitter data"
    ]
  },
  {
    "href": "https://www.mdpi.com/2220-9964/11/10/501",
    "id": "kONGue_dTioJ",
    "childNodes": [
      "Research into the optimal regulation of the groundwater table and quality in the southern plain of Beijing using",
      "geographic",
      "information systems data and machine …"
    ]
  },
  {
    "href": "https://www.repo.uni-hannover.de/handle/123456789/5050",
    "id": "4fjTOV5pZmUJ",
    "childNodes": [
      "High accurate pointwise (",
      "geo",
      "-) referencing of a k-tls based multi-sensor-system"
    ]
  },
  {
    "href": "https://hess.copernicus.org/articles/10/731/2006/",
    "id": "8KFKotBDYhoJ",
    "childNodes": [
      "Evolutionary geomorphology: thresholds and nonlinearity in landform response to environmental change"
    ]
  },
  {
    "href": "https://www.sciencedirect.com/science/article/pii/S0378112712005737",
    "id": "BnxBFr5fukwJ",
    "childNodes": [
      "Fixed physiological parameters in the 3-PG model produced accurate estimates of loblolly pine growth on sites in different",
      "geographic",
      "regions"
    ]
  }
]