[
  {
    "href": "https://journals.sagepub.com/doi/abs/10.1177/030913339501900403",
    "id": "zF8zti7r2dAJ",
    "childNodes": [
      "Predictive vegetation mapping:",
      "geographic",
      "modelling of biospatial patterns in relation to environmental gradients"
    ]
  },
  {
    "href": "https://www.fellenius.net/papers/257%20Orlando%20Prediction.pdf",
    "id": "xiM8FLr1krMJ",
    "childNodes": [
      "Murphy's law and the pile",
      "prediction",
      "event at the 2002 ASCE",
      "Geo",
      "Institute's Deep Foundation Conference"
    ]
  },
  {
    "href": "https://link.springer.com/article/10.1007/s10596-020-10006-1",
    "id": "4hB66vn7xSwJ",
    "childNodes": [
      "Predicting",
      "plume spreading during CO",
      "SUB",
      "",
      "geo",
      "-sequestration: benchmarking a new hybrid finite element–finite volume compositional simulator with asynchronous time …"
    ]
  },
  {
    "href": "https://europepmc.org/article/med/8644911",
    "id": "y0yvh9LW91wJ",
    "childNodes": [
      "Use of weather data and remote sensing to",
      "predict",
      "the",
      "geographic",
      "and seasonal distribution of Phlebotomus papatasi in southwest Asia."
    ]
  },
  {
    "href": "https://www.sciencedirect.com/science/article/pii/S0273117712000531",
    "id": "7m8ftkfoFEMJ",
    "childNodes": [
      "Strategy to search fragments from breakups in",
      "GEO"
    ]
  },
  {
    "href": "https://enviromicro-journals.onlinelibrary.wiley.com/doi/abs/10.1111/1758-2229.12485",
    "id": "hsFH3pOCD2MJ",
    "childNodes": [
      "Plant community,",
      "geographic",
      "distance and abiotic factors play different roles in",
      "predicting",
      "AMF biogeography at the regional scale in northern China"
    ]
  },
  {
    "href": "https://www.tandfonline.com/doi/abs/10.1111/j.1467-8306.1984.tb01473.x",
    "id": "rdKkhSbHVRwJ",
    "childNodes": [
      "The",
      "geography",
      "of organic decomposition rates"
    ]
  },
  {
    "href": "https://journals.plos.org/plosone/article?id=10.1371/journal.pone.0156029",
    "id": "1oK1UGZ1AvoJ",
    "childNodes": [
      "Improved",
      "predictions",
      "of the",
      "geographic",
      "distribution of invasive plants using climatic niche models"
    ]
  },
  {
    "href": "https://journals.sagepub.com/doi/abs/10.1177/03611981231209321",
    "id": "OWRRxn-KnIwJ",
    "childNodes": [
      "Using aggregated fine",
      "geo",
      "-resolution vehicle telemetric data to",
      "predict",
      "crash occurrence"
    ]
  },
  {
    "href": "https://link.springer.com/article/10.1007/s10530-006-9072-y",
    "id": "ijedOkZwoa8J",
    "childNodes": [
      "Modelling the potential",
      "geographic",
      "distribution of invasive ant species in New Zealand"
    ]
  }
]