[
  {
    "href": "https://www.scielo.br/j/bn/a/5JX4NRsxnKY5vt8qZCGm9bt/?format=html&lang=en",
    "id": "N6CWnttqdSkJ",
    "childNodes": [
      "Consequences of global climate change for",
      "geographic",
      "distributions of cerrado tree species"
    ]
  },
  {
    "href": "https://onlinelibrary.wiley.com/doi/abs/10.1111/oik.01490",
    "id": "3BbsRXSG8uoJ",
    "childNodes": [
      "Geographic",
      "mosaics of phenology, host preference, adult size and microhabitat choice",
      "predict",
      "butterfly resilience to climate warming"
    ]
  },
  {
    "href": "https://www.cambridge.org/core/journals/paleobiology/article/habitat-breadth-and-geographic-range-predict-diversity-dynamics-in-marine-mesozoic-bivalves/7325FEE810C783758EFF1BA79BC10345",
    "id": "YBS-41vvwSoJ",
    "childNodes": [
      "Habitat breadth and",
      "geographic",
      "range",
      "predict",
      "diversity dynamics in marine Mesozoic bivalves"
    ]
  },
  {
    "href": "https://ieeexplore.ieee.org/abstract/document/9555830/",
    "id": "oWlVuPTO8OUJ",
    "childNodes": [
      "Geo",
      "-context aware study of vision-based autonomous driving models and spatial video data"
    ]
  },
  {
    "href": "https://epubs.siam.org/doi/abs/10.1137/1.9781611972832.19",
    "id": "AHgNhha28Z0J",
    "childNodes": [
      "What's your next move: User activity",
      "prediction",
      "in location-based social networks"
    ]
  },
  {
    "href": "https://www.mdpi.com/1999-4907/14/2/379",
    "id": "ZPu6WRyrxZIJ",
    "childNodes": [
      "Comparative analysis of remote sensing and",
      "geo",
      "-statistical techniques to quantify forest biomass"
    ]
  },
  {
    "href": "https://koreascience.kr/article/JAKO200510103497122.page",
    "id": "qvz1nZfaPXkJ",
    "childNodes": [
      "Application of geostatistical method for",
      "geo",
      "-layer information"
    ]
  },
  {
    "href": "https://onlinelibrary.wiley.com/doi/abs/10.1111/btp.12555",
    "id": "fylV3iyhZd4J",
    "childNodes": [
      "Host plant distributions and climate interact to affect the",
      "predicted geographic",
      "distribution of a Neotropical termite"
    ]
  },
  {
    "href": "https://onlinelibrary.wiley.com/doi/abs/10.1111/j.1948-7134.2009.00017.x",
    "id": "1IF-rz0SR6kJ",
    "childNodes": [
      "The present distribution and",
      "predicted geographic",
      "expansion of the floodwater mosquito",
      "I",
      "in Sweden"
    ]
  },
  {
    "href": "https://ieeexplore.ieee.org/abstract/document/1311541/",
    "id": "ptGwkhAGGWgJ",
    "childNodes": [
      "The effect of mobility-induced location errors on",
      "geographic",
      "routing in ad hoc networks: analysis and improvement using mobility",
      "prediction"
    ]
  }
]