[
  {
    "href": "https://ascelibrary.org/doi/abs/10.1061/9780784482780.032",
    "id": "_krlndA1BXMJ",
    "childNodes": [
      "Results of a class C blind",
      "prediction",
      "competition on the numerical simulation of a large-scale liquefaction shaking table test"
    ]
  },
  {
    "href": "https://link.springer.com/article/10.1007/s00367-019-00601-2",
    "id": "rXpXjezb1pQJ",
    "childNodes": [
      "Is density enough to",
      "predict",
      "the rheology of natural sediments?"
    ]
  },
  {
    "href": "https://link.springer.com/article/10.1007/s11356-022-24153-8",
    "id": "ZpqhSnOxm2UJ",
    "childNodes": [
      "Megacities' environmental assessment for Iraq region using satellite image and",
      "geo",
      "-spatial tools"
    ]
  },
  {
    "href": "https://www.tandfonline.com/doi/abs/10.1080/10095020.2018.1523995",
    "id": "wp4iEc4PyBwJ",
    "childNodes": [
      "Geographic",
      "information technology usage in developing countries–A case study in Mozambique"
    ]
  },
  {
    "href": "https://agupubs.onlinelibrary.wiley.com/doi/abs/10.1029/JZ066i010p03351",
    "id": "-TaW7-SKTNsJ",
    "childNodes": [
      "Variation of soil erodibility with geology,",
      "geographic",
      "zone, elevation, and vegetation type in northern California wildlands"
    ]
  },
  {
    "href": "https://nph.onlinelibrary.wiley.com/doi/abs/10.1111/j.1469-8137.2007.02349.x",
    "id": "EQWBxVu-C7UJ",
    "childNodes": [
      "Increased seed dispersal potential towards",
      "geographic",
      "range limits in a Pacific coast dune plant"
    ]
  },
  {
    "href": "https://link.springer.com/chapter/10.1007/978-1-60327-146-2_9",
    "id": "mU9dmvXOJe8J",
    "childNodes": [
      "Geographic",
      "profiling of terrorist attacks"
    ]
  },
  {
    "href": "https://link.springer.com/article/10.1007/s40948-022-00520-0",
    "id": "duS_4phgDmYJ",
    "childNodes": [
      "Pre-drill pore pressure",
      "prediction",
      "from 1D seismic velocity profile to 3D modeling using high resolution full waveform inversion velocity (FWI): Deep water offshore …"
    ]
  },
  {
    "href": "https://ascelibrary.org/doi/abs/10.1061/9780784484975.023",
    "id": "5729sxbLIRsJ",
    "childNodes": [
      "A Comparative Study of Ensemble Methods for",
      "Prediction",
      "of Surface Settlement Induced by TBM Tunneling"
    ]
  },
  {
    "href": "https://link.springer.com/article/10.1007/s11852-010-0118-z",
    "id": "pNGGgI3Er58J",
    "childNodes": [
      "Geo",
      "-environmental hazards assessment of the north western Gulf of Suez, Egypt"
    ]
  }
]