[
  {
    "href": "https://onepetro.org/IPTCONF/proceedings-abstract/24IPTC/3-24IPTC/542761",
    "id": "4rCvjtbnv9cJ",
    "childNodes": [
      "Prediction",
      "of Pure Mineral-H",
      "SUB",
      "-Brine Wettability Using Data-Driven Machine Learning Modeling: Implications for H",
      "SUB",
      "",
      "Geo",
      "-Storage"
    ]
  },
  {
    "href": "https://www.tandfonline.com/doi/abs/10.1080/19490976.2020.1736973",
    "id": "yN5mqf0gWjAJ",
    "childNodes": [
      "Human behavior, not race or",
      "geography",
      ", is the strongest",
      "predictor",
      "of microbial succession in the gut bacteriome of infants"
    ]
  },
  {
    "href": "https://journals.sagepub.com/doi/abs/10.1177/1350650117697594",
    "id": "hHpE1hXZd_4J",
    "childNodes": [
      "A mixed finite element and analytical method to",
      "predict",
      "load, mechanical power loss and improved efficiency in non-standard spur gear drives"
    ]
  },
  {
    "href": "https://pubs.acs.org/doi/abs/10.1021/acs.energyfuels.4c05629",
    "id": "ist2OcBnMSUJ",
    "childNodes": [
      "Advanced Smart Models for",
      "Predicting",
      "Interfacial Tension in Brine-Hydrogen/Cushion Gas Systems: Implication for Hydrogen",
      "Geo",
      "-Storage"
    ]
  },
  {
    "href": "https://elibrary.asabe.org/abstract.asp?aid=27674",
    "id": "7FVgzDT3wwYJ",
    "childNodes": [
      "Geographic",
      "operating range evaluation of a NIR soil sensor"
    ]
  },
  {
    "href": "https://www.tandfonline.com/doi/abs/10.1080/15325008.2023.2218368",
    "id": "W1RasKn7SN4J",
    "childNodes": [
      "Intelligent controller design and fault",
      "prediction",
      "for renewable energy sources using bi-directional GRU and",
      "GEO",
      "Methods"
    ]
  },
  {
    "href": "https://dl.acm.org/doi/abs/10.1145/2663204.2663254",
    "id": "ypwjQd4loQsJ",
    "childNodes": [
      "Once upon a crime: towards crime",
      "prediction",
      "from demographics and mobile data"
    ]
  },
  {
    "href": "https://www.sciencedirect.com/science/article/pii/S0094576515000351",
    "id": "plI6A2r3CoYJ",
    "childNodes": [
      "Lunar shadow eclipse",
      "prediction",
      "models for the Earth orbiting spacecraft: Comparison and application to LEO and",
      "GEO",
      "spacecrafts"
    ]
  },
  {
    "href": "https://www.tandfonline.com/doi/abs/10.1080/19475680903250715",
    "id": "sWZkFn1iQl0J",
    "childNodes": [
      "Geographic",
      "information systems and science: today and tomorrow"
    ]
  },
  {
    "href": "https://www.microsoft.com/en-us/research/publication/st-mvl-filling-missing-values-in-geo-sensory-time-series-data/",
    "id": "SSFCVUgP1cwJ",
    "childNodes": [
      "ST-MVL: Filling missing values in",
      "geo",
      "-sensory time series data"
    ]
  }
]