[
  {
    "href": "https://icaarconcrete.org/wp-content/uploads/2022/10/13ICAAR-GregerovaM-1.pdf",
    "id": "9hA6ZmerFZUJ",
    "childNodes": [
      "Geo",
      "-Visualization of aggregate for AAR",
      "prediction",
      "and its importance for risk management"
    ]
  },
  {
    "href": "https://hess.copernicus.org/articles/13/1273/2009/",
    "id": "6FCLabG95eMJ",
    "childNodes": [
      "Threshold behaviour in hydrological systems as (human)",
      "geo",
      "-ecosystems: manifestations, controls, implications"
    ]
  },
  {
    "href": "https://onepetro.org/SPEUGM/proceedings-abstract/15UGM/2-15UGM/183303",
    "id": "2PmOpSgoCWIJ",
    "childNodes": [
      "Geo",
      "-engineered completion optimization: an integrated, multi-disciplinary approach to improve stimulation efficiency in unconventional shale reservoirs"
    ]
  },
  {
    "href": "https://content.iospress.com/articles/journal-of-intelligent-and-fuzzy-systems/ifs223105",
    "id": "0tGl1YzhrUUJ",
    "childNodes": [
      "Diabetes disease",
      "prediction",
      "using firefly optimization-based cat-boost classifier in big data analytics"
    ]
  },
  {
    "href": "https://www.sciencedirect.com/science/article/pii/S0143622809000289",
    "id": "1r6Qr4IP6AsJ",
    "childNodes": [
      "Predicting",
      "the spatial distribution of gambling vulnerability: An application of gravity modeling using ABS Mesh Blocks"
    ]
  },
  {
    "href": "https://www.sciencedirect.com/science/article/pii/S0168170209001786",
    "id": "tKt_EL3hXx8J",
    "childNodes": [
      "… of the RNA-dependent RNA polymerase (RdRp) and a",
      "predicted",
      "structural protein (pSP) of the Chronic bee paralysis virus (CBPV) isolated from various",
      "geographic",
      "…"
    ]
  },
  {
    "href": "https://link.springer.com/article/10.1007/s41748-024-00535-5",
    "id": "DmmRVRHT_5sJ",
    "childNodes": [
      "An innovative",
      "geo",
      "-AI approach in estimating high-resolution urban ambient fungal spore variations"
    ]
  },
  {
    "href": "https://dl.acm.org/doi/abs/10.1145/3123266.3123336",
    "id": "KrxMhJrwxN0J",
    "childNodes": [
      "Photo2Trip: Exploiting visual contents in",
      "geo",
      "-tagged photos for personalized tour recommendation"
    ]
  },
  {
    "href": "https://ieeexplore.ieee.org/abstract/document/9042311/",
    "id": "aZ9pTXFLRxwJ",
    "childNodes": [
      "Disaggregating county-level census data for population mapping using residential",
      "geo",
      "-objects with multisource",
      "geo",
      "-spatial data"
    ]
  },
  {
    "href": "https://www.ecosimpro.com/wp-content/uploads/2015/02/SpacePropulsion2012_2355255.pdf",
    "id": "rz8ody0A2_IJ",
    "childNodes": [
      "Small",
      "GEO",
      "xenon propellant supply assembly pressure regulator panel: test results and comparison with ecosimpro",
      "predictions"
    ]
  }
]