[
  {
    "href": "https://link.springer.com/article/10.1186/1756-3305-7-350",
    "id": "79DFRaDUUL4J",
    "childNodes": [
      "Multilevel and",
      "geo",
      "-statistical modeling of malaria risk in children of Burkina Faso"
    ]
  },
  {
    "href": "https://link.springer.com/article/10.1007/s40808-017-0369-x",
    "id": "2jR5OjYWTxQJ",
    "childNodes": [
      "Application of automatic relevance determination model for groundwater quality index",
      "prediction",
      "by combining hydro-geochemical and",
      "geo",
      "-electrical data"
    ]
  },
  {
    "href": "https://www.sciencedirect.com/science/article/pii/S0143622821001685",
    "id": "zCpw3XR3dGQJ",
    "childNodes": [
      "Combining night time lights in",
      "prediction",
      "of poverty incidence at the county level"
    ]
  },
  {
    "href": "https://agupubs.onlinelibrary.wiley.com/doi/abs/10.1029/2024SW004119",
    "id": "usOGDDspwGUJ",
    "childNodes": [
      "Comparative analysis of TPA‐LSTM and transformer models for forecasting",
      "GEO",
      "radiation belt electron fluxes"
    ]
  },
  {
    "href": "https://onlinelibrary.wiley.com/doi/abs/10.1002/ece3.1120",
    "id": "JGbdKTivLg8J",
    "childNodes": [
      "Geographic",
      "selection bias of occurrence data influences transferability of invasive",
      "I",
      "distribution models"
    ]
  },
  {
    "href": "https://pubs.rsc.org/en/content/articlehtml/1991/ja/ja9910600637",
    "id": "XCmbTNcex6UJ",
    "childNodes": [
      "Determination of",
      "geographic",
      "origin of agricultural products by multivariate analysis of trace element composition"
    ]
  },
  {
    "href": "http://tethys.pnl.gov/sites/default/files/publications/Moses%20and%20Finn%201997.pdf",
    "id": "LfjlT6CVG3YJ",
    "childNodes": [
      "Using",
      "geographic",
      "information systems to",
      "predict",
      "North Atlantic right whale(Eubalaena glacialis) habitat"
    ]
  },
  {
    "href": "https://iwaponline.com/washdev/article-abstract/9/2/258/66476",
    "id": "SdwO0FQXq3kJ",
    "childNodes": [
      "Geo",
      "-spatial modeling of access to water and sanitation in Nigeria"
    ]
  },
  {
    "href": "https://www.sciencedirect.com/science/article/pii/S0168169915003580",
    "id": "bTvwSFlkU5sJ",
    "childNodes": [
      "Classification of",
      "geographic",
      "origin of rice by data mining and inductively coupled plasma mass spectrometry"
    ]
  },
  {
    "href": "https://www.sciencedirect.com/science/article/pii/S0143622820301351",
    "id": "4uomjk4bBHcJ",
    "childNodes": [
      "Predicting",
      "the joint effects of future climate and land use change on ecosystem health in the Middle Reaches of the Yangtze River Economic Belt, China"
    ]
  }
]