[
  {
    "href": "https://link.springer.com/article/10.1186/1741-7007-10-20",
    "id": "VEpTLf6VygkJ",
    "childNodes": [
      "Ring distributions leading to species formation: a global topographic analysis of",
      "geographic",
      "barriers associated with ring species"
    ]
  },
  {
    "href": "https://onlinelibrary.wiley.com/doi/abs/10.1111/geb.12419",
    "id": "QRTYl7CzBvUJ",
    "childNodes": [
      "Correlates of extinction risk in squamate reptiles: the relative importance of biology,",
      "geography",
      ", threat and range size"
    ]
  },
  {
    "href": "https://www.sciencedirect.com/science/article/pii/S0304380002003496",
    "id": "Qkfv4w4Q2kMJ",
    "childNodes": [
      "Evaluating predictive models of species' distributions: criteria for selecting optimal models"
    ]
  },
  {
    "href": "http://gtg.webhost.uoradea.ro/PDF/GTG-3-2021/gtg.37310-712.pdf",
    "id": "gMTVSZZbfdsJ",
    "childNodes": [
      "Predicting",
      "organizational citizenship behavior through psychological ownership and job satisfaction in four-star hotels"
    ]
  },
  {
    "href": "https://www.tandfonline.com/doi/abs/10.1111/j.1467-8306.1987.tb00158.x",
    "id": "0xmlWSdEokQJ",
    "childNodes": [
      "The fractal nature of",
      "geographic",
      "phenomena"
    ]
  },
  {
    "href": "https://www.sciopen.com/article/10.26804/ager.2019.04.02",
    "id": "DDGWyn1iESoJ",
    "childNodes": [
      "An improved method for",
      "predicting",
      "CO",
      "SUB",
      "minimum miscibility pressure based on artificial neural network"
    ]
  },
  {
    "href": "https://www.jstor.org/stable/3544974",
    "id": "8iH8Zry1Iz0J",
    "childNodes": [
      "The relationship between vulnerability to predation and behavior of larval treehole mosquitoes:",
      "geographic",
      "and ontogenetic differences"
    ]
  },
  {
    "href": "https://journals.plos.org/plosone/article?id=10.1371/journal.pone.0187769",
    "id": "1Y3EdTcwFHMJ",
    "childNodes": [
      "Testing the Sensory Drive Hypothesis:",
      "Geographic",
      "variation in echolocation frequencies of Geoffroy's horseshoe bat (Rhinolophidae:",
      "I",
      ")"
    ]
  },
  {
    "href": "https://journals.lww.com/co-ophthalmology/fulltext/2024/11000/artificial_intelligence_for_geographic_atrophy_.5.aspx?context=latestarticles",
    "id": "X9EBSFUHLAgJ",
    "childNodes": [
      "Artificial intelligence for",
      "geographic",
      "atrophy: pearls and pitfalls"
    ]
  },
  {
    "href": "https://www.cambridge.org/core/journals/american-political-science-review/article/when-distance-mattered-geographic-scale-and-the-development-of-european-representative-assemblies/C2976BE08D56CFA706FA4BEC674700B7",
    "id": "iI6ocJ-mLSAJ",
    "childNodes": [
      "When distance mattered:",
      "geographic",
      "scale and the development of European representative assemblies"
    ]
  }
]