[
  {
    "href": "https://www.nature.com/articles/srep43822",
    "id": "FedIVjAdY-sJ",
    "childNodes": [
      "Potential effects of climate change on",
      "geographic",
      "distribution of the Tertiary relict tree species",
      "I",
      "in China"
    ]
  },
  {
    "href": "https://www.isprs.org/PROCEEDINGS/XXXVI/5-C55/papers/wang_jianguo.pdf",
    "id": "UN2BHxk2iWwJ",
    "childNodes": [
      "Neural network aided Kalman filtering for integrated GPS/INS",
      "geo",
      "-referencing platform"
    ]
  },
  {
    "href": "https://link.springer.com/article/10.1186/1687-1499-2014-137",
    "id": "xmS5XkBYFj0J",
    "childNodes": [
      "Geographic",
      "routing based on predictive locations in vehicular",
      "I",
      "networks"
    ]
  },
  {
    "href": "https://www.sciencedirect.com/science/article/pii/S0022098111000578",
    "id": "65XKPxicyHQJ",
    "childNodes": [
      "Geographic",
      "variation in temperature tolerance as an indicator of potential population responses to climate change"
    ]
  },
  {
    "href": "https://www.mdpi.com/2220-9964/7/3/82",
    "id": "lWVi-JQfA40J",
    "childNodes": [
      "A novel approach to site selection: collaborative multi-criteria decision making through",
      "geo",
      "-social network (case study: public parking)"
    ]
  },
  {
    "href": "https://www.nature.com/articles/s41598-019-44626-0",
    "id": "A2OjL4wkZtEJ",
    "childNodes": [
      "Global",
      "geographic",
      "patterns of heterospecific pollen receipt help uncover potential ecological and evolutionary impacts across plant communities worldwide"
    ]
  },
  {
    "href": "https://link.springer.com/article/10.1186/1472-6947-10-18",
    "id": "czrOzYvjpZ8J",
    "childNodes": [
      "A method for managing re-identification risk from small",
      "geographic",
      "areas in Canada"
    ]
  },
  {
    "href": "https://onlinelibrary.wiley.com/doi/abs/10.2307/3237063",
    "id": "qx9gpogFwTsJ",
    "childNodes": [
      "Geographic",
      "patterns of simulated establishment of two",
      "I",
      "species: implications for distributions of dominants and ecotones"
    ]
  },
  {
    "href": "https://link.springer.com/article/10.1007/s11631-018-0291-6",
    "id": "VvYRWaotjS4J",
    "childNodes": [
      "Comprehensive geochemical/hydrochemical and",
      "geo",
      "-thermometry analysis of Unai geothermal field, Gujarat, India"
    ]
  },
  {
    "href": "https://koreascience.kr/article/JAKO202221643396540.page",
    "id": "Kz-i2jc8FPMJ",
    "childNodes": [
      "Development of Machine Learning Model to",
      "predict",
      "the ground subsidence risk grade according to the Characteristics of underground facility"
    ]
  }
]