[
  {
    "href": "https://www.biodiversity-science.net/EN/10.3724/SP.J.1003.2014.08178",
    "id": "P-7ZpM3S_x8J",
    "childNodes": [
      "Improving ecological niche model transferability to",
      "predict",
      "the potential distribution of invasive exotic species"
    ]
  },
  {
    "href": "https://peerj.com/articles/10139/table-6/",
    "id": "C6s2k9lcV_oJ",
    "childNodes": [
      "Regional infectious risk",
      "prediction",
      "of COVID-19 based on",
      "geo",
      "-spatial data"
    ]
  },
  {
    "href": "https://www.sciencedirect.com/science/article/pii/S1617138112001021",
    "id": "4MosLxUHBIMJ",
    "childNodes": [
      "Modelling",
      "geographic",
      "distribution and detecting conservation gaps in Italy for the threatened beetle Rosalia alpina"
    ]
  },
  {
    "href": "https://analytics.ng/wp-content/uploads/2020/04/Questioning-Geography-Fundamental-Debates-Analytics.NG_.pdf#page=221",
    "id": "SIbTc6kiH9IJ",
    "childNodes": [
      "Models, modelling, and",
      "geography"
    ]
  },
  {
    "href": "https://academic.oup.com/jamia/article-abstract/16/2/256/960457",
    "id": "l6yRk9VKHVIJ",
    "childNodes": [
      "Evaluating predictors of",
      "geographic",
      "area population size cut-offs to manage re-identification risk"
    ]
  },
  {
    "href": "https://ebooks.iospress.nl/doi/10.3233/978-1-61499-806-8-126",
    "id": "0B5QFlrxc-MJ",
    "childNodes": [
      "Geo",
      "-temporal recurrent model for location",
      "prediction"
    ]
  },
  {
    "href": "https://www.annualreviews.org/content/journals/10.1146/annurev.ecolsys.110308.120159",
    "id": "sav8YvJaZagJ",
    "childNodes": [
      "Species distribution models: ecological explanation and",
      "prediction",
      "across space and time"
    ]
  },
  {
    "href": "https://www.mdpi.com/2075-5309/14/11/3505",
    "id": "ZETEKxsX76IJ",
    "childNodes": [
      "Soft Computing Techniques to Model the Compressive Strength in",
      "Geo",
      "-Polymer Concrete: Approaches Based on an Adaptive Neuro-Fuzzy Inference System"
    ]
  },
  {
    "href": "https://www.sciencedirect.com/science/article/pii/S1574119210000568",
    "id": "Irxs9nbOmE8J",
    "childNodes": [
      "Urban cycles and mobility patterns: Exploring and",
      "predicting",
      "trends in a bicycle-based public transport system"
    ]
  },
  {
    "href": "https://citeseerx.ist.psu.edu/document?repid=rep1&type=pdf&doi=31056398a292c1cb7ff7e7f21f1a541438b68032",
    "id": "XOaAR7uE33YJ",
    "childNodes": [
      "Spatial analytical methods and",
      "geographic",
      "information systems: use in health research and epidemiology"
    ]
  }
]