[
  {
    "href": "https://ieeexplore.ieee.org/abstract/document/10542454/",
    "id": "d9KCVhSrVdIJ",
    "childNodes": [
      "Geo",
      "-spatial and temporal relation driven vehicle motion",
      "prediction",
      ": A",
      "geographic",
      "perspective"
    ]
  },
  {
    "href": "https://www.sciencedirect.com/science/article/pii/0025556488900752",
    "id": "l_bLcsdV2NsJ",
    "childNodes": [
      "A mathematical model for",
      "predicting",
      "the",
      "geographic",
      "spread of new infectious agents"
    ]
  },
  {
    "href": "https://onepetro.org/SPEMEOS/proceedings-abstract/23MEOS/1-23MEOS/517248",
    "id": "ngSRFTcOJlAJ",
    "childNodes": [
      "Data-Driven Machine Learning Modeling of Mineral/CO",
      "SUB",
      "/Brine Wettability",
      "Prediction",
      ": Implications for CO",
      "SUB",
      "",
      "Geo",
      "-Storage"
    ]
  },
  {
    "href": "https://www.tandfonline.com/doi/abs/10.1080/15614260701615045",
    "id": "JKvAZPpKCjYJ",
    "childNodes": [
      "Improving",
      "geographic",
      "profiling through commuter/marauder",
      "prediction"
    ]
  },
  {
    "href": "https://www.sciencedirect.com/science/article/pii/S0273117714004360",
    "id": "QbsAewOc5wMJ",
    "childNodes": [
      "Orbit determination and",
      "prediction",
      "of",
      "GEO",
      "satellite of BeiDou during repositioning maneuver"
    ]
  },
  {
    "href": "https://www.sciencedirect.com/science/article/pii/S1532046421002707",
    "id": "A80UjtSLDCkJ",
    "childNodes": [
      "EPIsembleVis: A",
      "geo",
      "-visual analysis and comparison of the",
      "prediction",
      "ensembles of multiple COVID-19 models"
    ]
  },
  {
    "href": "https://www.sciencedirect.com/science/article/pii/S0924271622000880",
    "id": "rsSv9dQNxawJ",
    "childNodes": [
      "Deep residential representations: Using unsupervised learning to unlock elevation data for",
      "geo",
      "-demographic",
      "prediction"
    ]
  },
  {
    "href": "https://ieeexplore.ieee.org/abstract/document/6477824/",
    "id": "AOsZysWKtIIJ",
    "childNodes": [
      "A",
      "geographic",
      "mobility",
      "prediction",
      "routing protocol for ad hoc UAV network"
    ]
  },
  {
    "href": "https://link.springer.com/article/10.1186/s40537-020-0284-2",
    "id": "J5WjV6Bn7ngJ",
    "childNodes": [
      "Learning-based power",
      "prediction",
      "for",
      "geo",
      "-distributed Data Centers: weather parameter analysis"
    ]
  },
  {
    "href": "https://www.sciencedirect.com/science/article/pii/S2352152X23019643",
    "id": "R3_nYnjoyP0J",
    "childNodes": [
      "Prediction",
      "of interfacial wetting behavior of H2/mineral/brine; implications for H2",
      "geo",
      "-storage"
    ]
  }
]