[
  {
    "href": "https://academic.oup.com/evolut/article-abstract/61/10/2340/6853920",
    "id": "OBKqnJ2q0jAJ",
    "childNodes": [
      "Cuckoo parasitism and productivity in different magpie subpopulations",
      "predict",
      "frequencies of the 457bp allele: a mosaic of coevolution at a small",
      "geographic",
      "scale"
    ]
  },
  {
    "href": "https://www.nature.com/articles/s41559-017-0353-x",
    "id": "U8wr1YagvF4J",
    "childNodes": [
      "Thermal limits to the",
      "geographic",
      "distributions of shallow-water marine species"
    ]
  },
  {
    "href": "https://dl.acm.org/doi/abs/10.1145/3557918.3565868",
    "id": "9bcW7qAfjTkJ",
    "childNodes": [
      "IM2City: image",
      "geo",
      "-localization via multi-modal learning"
    ]
  },
  {
    "href": "https://www.sciencedirect.com/science/article/pii/S0010482522009556",
    "id": "2SRuCcpSZxIJ",
    "childNodes": [
      "An efficient Alzheimer's disease",
      "prediction",
      "based on MEPC-SSC segmentation and momentum",
      "geo",
      "-transient MLPs"
    ]
  },
  {
    "href": "https://journals.ametsoc.org/view/journals/wefo/7/3/1520-0434_1992_007_0410_sagviq_2_0_co_2.xml?tab_body=abstract-display",
    "id": "w_-HZFSIqeYJ",
    "childNodes": [
      "Seasonal and",
      "geographic",
      "variations in quantitative precipitation",
      "prediction",
      "by NMC's Nested-Grid Model and Medium-Range Forecast Model"
    ]
  },
  {
    "href": "https://www.mdpi.com/2071-1050/13/9/4830",
    "id": "wOMG1C2WMVgJ",
    "childNodes": [
      "Landslide",
      "geo",
      "-hazard risk mapping using logistic regression modeling in Guixi, Jiangxi, China"
    ]
  },
  {
    "href": "https://journals.plos.org/plosntds/article?id=10.1371/journal.pntd.0007322",
    "id": "m0ZROovEr1UJ",
    "childNodes": [
      "Geographic",
      "shifts in",
      "I",
      "habitat suitability in Ecuador using larval surveillance data and ecological niche modeling: Implications of climate change for …"
    ]
  },
  {
    "href": "https://dl.acm.org/doi/abs/10.1145/2020408.2020575",
    "id": "Q2dsQbEkgmcJ",
    "childNodes": [
      "Exploiting place features in link",
      "prediction",
      "on location-based social networks"
    ]
  },
  {
    "href": "https://dl.acm.org/doi/abs/10.1145/2528548",
    "id": "KpsfXWXBzaEJ",
    "childNodes": [
      "Home location identification of twitter users"
    ]
  },
  {
    "href": "https://www.ncbi.nlm.nih.gov/pmc/articles/PMC8576698/",
    "id": "frZtwoCrtp0J",
    "childNodes": [
      "Identification of a novel iron zinc finger protein 36 (ZFP36) for",
      "predicting",
      "the overall survival of osteosarcoma based on the Gene Expression Omnibus (",
      "GEO",
      ") …"
    ]
  }
]