[
  {
    "href": "https://www.sciencedirect.com/science/article/pii/S0143622816304957",
    "id": "yvoCGE0-p28J",
    "childNodes": [
      "The use of predictive analysis in spatiotemporal crime forecasting: Building and testing a model in an urban context"
    ]
  },
  {
    "href": "https://repository.kulib.kyoto-u.ac.jp/dspace/handle/2433/129023",
    "id": "1hmoo3xgmnsJ",
    "childNodes": [
      "Geo",
      "-disaster",
      "prediction",
      "and",
      "geo",
      "-hazard mapping in urban and surrounding areas"
    ]
  },
  {
    "href": "https://ascelibrary.org/doi/abs/10.1061/9780784485323.016",
    "id": "zbnnFX_87_QJ",
    "childNodes": [
      "Effect of feature selection technique on the pile capacity",
      "predicted",
      "using machine learning"
    ]
  },
  {
    "href": "https://www.sciencedirect.com/science/article/pii/S0301479708000704",
    "id": "ZTJgwfWF2J4J",
    "childNodes": [
      "Regression modeling of streamflow, baseflow, and runoff using",
      "geographic",
      "information systems"
    ]
  },
  {
    "href": "https://www.sciencedirect.com/science/article/pii/S0160412001000836",
    "id": "OooXKuyrZTIJ",
    "childNodes": [
      "A study of the impacts of climate change on the",
      "geographic",
      "distribution of Pinus koraiensis in China"
    ]
  },
  {
    "href": "https://arxiv.org/abs/2112.15202",
    "id": "cMjy71cNUEcJ",
    "childNodes": [
      "Visual and object",
      "geo",
      "-localization: A comprehensive survey"
    ]
  },
  {
    "href": "https://link.springer.com/article/10.1186/1476-072X-8-47",
    "id": "n5gG6uTfsZEJ",
    "childNodes": [
      "Ecology and",
      "geography",
      "of avian influenza (HPAI H5N1) transmission in the Middle East and northeastern Africa"
    ]
  },
  {
    "href": "https://www.tandfonline.com/doi/abs/10.1080/00385417.1971.10770247",
    "id": "EOKmRJrw_I4J",
    "childNodes": [
      "Geography",
      "and ecology"
    ]
  },
  {
    "href": "https://dl.acm.org/doi/abs/10.1145/2181196.2181199",
    "id": "84I_71qIG3sJ",
    "childNodes": [
      "Next place",
      "prediction",
      "using mobility markov chains"
    ]
  },
  {
    "href": "https://www.int-res.com/abstracts/cr/v05/n3/p207-222/",
    "id": "TGW_e0nm9d8J",
    "childNodes": [
      "Predicting",
      "the effects of climate change on water yield and forest production in the northeastern United States"
    ]
  }
]