[
  {
    "href": "https://www.sciencedirect.com/science/article/pii/S0957582024000090",
    "id": "RH9TTbJbdxQJ",
    "childNodes": [
      "Performance analysis of various machine learning algorithms for CO2 leak",
      "prediction",
      "and characterization in",
      "geo",
      "-sequestration injection wells"
    ]
  },
  {
    "href": "https://link.springer.com/article/10.1007/s41748-024-00439-4",
    "id": "S0-s9up2pAkJ",
    "childNodes": [
      "Urban spatial dynamics and",
      "geo",
      "-informatics",
      "prediction",
      "of Karachi from 1990–2050 using remote sensing and CA-ANN simulation"
    ]
  },
  {
    "href": "https://www.sciencedirect.com/science/article/pii/S0360319924002490",
    "id": "JyV1t0CKpm0J",
    "childNodes": [
      "Prediction",
      "of hydrogen− brine interfacial tension at subsurface conditions: Implications for hydrogen",
      "geo",
      "-storage"
    ]
  },
  {
    "href": "https://link.springer.com/article/10.1007/s12517-021-07922-6",
    "id": "ZM-kNMWTz6oJ",
    "childNodes": [
      "Prediction",
      "of river suspended sediment load using machine learning models and",
      "geo",
      "-morphometric parameters"
    ]
  },
  {
    "href": "http://openaccess.thecvf.com/content_iccv_2015/html/Kim_Predicting_Good_Features_ICCV_2015_paper.html",
    "id": "rr9H9jolo0QJ",
    "childNodes": [
      "Predicting",
      "good features for image",
      "geo",
      "-localization using per-bundle vlad"
    ]
  },
  {
    "href": "https://www.degruyter.com/document/doi/10.1515/jiip-2020-0022/html",
    "id": "AZA5YBdbJysJ",
    "childNodes": [
      "Geo",
      "-information system of tuberculosis spread based on inversion and",
      "prediction"
    ]
  },
  {
    "href": "https://www.sciencedirect.com/science/article/pii/S0895435616301408",
    "id": "fnQFKjYvgYwJ",
    "childNodes": [
      "Geographic",
      "and temporal validity of",
      "prediction",
      "models: different approaches were useful to examine model performance"
    ]
  },
  {
    "href": "https://www.sciencedirect.com/science/article/pii/S2214579618302119",
    "id": "xEwYfNv1d6oJ",
    "childNodes": [
      "Anomaly detection and repair for accurate",
      "predictions",
      "in",
      "geo",
      "-distributed big data"
    ]
  },
  {
    "href": "https://elibrary.asabe.org/abstract.asp?aid=10418",
    "id": "Qkf0jN3dBeoJ",
    "childNodes": [
      "GeoWEPP–the",
      "geo",
      "-spatial interface for the Water Erosion",
      "Prediction",
      "Project"
    ]
  },
  {
    "href": "https://ieeexplore.ieee.org/abstract/document/1318593/",
    "id": "gDM4eONZJd4J",
    "childNodes": [
      "The effect of mobility-induced location errors on",
      "geographic",
      "routing in mobile ad hoc sensor networks: analysis and improvement using mobility",
      "prediction"
    ]
  }
]