[
  {
    "href": "https://www.mdpi.com/2220-9964/7/7/268",
    "id": "b0KnlB4P4jUJ",
    "childNodes": [
      "Landslide susceptibility assessment at Mila Basin (Algeria): a comparative assessment of",
      "prediction",
      "capability of advanced machine learning methods"
    ]
  },
  {
    "href": "https://link.springer.com/chapter/10.1007/978-3-319-10599-4_32",
    "id": "ubXaIdy-pcwJ",
    "childNodes": [
      "Learning high-level judgments of urban perception"
    ]
  },
  {
    "href": "https://journals.sagepub.com/doi/abs/10.1068/b190663",
    "id": "szETjuK_jHAJ",
    "childNodes": [
      "Urban modeling in computer-graphic and",
      "geographic",
      "information system environments"
    ]
  },
  {
    "href": "https://academic.oup.com/jme/article-abstract/53/5/1176/1751790",
    "id": "ERzxOZR4oC4J",
    "childNodes": [
      "Modeling the",
      "Geographic",
      "Distribution of",
      "I",
      "and",
      "I",
      "(Acari: Ixodidae) in the Contiguous United States"
    ]
  },
  {
    "href": "https://onlinelibrary.wiley.com/doi/abs/10.1111/j.1461-0248.2010.01462.x",
    "id": "5mlQzB5V_4kJ",
    "childNodes": [
      "The environmental limits to",
      "geographic",
      "range expansion in birds"
    ]
  },
  {
    "href": "https://ieeexplore.ieee.org/abstract/document/5457969/",
    "id": "_3ElB5JszqwJ",
    "childNodes": [
      "Probabilistic mining of socio-",
      "geographic",
      "routines from mobile phone data"
    ]
  },
  {
    "href": "https://www.tandfonline.com/doi/abs/10.1080/13574809.2020.1814132",
    "id": "IQIhe5ZbDF0J",
    "childNodes": [
      "Reading the urban socio-spatial network through space syntax and",
      "geo",
      "-tagged Twitter data"
    ]
  },
  {
    "href": "https://books.google.com/books?hl=en&lr=&id=HmmdAgAAQBAJ&oi=fnd&pg=PT19&dq=geo+prediction&ots=1atC8fc-UX&sig=GjrMJB4C5TBcPhhFyJiLP4QSPoo",
    "id": "prQpKt745pAJ",
    "childNodes": [
      "Predicting",
      "invasions of nonindigenous plants and plant pests"
    ]
  },
  {
    "href": "https://www.sciencedirect.com/science/article/pii/S0001706X01001073",
    "id": "PW-S6g2HYgUJ",
    "childNodes": [
      "Application of",
      "geographic",
      "information systems and remote sensing to schistosomiasis control in China"
    ]
  },
  {
    "href": "https://link.springer.com/article/10.1007/s11069-024-06481-9",
    "id": "lOv1TB1o21QJ",
    "childNodes": [
      "Predictive machine learning for gully susceptibility modeling with",
      "geo",
      "-environmental covariates: main drivers, model performance, and computational efficiency"
    ]
  }
]