[
  {
    "href": "http://openaccess.thecvf.com/content/ICCV2021/html/Regmi_Video_Geo-Localization_Employing_Geo-Temporal_Feature_Learning_and_GPS_Trajectory_Smoothing_ICCV_2021_paper.html",
    "id": "xRqPimBcCNcJ",
    "childNodes": [
      "Video",
      "geo",
      "-localization employing",
      "geo",
      "-temporal feature learning and gps trajectory smoothing"
    ]
  },
  {
    "href": "https://ieeexplore.ieee.org/abstract/document/9864342/",
    "id": "jmZGTmQuYW0J",
    "childNodes": [
      "Fuzzy Based",
      "Geo",
      "-Spatial Crime Category",
      "Prediction",
      "for Crime Mapping and Safe Route Travel"
    ]
  },
  {
    "href": "https://www.sciencedirect.com/science/article/pii/S1365160904002217",
    "id": "54RrqJ1IrBMJ",
    "childNodes": [
      "Modeling non-linear displacement time series of",
      "geo",
      "-materials using evolutionary support vector machines"
    ]
  },
  {
    "href": "https://link.springer.com/article/10.1007/s11069-021-04611-1",
    "id": "72CejWCTGsAJ",
    "childNodes": [
      "Indeterminacy of displacement and stress of geologic rock mass system in the critically non-stationary state: implication on",
      "prediction",
      "of",
      "geo",
      "-hazards"
    ]
  },
  {
    "href": "https://link.springer.com/chapter/10.1007/978-3-319-07995-0_19",
    "id": "tagB98oT6JAJ",
    "childNodes": [
      "KNN regression as",
      "geo",
      "-imputation method for spatio-temporal wind data"
    ]
  },
  {
    "href": "https://link.springer.com/chapter/10.1007/978-3-642-21726-5_7",
    "id": "uY97XAzqA4EJ",
    "childNodes": [
      "I",
      "-Gram",
      "Geo",
      "-trace Modeling"
    ]
  },
  {
    "href": "https://www.ncbi.nlm.nih.gov/pmc/articles/PMC4596614/",
    "id": "6QCmbJQ_UAYJ",
    "childNodes": [
      "Modeling the present and future",
      "geographic",
      "distribution of the lone star tick, Amblyomma americanum (Ixodida: Ixodidae), in the continental United States"
    ]
  },
  {
    "href": "https://www.mdpi.com/2072-4292/13/6/1157",
    "id": "MPeLxorjjd0J",
    "childNodes": [
      "Risk factor detection and landslide susceptibility mapping using",
      "Geo",
      "-Detector and Random Forest Models: The 2018 Hokkaido eastern Iburi earthquake"
    ]
  },
  {
    "href": "https://onlinelibrary.wiley.com/doi/abs/10.1111/j.1466-8238.2011.00741.x",
    "id": "a3VA7HrZnx8J",
    "childNodes": [
      "The performance of range maps and species distribution models representing the",
      "geographic",
      "variation of species richness at different resolutions"
    ]
  },
  {
    "href": "https://journals.plos.org/plosone/article?id=10.1371/journal.pone.0000176",
    "id": "LHErMvwTPygJ",
    "childNodes": [
      "Ecological niche and",
      "geographic",
      "distribution of human monkeypox in Africa"
    ]
  }
]