[
  {
    "href": "https://onlinelibrary.wiley.com/doi/abs/10.1111/ropr.12234",
    "id": "5lVoRAibkB0J",
    "childNodes": [
      "Attitudes toward “fracking”: Perceived and actual",
      "geographic",
      "proximity"
    ]
  },
  {
    "href": "https://www.sciencedirect.com/science/article/pii/S0925231212009022",
    "id": "qXHDSXgWET4J",
    "childNodes": [
      "Learning from contextual information of",
      "geo",
      "-tagged web photos to rank personalized tourism attractions"
    ]
  },
  {
    "href": "https://esajournals.onlinelibrary.wiley.com/doi/abs/10.1890/ES14-00143.1",
    "id": "G6dXlXXGDIcJ",
    "childNodes": [
      "Geographic",
      "differences in effects of experimental warming on ant species diversity and community composition"
    ]
  },
  {
    "href": "https://link.springer.com/article/10.1007/s00367-020-00669-1",
    "id": "A1usCRrqZ0cJ",
    "childNodes": [
      "Oceanic sediment accumulation rates",
      "predicted",
      "via machine learning algorithm: towards sediment characterization on a global scale"
    ]
  },
  {
    "href": "https://journals.plos.org/plosone/article?id=10.1371/journal.pone.0237191",
    "id": "3ipIG5tsF6kJ",
    "childNodes": [
      "Assessing the current and future potential",
      "geographic",
      "distribution of the American dog tick,",
      "I",
      "(Say) (Acari: Ixodidae) in North America"
    ]
  },
  {
    "href": "https://www.tandfonline.com/doi/abs/10.1111/j.0033-0124.1996.00181.x",
    "id": "x_RLdSV2TmQJ",
    "childNodes": [
      "Basic-level",
      "geographic",
      "categories"
    ]
  },
  {
    "href": "https://besjournals.onlinelibrary.wiley.com/doi/abs/10.1111/j.1365-2664.2010.01953.x",
    "id": "vfvpGlmytfoJ",
    "childNodes": [
      "Local",
      "geographic",
      "range predicts freshwater fish extinctions in Singapore"
    ]
  },
  {
    "href": "https://www.inderscienceonline.com/doi/abs/10.1504/IJBIDM.2012.048726",
    "id": "o4uZ5VJOZw8J",
    "childNodes": [
      "Learning from socio-economic characteristics of IP",
      "geo",
      "-locations for cybercrime",
      "prediction"
    ]
  },
  {
    "href": "https://www.sciencedirect.com/science/article/pii/S0143622813000556",
    "id": "Nf2OSwDkWuIJ",
    "childNodes": [
      "Planning of recreational trails in protected areas: Application of regression tree analysis and",
      "geographic",
      "information systems"
    ]
  },
  {
    "href": "https://journals.lww.com/md-journal/fulltext/2022/07220/Establishment_of_a_prognostic_signature_for_lung.27.aspx",
    "id": "2lPPWE2tmK4J",
    "childNodes": [
      "… signature for lung adenocarcinoma by integration of 7 pyroptosis-related genes and cross-validation between the TCGA and",
      "GEO",
      "cohorts: a comprehensive …"
    ]
  }
]