[
  {
    "href": "https://www.sciencedirect.com/science/article/pii/S0304389423011421",
    "id": "DsA0iMwidvEJ",
    "childNodes": [
      "Estimating the daily average concentration variations of PCDD/Fs in Taiwan using a novel",
      "Geo",
      "-AI based ensemble mixed spatial model"
    ]
  },
  {
    "href": "https://www.swdzgcdz.com/en/article/Y2022/I6/114",
    "id": "iEZkeeGE5mgJ",
    "childNodes": [
      "Probabilistic classification",
      "prediction",
      "of rockburst intensity in a deep buried high",
      "geo",
      "-stress rock tunnel during engineering investigation"
    ]
  },
  {
    "href": "https://link.springer.com/article/10.1023/A:1022344327669",
    "id": "SBNiEej91tAJ",
    "childNodes": [
      "Frost tolerance in wild potato species: Assessing the predictivity of taxonomic,",
      "geographic",
      ", and ecological factors"
    ]
  },
  {
    "href": "https://dl.acm.org/doi/abs/10.1145/2433396.2433444",
    "id": "KB6-G0k7kTEJ",
    "childNodes": [
      "Geo",
      "topic model: joint modeling of user's activity area and interests for location recommendation"
    ]
  },
  {
    "href": "https://academic.oup.com/evolut/article-abstract/58/8/1781/6756751",
    "id": "kGQ5D0c24U4J",
    "childNodes": [
      "Integrating phylogenetics and environmental niche models to explore speciation mechanisms in dendrobatid frogs"
    ]
  },
  {
    "href": "https://www.academia.edu/download/35099877/ACACOS-02.pdf",
    "id": "J_GmhUo64i0J",
    "childNodes": [
      "Flood",
      "prediction",
      "and risk assessment using advanced",
      "geo",
      "-visualization and data mining techniques: a case study in the Red-Lake valley"
    ]
  },
  {
    "href": "https://link.springer.com/article/10.1007/s00442-005-0071-y",
    "id": "8PL1hjh2a9kJ",
    "childNodes": [
      "A test of",
      "geographic",
      "assignment using isotope tracers in feathers of known origin"
    ]
  },
  {
    "href": "https://www.tandfonline.com/doi/pdf/10.2307/143140",
    "id": "ACp0hGaNh6oJ",
    "childNodes": [
      "Explanation,",
      "prediction",
      ", and meaning variance: An assessment of distance interaction models"
    ]
  },
  {
    "href": "https://www.publish.csiro.au/wf/wf9920087",
    "id": "MnSkTtQ1ORIJ",
    "childNodes": [
      "FIREMAP-simulation of fire growth with a",
      "geographic",
      "information system"
    ]
  },
  {
    "href": "https://www.scientific.net/AMR.756-759.2137",
    "id": "deVj5tKyEs8J",
    "childNodes": [
      "CQI",
      "prediction",
      "for shadow fading in LTE-compatible",
      "GEO",
      "mobile satellite communications system"
    ]
  }
]