[
  {
    "href": "https://bsppjournals.onlinelibrary.wiley.com/doi/abs/10.1111/j.1365-3059.2007.01602.x",
    "id": "TS5r-byZAqUJ",
    "childNodes": [
      "Sudden oak death:",
      "geographic",
      "risk estimates and",
      "predictions",
      "of origins"
    ]
  },
  {
    "href": "https://www.scielo.br/j/mioc/a/HKdgnVWcXkQv55sMMbXLF5L/?lang=en&format=html",
    "id": "Oxfw8U9cS60J",
    "childNodes": [
      "Predicting",
      "the",
      "geographic",
      "distribution of",
      "I",
      "(Diptera: Psychodidae) and visceral leishmaniasis in the state of           Mato Grosso do …"
    ]
  },
  {
    "href": "https://link.springer.com/article/10.1007/s12204-019-2152-9",
    "id": "DOClbwtBOIwJ",
    "childNodes": [
      "Traffic",
      "prediction",
      "method for",
      "GEO",
      "satellites combining ARIMA model and grey model"
    ]
  },
  {
    "href": "https://www.sciencedirect.com/science/article/pii/S0306457321001990",
    "id": "b8UdzuY_sHMJ",
    "childNodes": [
      "Hierarchical temporal–spatial preference modeling for user consumption location",
      "prediction",
      "in",
      "Geo",
      "-Social Networks"
    ]
  },
  {
    "href": "https://esajournals.onlinelibrary.wiley.com/doi/abs/10.1002/ecy.1916",
    "id": "defggrjiNl4J",
    "childNodes": [
      "Toward a community ecology of landscapes:",
      "predicting",
      "multiple predator–prey interactions across",
      "geographic",
      "space"
    ]
  },
  {
    "href": "https://onepetro.org/ARMAUSRMS/proceedings-abstract/ARMA23/All-ARMA23/532526",
    "id": "FWk24gQ2V_AJ",
    "childNodes": [
      "Machine Learning Modeling of Saudi Arabian basalt/CO",
      "SUB",
      "/brine Wettability",
      "Prediction",
      ": Implications for CO",
      "SUB",
      "",
      "Geo",
      "-Storage"
    ]
  },
  {
    "href": "https://ehp.niehs.nih.gov/doi/abs/10.1289/EHP5668",
    "id": "e28jOaxJ6lIJ",
    "childNodes": [
      "Predicted",
      "Northward Expansion of the",
      "Geographic",
      "Range of the Tick Vector",
      "I",
      "in North America under Future Climate Conditions"
    ]
  },
  {
    "href": "https://ijmge.ut.ac.ir/article_86240.html",
    "id": "imrl2YVwpYkJ",
    "childNodes": [
      "Powder factor",
      "prediction",
      "in blasting operation using rock",
      "geo",
      "-mechanical properties and geometric parameters"
    ]
  },
  {
    "href": "https://koreascience.kr/article/JAKO201215349526145.page",
    "id": "XHf7aOx9XwQJ",
    "childNodes": [
      "Application of support vector machine to the",
      "prediction",
      "of",
      "geo",
      "-effective halo CMEs"
    ]
  },
  {
    "href": "https://link.springer.com/article/10.1186/1476-072X-7-15",
    "id": "_kVb6k7qA8cJ",
    "childNodes": [
      "Enhanced spatial models for",
      "predicting",
      "the",
      "geographic",
      "distributions of tick-borne pathogens"
    ]
  }
]