[
  {
    "href": "https://dl.acm.org/doi/abs/10.1145/2939672.2939793",
    "id": "HcuugFnnOdwJ",
    "childNodes": [
      "Gmove: Group-level mobility modeling using",
      "geo",
      "-tagged social media"
    ]
  },
  {
    "href": "https://link.springer.com/article/10.1007/s11263-023-01942-3",
    "id": "ZLAwa7aYHn4J",
    "childNodes": [
      "Image and object",
      "Geo",
      "-localization"
    ]
  },
  {
    "href": "https://ieeexplore.ieee.org/abstract/document/6284088/",
    "id": "ACQjCiduN04J",
    "childNodes": [
      "Spatio-temporal modeling of criminal incidents using",
      "geographic",
      ", demographic, and Twitter-derived information"
    ]
  },
  {
    "href": "https://www.nature.com/articles/ncomms4513",
    "id": "3x7IRI9KfFIJ",
    "childNodes": [
      "Geographic",
      "population structure analysis of worldwide human populations infers their biogeographical origins"
    ]
  },
  {
    "href": "https://journals.plos.org/plosone/article?id=10.1371/journal.pone.0251323",
    "id": "bot7qfl_pucJ",
    "childNodes": [
      "The role of multiple metabolic genes in",
      "predicting",
      "the overall survival of colorectal cancer: A study based on TCGA and",
      "GEO",
      "databases"
    ]
  },
  {
    "href": "https://www.sciencedirect.com/science/article/pii/S0304380003004344",
    "id": "2We9ool5pnAJ",
    "childNodes": [
      "Effects of global climate change on",
      "geographic",
      "distributions of vertebrates in North Queensland"
    ]
  },
  {
    "href": "https://onlinelibrary.wiley.com/doi/abs/10.2307/3237291",
    "id": "23uJzfKsRH8J",
    "childNodes": [
      "Predicting",
      "the distribution of shrub species in southern California from climate and terrain‐derived variables"
    ]
  },
  {
    "href": "https://www.mdpi.com/2220-9964/10/5/293?utm_source=releaseissue&utm_medium=email&utm_campaign=releaseissue_ijgi&utm_term=doilink26&recipient=info.sigzine@gmail.com&subject=ISPRS%20Int.%20J.%20Geo-Inf.,%20Volume%2010,%20Issue%205%20(May%202021)%20Table%20of%20Contents&campaign=ReleaseIssue",
    "id": "eh75WUPFLcwJ",
    "childNodes": [
      "Assessing the generalization of machine learning-based slope failure",
      "prediction",
      "to new",
      "geographic",
      "extents"
    ]
  },
  {
    "href": "https://www.nature.com/articles/s41598-020-72137-w",
    "id": "vLM9NGorCSQJ",
    "childNodes": [
      "The role of",
      "geography",
      "in the complex diffusion of innovations"
    ]
  },
  {
    "href": "https://www.sciencedirect.com/science/article/pii/S0304389424004199",
    "id": "eEKJ724AvB8J",
    "childNodes": [
      "Drivers distinguishing of PAHs heterogeneity in surface soil of China using deep learning coupled with",
      "geo",
      "-statistical approach"
    ]
  }
]