[
  {
    "href": "https://www.sciencedirect.com/science/article/pii/S157344042200003X",
    "id": "YgwKNuqvPK0J",
    "childNodes": [
      "Trade and",
      "geography"
    ]
  },
  {
    "href": "https://www.mdpi.com/2072-4292/15/10/2538",
    "id": "3q16a2-1XVMJ",
    "childNodes": [
      "Prediction",
      "Models of≥ 2 MeV Electron Daily Fluences for 3 Days at",
      "GEO",
      "Orbit Using a Long Short-Term Memory Network"
    ]
  },
  {
    "href": "https://ascelibrary.org/doi/abs/10.1061/9780784484685.023",
    "id": "VrYrr8-_2tYJ",
    "childNodes": [
      "A deep learning model to",
      "predict",
      "the lateral capacity of monopiles"
    ]
  },
  {
    "href": "https://www.sciencedirect.com/science/article/pii/S014362281300266X",
    "id": "-xF-PTHvr5oJ",
    "childNodes": [
      "An extended Huff-model for robustly benchmarking and",
      "predicting",
      "retail network performance"
    ]
  },
  {
    "href": "https://ieeexplore.ieee.org/abstract/document/9445222/",
    "id": "BNAc-k1UNI4J",
    "childNodes": [
      "An intelligent resource reservation for crowdsourced live video streaming applications in",
      "geo",
      "-distributed cloud environment"
    ]
  },
  {
    "href": "https://journals.lww.com/retinajournal/fulltext/2019/08000/prognostic_value_of_shape_descriptive_factors_for.11.aspx",
    "id": "nRInoK6OcW8J",
    "childNodes": [
      "Prognostic value of shape-descriptive factors for the progression of",
      "geographic",
      "atrophy secondary to age-related macular degeneration"
    ]
  },
  {
    "href": "https://journals.lww.com/md-journal/fulltext/2022/10210/mining_tcga_and_geo_databases_for_the_prediction.117.aspx",
    "id": "P3usgThEfhkJ",
    "childNodes": [
      "Mining TCGA and",
      "GEO",
      "databases for the",
      "prediction",
      "of poor prognosis in lung adenocarcinoma based on up-regulated expression of TNS4"
    ]
  },
  {
    "href": "https://onepetro.org/SPEATCE/proceedings-abstract/75FM/All-75FM/138715",
    "id": "Q3q9YPM0vYUJ",
    "childNodes": [
      "The equation for geopressure",
      "prediction",
      "from well logs"
    ]
  },
  {
    "href": "https://link.springer.com/article/10.1007/s12665-023-11088-7",
    "id": "OZz5WbvHZwEJ",
    "childNodes": [
      "Exploring a form of pixel-based information value model for flood probability assessment and",
      "geo",
      "-visualization over an East African basin: a case of Nyabarongo in …"
    ]
  },
  {
    "href": "http://geochina.cgs.gov.cn/en/article/id/20150626?viewType=HTML",
    "id": "5GxRG4BpbdkJ",
    "childNodes": [
      "Geo",
      "-electrochemical extraction technology test and the prospecting",
      "prediction",
      "in cold plateau area"
    ]
  }
]