[
  {
    "href": "https://link.springer.com/article/10.1186/1756-3305-7-326",
    "id": "csnljpZzUA0J",
    "childNodes": [
      "The",
      "geographic",
      "distribution of onchocerciasis in the 20 participating countries of the African Programme for Onchocerciasis Control:(2) pre-control endemicity levels …"
    ]
  },
  {
    "href": "https://www.mtkxjs.com.cn/en/article/doi/10.13199/j.cnki.cst.2022-1589?viewType=HTML",
    "id": "PcDbSifrzo4J",
    "childNodes": [
      "Geo",
      "-dynamic division and its application in study of rock burst"
    ]
  },
  {
    "href": "https://dl.acm.org/doi/abs/10.1145/3675888.3676060",
    "id": "kb8JM1U3bu8J",
    "childNodes": [
      "Transparent Multi-modelling for Climatic",
      "Geo",
      "-intelligence in",
      "Predicting",
      "Food Security"
    ]
  },
  {
    "href": "https://www.sciencedirect.com/science/article/pii/S0305750X20302412",
    "id": "7SdkubKtT98J",
    "childNodes": [
      "Spatial inequality,",
      "geography",
      "and economic activity"
    ]
  },
  {
    "href": "https://www.nature.com/articles/s41598-024-68950-2",
    "id": "faU77Vj6-sUJ",
    "childNodes": [
      "Bio-inspired machine-learning aided",
      "geo",
      "-magnetic field based AUV navigation system"
    ]
  },
  {
    "href": "https://www.sciencedirect.com/science/article/pii/S0926985124002738",
    "id": "V5Frhvu7ldwJ",
    "childNodes": [
      "Advanced predictive modelling of electrical resistivity for geotechnical and",
      "geo",
      "-environmental applications using machine learning techniques"
    ]
  },
  {
    "href": "https://link.springer.com/article/10.1007/s40948-022-00400-7",
    "id": "kWQEU_AhZUUJ",
    "childNodes": [
      "Coal permeability alteration",
      "prediction",
      "during CO",
      "SUB",
      "geological sequestration in coal seams: a novel hybrid artificial intelligence approach"
    ]
  },
  {
    "href": "https://papers.ssrn.com/sol3/papers.cfm?abstract_id=3132827",
    "id": "nuzFm2pxS3kJ",
    "childNodes": [
      "Geo",
      "-spatial modeling of access to water and sanitation in Nigeria"
    ]
  },
  {
    "href": "https://www.sciencedirect.com/science/article/pii/S0962629814000444",
    "id": "Bk2iOblqPbMJ",
    "childNodes": [
      "Predicting",
      "violence within genocide: A model of elite competition and ethnic segregation from Rwanda"
    ]
  },
  {
    "href": "http://www.isas.org.in/jisas/volume/vol74/issue3/3-SamirBarman.pdf",
    "id": "MHcdPod9XUgJ",
    "childNodes": [
      "Prediction",
      "of finite population total for",
      "geo",
      "-referenced data"
    ]
  }
]