[
  {
    "href": "https://www.sciencedirect.com/science/article/pii/S1297319X14000347",
    "id": "RULN5bDje2QJ",
    "childNodes": [
      "Gene expression profile",
      "predicting",
      "the response to anti-TNF treatment in patients with rheumatoid arthritis; analysis of",
      "GEO",
      "datasets"
    ]
  },
  {
    "href": "https://www.sciencedirect.com/science/article/pii/S1674987110000368",
    "id": "q85SzHqYigMJ",
    "childNodes": [
      "Singularity theories and methods for characterizing mineralization processes and mapping",
      "geo",
      "-anomalies for mineral deposit",
      "prediction"
    ]
  },
  {
    "href": "https://www.sciencedirect.com/science/article/pii/S0266352X18302143",
    "id": "rBUFiAupmQQJ",
    "childNodes": [
      "A robust",
      "prediction",
      "model approach to energy",
      "geo",
      "-structure design"
    ]
  },
  {
    "href": "https://ieeexplore.ieee.org/abstract/document/7060658/",
    "id": "rOQ3Xfsfej8J",
    "childNodes": [
      "Global-scale location",
      "prediction",
      "for social images using",
      "geo",
      "-visual ranking"
    ]
  },
  {
    "href": "https://link.springer.com/content/pdf/10.1140/epjds/s13688-016-0087-z.pdf",
    "id": "UcYE129VbfcJ",
    "childNodes": [
      "A multilayer approach to multiplexity and link",
      "prediction",
      "in online",
      "geo",
      "-social networks"
    ]
  },
  {
    "href": "https://www.sciencedirect.com/science/article/pii/S1532046417301405",
    "id": "37J-2wfSdAYJ",
    "childNodes": [
      "Predicting",
      "biomedical metadata in CEDAR: A study of Gene Expression Omnibus (",
      "GEO",
      ")"
    ]
  },
  {
    "href": "https://www.sciencedirect.com/science/article/pii/S0169207003000955",
    "id": "qZq-JNvbcE4J",
    "childNodes": [
      "Predicting",
      "the",
      "geo",
      "-temporal variations of crime and disorder"
    ]
  },
  {
    "href": "https://ojs.aaai.org/index.php/AAAI/article/view/5425",
    "id": "SXy1LdCHA6AJ",
    "childNodes": [
      "Learning",
      "geo",
      "-contextual embeddings for commuting flow",
      "prediction"
    ]
  },
  {
    "href": "https://journals.plos.org/plosone/article?id=10.1371/journal.pone.0228535",
    "id": "9Mpygt1WTP8J",
    "childNodes": [
      "Concentrations of criteria pollutants in the contiguous US, 1979–2015: Role of",
      "prediction",
      "model parsimony in integrated empirical",
      "geographic",
      "regression"
    ]
  },
  {
    "href": "https://www.sciencedirect.com/science/article/pii/S0360319923065989",
    "id": "3BkgLIxdzmIJ",
    "childNodes": [
      "Machine learning-based shale wettability",
      "prediction",
      ": Implications for H2, CH4 and CO2",
      "geo",
      "-storage"
    ]
  }
]