[
  {
    "href": "https://ieeexplore.ieee.org/abstract/document/6890151/",
    "id": "iLa3dq_yqYoJ",
    "childNodes": [
      "Acoustics, content and",
      "geo",
      "-information based sentiment",
      "prediction",
      "from large-scale networked voice data"
    ]
  },
  {
    "href": "https://www.tandfonline.com/doi/abs/10.1179/147842204225016831",
    "id": "ULa2y0EibWAJ",
    "childNodes": [
      "Holistic model for atmospheric corrosion Part 4–",
      "Geographic",
      "information system for",
      "predicting",
      "airborne salinity"
    ]
  },
  {
    "href": "https://journals.sagepub.com/doi/abs/10.1177/00202940231186675",
    "id": "AtMNEWKOsagJ",
    "childNodes": [
      "Considerations of an efficiency-intelligent",
      "geo",
      "-localised mobile application for personalised SME market",
      "predictions"
    ]
  },
  {
    "href": "https://www.sciencedirect.com/science/article/pii/S0273117704000705",
    "id": "bcsLgIqvIxMJ",
    "childNodes": [
      "LEGEND–a three-dimensional LEO-to-",
      "GEO",
      "debris evolutionary model"
    ]
  },
  {
    "href": "https://www.sciencedirect.com/science/article/pii/S2405896322011612",
    "id": "_xdYXHUn5QYJ",
    "childNodes": [
      "Prediction",
      "of the Air Pollution by",
      "Geo",
      "-locations in Sofia"
    ]
  },
  {
    "href": "https://www.mdpi.com/2072-4292/12/24/4063",
    "id": "b5KBTr0NRasJ",
    "childNodes": [
      "A review on assessing and mapping soil erosion hazard using",
      "geo",
      "-informatics technology for farming system management"
    ]
  },
  {
    "href": "https://link.springer.com/chapter/10.1007/3-540-36901-5_38",
    "id": "wfTriKLduEwJ",
    "childNodes": [
      "Statistics based predictive",
      "geo",
      "-spatial data mining: Forest fire hazardous area mapping application"
    ]
  },
  {
    "href": "https://www.aanda.org/articles/aa/abs/2024/06/aa47552-23/aa47552-23.html",
    "id": "eT-BtKz8YpcJ",
    "childNodes": [
      "CMEs evolve in the interplanetary medium to double their",
      "predicted geo",
      "-effectiveness"
    ]
  },
  {
    "href": "https://www.sciencedirect.com/science/article/pii/009830049600009X",
    "id": "IxrJWN5dOecJ",
    "childNodes": [
      "Automated derivation of",
      "geographic",
      "window sizes for use in remote sensing digital image texture analysis"
    ]
  },
  {
    "href": "https://www.sciencedirect.com/science/article/pii/S0001706X05001919",
    "id": "0QxGjLjdHKEJ",
    "childNodes": [
      "A review of",
      "geographic",
      "information system and remote sensing with applications to the epidemiology and control of schistosomiasis in China"
    ]
  }
]