[
  {
    "href": "https://academic.oup.com/nar/article-abstract/35/suppl_1/D760/1106106",
    "id": "rY8L1LbTvk4J",
    "childNodes": [
      "NCBI",
      "GEO",
      ": mining tens of millions of expression profiles—database and tools update"
    ]
  },
  {
    "href": "https://www.nature.com/articles/s41467-021-23463-8",
    "id": "ZN66Km-ol24J",
    "childNodes": [
      "Polθ inhibitors elicit",
      "I",
      "-gene synthetic lethality and target PARP inhibitor resistance"
    ]
  },
  {
    "href": "https://link.springer.com/chapter/10.1007/978-3-540-74831-1_8",
    "id": "GjJgsrtGP_MJ",
    "childNodes": [
      "Geo",
      "tools"
    ]
  },
  {
    "href": "https://academic.oup.com/nar/article-abstract/39/suppl_1/D1005/2507594",
    "id": "GSnZYyG-vL0J",
    "childNodes": [
      "NCBI",
      "GEO",
      ": archive for functional genomics data sets—10 years on"
    ]
  },
  {
    "href": "https://books.google.com/books?hl=en&lr=&id=YObBoIK8hbcC&oi=fnd&pg=PR15&dq=geo&ots=5unZC7FpwX&sig=S43RrVRXpzDEF0HTx0IUpJzkrhE",
    "id": "g0luEDXEVuEJ",
    "childNodes": [
      "Geography mark-up language: foundation for the",
      "geo",
      "-web"
    ]
  },
  {
    "href": "https://pubs.geoscienceworld.org/gsa/gsabulletin/article-abstract/93/9/886/187902",
    "id": "cl1vCLB78iAJ",
    "childNodes": [
      "Linesmanship and the practice of linear",
      "geo",
      "-art"
    ]
  },
  {
    "href": "https://books.google.com/books?hl=en&lr=&id=TJEK4sHPlUsC&oi=fnd&pg=PR7&dq=geo&ots=MI8Tr-4XOB&sig=cAvV0xenB27yk1c5o_YhLOvcssw",
    "id": "oTeRS7079uUJ",
    "childNodes": [
      "Siam Mapped: A History of the",
      "Geo",
      "-body of a Nation"
    ]
  },
  {
    "href": "https://www.sciencedirect.com/science/article/pii/S0370269313003092",
    "id": "AOj6314ccEAJ",
    "childNodes": [
      "Measurement of",
      "geo",
      "-neutrinos from 1353 days of Borexino"
    ]
  },
  {
    "href": "https://www.icevirtuallibrary.com/doi/abs/10.1680/cien.2011.164.4.184",
    "id": "-IacSqYEA3EJ",
    "childNodes": [
      "Understanding the behaviour of energy",
      "geo",
      "-structures"
    ]
  },
  {
    "href": "https://link.springer.com/protocol/10.1385/1-59745-097-9:175",
    "id": "i5jrd3sv3pwJ",
    "childNodes": [
      "Mining microarray data at NCBI's Gene Expression Omnibus (",
      "GEO",
      ")"
    ]
  }
]