[
  {
    "href": "https://journals.aps.org/prl/abstract/10.1103/PhysRevLett.63.398",
    "id": "VR-j0FZCgUEJ",
    "childNodes": [
      "Pressure-induced coordination changes in crystalline and vitreous",
      "svg"
    ]
  },
  {
    "href": "https://www.academia.edu/download/104566443/annurev.ns.44.120194.pdf",
    "id": "WArH06TJtGcJ",
    "childNodes": [
      "GEO",
      "vIETRICAL COLOR OPTIC  S OF COHERENT HIGB [-ENERGY PROCESSES"
    ]
  },
  {
    "href": "https://hal.science/hal-03228889/",
    "id": "4RPR3n6p5s8J",
    "childNodes": [
      "GEO",
      "carbon strategy"
    ]
  },
  {
    "href": "https://books.google.com/books?hl=en&lr=&id=vnVywNimRQ4C&oi=fnd&pg=PA1&dq=geo&ots=7Q_m_MqHOG&sig=k9U7DlbpZC1HWkWBO851vVUjqxk",
    "id": "HSykZa5D9vgJ",
    "childNodes": [
      "STATE OF THE ART ON SOIL-RELATED",
      "GEO",
      "-MEDICAL"
    ]
  },
  {
    "href": "https://ieeexplore.ieee.org/abstract/document/6104132/",
    "id": "9_rKQc0DUbIJ",
    "childNodes": [
      "High-Mobility Ge pMOSFET With 1-nm EOT",
      "svg",
      "Gate Stack Fabricated by Plasma Post Oxidation"
    ]
  },
  {
    "href": "https://www.emerald.com/insight/content/doi/10.1108/JIC-10-2021-0290/full/html",
    "id": "mV93OeEBIiwJ",
    "childNodes": [
      "GEO",
      "and sustainable performance: the moderating role of GTD and environmental consciousness"
    ]
  },
  {
    "href": "https://www.sciencedirect.com/science/article/pii/S0016718511001369",
    "id": "0cVcPNRt9VMJ",
    "childNodes": [
      "Geo",
      "-information tools for participatory spatial planning: Fulfilling the criteria for 'good'governance?"
    ]
  },
  {
    "href": "https://journals.sagepub.com/doi/abs/10.1177/0969776412463309",
    "id": "oIOoPVFaMr8J",
    "childNodes": [
      "Europe and an inter-dependent world: Uneven",
      "geo",
      "-economic and",
      "geo",
      "-political developments"
    ]
  },
  {
    "href": "https://www.usenix.org/event/wosn10/tech/full_papers/Scellato.pdf",
    "id": "ew5Yzbj1GuIJ",
    "childNodes": [
      "Distance matters:",
      "geo",
      "-social metrics for online social networks"
    ]
  },
  {
    "href": "http://www.gcdz.org/en/article/id/8633",
    "id": "yYldTp2HwY8J",
    "childNodes": [
      "Researches on the",
      "geo",
      "-hazards triggered by Wenchuan earthquake, Sichuan"
    ]
  }
]