[
  {
    "href": "https://academic.oup.com/nar/article-abstract/41/D1/D991/1067995",
    "id": "05QO9o7lQpcJ",
    "childNodes": [
      "NCBI",
      "GEO",
      ": archive for functional genomics data sets—update"
    ]
  },
  {
    "href": "http://www1.cs.columbia.edu/~sedwards/classes/2015/4115-fall/reports/Geo.pdf",
    "id": "xote6YMZLEMJ",
    "childNodes": [
      "Geo"
    ]
  },
  {
    "href": "https://iopscience.iop.org/article/10.1088/0264-9381/27/8/084003/meta",
    "id": "C9vzPrGCAI4J",
    "childNodes": [
      "The",
      "GEO",
      "600 status"
    ]
  },
  {
    "href": "https://iopscience.iop.org/article/10.1088/0264-9381/25/11/114043/meta",
    "id": "CnbCgN2J4AAJ",
    "childNodes": [
      "The status of",
      "GEO",
      "600"
    ]
  },
  {
    "href": "https://iopscience.iop.org/article/10.1088/0264-9381/31/22/224002/meta",
    "id": "p8PqZQHF51IJ",
    "childNodes": [
      "Advanced techniques in",
      "GEO",
      "600"
    ]
  },
  {
    "href": "https://www.sciencedirect.com/science/article/pii/S0098300411000069",
    "id": "PZrgRHtEjrQJ",
    "childNodes": [
      "3D",
      "geo",
      "-database research: Retrospective and future directions"
    ]
  },
  {
    "href": "https://www.tandfonline.com/doi/abs/10.1080/00396338.2012.690978",
    "id": "T7lTosgJnrsJ",
    "childNodes": [
      "Geo",
      "-economics and Strategy"
    ]
  },
  {
    "href": "https://iopscience.iop.org/article/10.1088/0264-9381/23/8/S26/meta",
    "id": "Y-F1U0dTmcsJ",
    "childNodes": [
      "The",
      "geo",
      "-hf project"
    ]
  },
  {
    "href": "https://iopscience.iop.org/article/10.1088/0264-9381/33/7/075009/meta",
    "id": "orEZaqtvZ4QJ",
    "childNodes": [
      "GEO",
      "600 and the",
      "GEO",
      "-HF upgrade program: successes and challenges"
    ]
  },
  {
    "href": "https://academic.oup.com/bioinformatics/article-abstract/23/14/1846/190290",
    "id": "l3Vq5JJwLxEJ",
    "childNodes": [
      "GEOquery: a bridge between the Gene Expression Omnibus (",
      "GEO",
      ") and BioConductor"
    ]
  }
]