[
  {
    "href": "https://www.jstor.org/stable/26616702",
    "id": "aVBRyDqHfLoJ",
    "childNodes": [
      "Strengthening",
      "geo",
      "-strategic bond of Pakistan and China through",
      "geo",
      "-economic configuration"
    ]
  },
  {
    "href": "https://www.sciencedirect.com/science/article/pii/S0016236119317326",
    "id": "4UjM-lApM-IJ",
    "childNodes": [
      "Effect of manifold injection of methanol/n-pentanol in safflower biodiesel fuelled CI engine"
    ]
  },
  {
    "href": "https://dl.acm.org/doi/abs/10.1145/1178677.1178692",
    "id": "PRi_JI2msjQJ",
    "childNodes": [
      "Generating summaries and visualization for large collections of",
      "geo",
      "-referenced photographs"
    ]
  },
  {
    "href": "https://books.google.com/books?hl=en&lr=&id=tfApBgAAQBAJ&oi=fnd&pg=PT11&dq=geo&ots=eCmJ1GuErT&sig=H-4Of_dTCWw65jqJGyBJ_4WUz6s",
    "id": "Rcirhcen_SIJ",
    "childNodes": [
      "Introduction to integrated",
      "geo",
      "-information management"
    ]
  },
  {
    "href": "https://pubsonline.informs.org/doi/abs/10.1287/mksc.2017.1030",
    "id": "2tpqzlusy0UJ",
    "childNodes": [
      "Competitive mobile",
      "geo",
      "targeting"
    ]
  },
  {
    "href": "https://pubs.acs.org/doi/full/10.1021/es5036267",
    "id": "FgS-Li6_9J4J",
    "childNodes": [
      "Geo",
      "-engineering in lakes: a crisis of confidence?"
    ]
  },
  {
    "href": "https://www.usenix.org/conference/osdi12/technical-sessions/presentation/li",
    "id": "3x2Nqbgm6DsJ",
    "childNodes": [
      "Making {",
      "Geo",
      "-Replicated} systems fast as possible, consistent when necessary"
    ]
  },
  {
    "href": "https://books.google.com/books?hl=en&lr=&id=hqf5ylwRhdIC&oi=fnd&pg=PR3&dq=geo&ots=E6QBVfst9p&sig=Sp1I96HIteuwkQrI0hrdfUX7HME",
    "id": "PNKyZ0dKco0J",
    "childNodes": [
      "Advances in 3D",
      "geo",
      "-information sciences"
    ]
  },
  {
    "href": "https://www.sciencedirect.com/science/article/pii/S0960148118300806",
    "id": "4DQPyFphO3UJ",
    "childNodes": [
      "Effect of ternary blends of bio-ethanol, diesel and castor oil on performance, emission and combustion in a CI engine"
    ]
  },
  {
    "href": "https://cir.nii.ac.jp/crid/1130290680878651919",
    "id": "NwPsUKymPKcJ",
    "childNodes": [
      "Geo",
      "-information technology in earth resources monitoring and management"
    ]
  }
]