[
  {
    "href": "https://www.mdpi.com/2076-3263/9/4/146",
    "id": "zku29MeBSVYJ",
    "childNodes": [
      "Geo",
      "-heritage specific visibility as an important parameter in",
      "geo",
      "-tourism resource evaluation"
    ]
  },
  {
    "href": "https://www.sciencedirect.com/science/article/pii/S0360544219302725",
    "id": "LXd53UkfWrgJ",
    "childNodes": [
      "Comparative assessment of hexanol and decanol as oxygenated additives with calophyllum inophyllum biodiesel"
    ]
  },
  {
    "href": "https://www.sciencedirect.com/science/article/pii/S0265964699000223",
    "id": "MGhRHMBtLFsJ",
    "childNodes": [
      "Protecting the",
      "GEO",
      "environment: policies and practices"
    ]
  },
  {
    "href": "https://books.google.com/books?hl=en&lr=&id=GgqoEAAAQBAJ&oi=fnd&pg=PA2&dq=geo&ots=sKGXbJDRMV&sig=WBqpu7WaZznPEFAxev_8pYLVCnw",
    "id": "ABd-JIUk4AQJ",
    "childNodes": [
      "Geo",
      "-economic fragmentation and the future of multilateralism"
    ]
  },
  {
    "href": "https://www.sciencedirect.com/science/article/pii/S027553191630441X",
    "id": "0dtMGYhKkHcJ",
    "childNodes": [
      "Exploring the nexus between financial sector reforms and the emergence of digital banking culture–Evidences from a developing country"
    ]
  },
  {
    "href": "https://www.sciencedirect.com/science/article/pii/S0048969711003391",
    "id": "UH5v6SgHsKoJ",
    "childNodes": [
      "Thallium pollution in China: A",
      "geo",
      "-environmental perspective"
    ]
  },
  {
    "href": "https://api.taylorfrancis.com/content/chapters/edit/download?identifierName=doi&identifierValue=10.4324/9780203328514-12&type=chapterpdf",
    "id": "xHpr7vxDrh4J",
    "childNodes": [
      "12 The (",
      "Geo",
      ") Politics of Mobility"
    ]
  },
  {
    "href": "https://www.nature.com/articles/s41598-019-43935-8",
    "id": "FOYbAKX1aL0J",
    "childNodes": [
      "GREIN: an interactive web platform for re-analyzing",
      "GEO",
      "RNA-seq data"
    ]
  },
  {
    "href": "https://dl.acm.org/doi/abs/10.1145/1999995.2000010",
    "id": "v9ydBthP3_EJ",
    "childNodes": [
      "Indoor location sensing using",
      "geo",
      "-magnetism"
    ]
  },
  {
    "href": "https://www.tandfonline.com/doi/abs/10.1080/136588197242509",
    "id": "k5LuAmkbmfUJ",
    "childNodes": [
      "Map dynamics: integrating cellular automata and GIS through",
      "Geo",
      "-Algebra"
    ]
  }
]