[
  {
    "href": "https://www.sciencedirect.com/science/article/pii/S0013795221003598",
    "id": "oLCsYRGZuwQJ",
    "childNodes": [
      "Coupled characterization of stratigraphic and",
      "geo",
      "-properties uncertainties–a conditional random field approach"
    ]
  },
  {
    "href": "https://link.springer.com/article/10.1007/s00366-023-01852-5",
    "id": "MVNnFAnCtXwJ",
    "childNodes": [
      "A hybrid ensemble-based automated deep learning approach to generate 3D",
      "geo",
      "-models and uncertainty analysis"
    ]
  },
  {
    "href": "https://ojs.aaai.org/index.php/AAAI/article/view/8103",
    "id": "h67o6Ypj6GEJ",
    "childNodes": [
      "Predicting disease transmission from",
      "geo",
      "-tagged micro-blog data"
    ]
  },
  {
    "href": "https://link.springer.com/chapter/10.1007/978-3-319-01790-7_24",
    "id": "1-aBvApSnosJ",
    "childNodes": [
      "A",
      "geo",
      "-ontology design pattern for semantic trajectories"
    ]
  },
  {
    "href": "https://www.tandfonline.com/doi/abs/10.1080/17499518.2021.1971258",
    "id": "YXNqWxeQDkUJ",
    "childNodes": [
      "Non-parametric modelling and simulation of spatiotemporally varying",
      "geo",
      "-data"
    ]
  },
  {
    "href": "https://www.mdpi.com/2076-3417/7/9/896",
    "id": "rWzJyFAvVPEJ",
    "childNodes": [
      "A review of distributed fibre optic sensors for",
      "geo",
      "-hydrological applications"
    ]
  },
  {
    "href": "https://link.springer.com/article/10.1007/s10973-019-08722-7",
    "id": "cPDAw6_J7qoJ",
    "childNodes": [
      "Experimental characterization of CI engine performance, combustion and emission parameters using various metal oxide nanoemulsion of grapeseed oil methyl ester"
    ]
  },
  {
    "href": "https://www.tandfonline.com/doi/abs/10.1080/10584600600976997",
    "id": "CkDosVDSvuMJ",
    "childNodes": [
      "“",
      "Geo",
      "-ethnicity” and neighborhood engagement: A communication infrastructure perspective"
    ]
  },
  {
    "href": "https://dl.acm.org/doi/abs/10.1145/2463676.2465328",
    "id": "xMKgkiqpjmwJ",
    "childNodes": [
      "An efficient query indexing mechanism for filtering",
      "geo",
      "-textual data"
    ]
  },
  {
    "href": "https://link.springer.com/chapter/10.1007/11744078_32",
    "id": "lLwUr5veK6kJ",
    "childNodes": [
      "An integral solution to surface evolution PDEs via",
      "geo",
      "-cuts"
    ]
  }
]