[
  {
    "href": "https://ieeexplore.ieee.org/abstract/document/5719583/",
    "id": "5ZjJqZheKuQJ",
    "childNodes": [
      "Location-related privacy in",
      "geo",
      "-social networks"
    ]
  },
  {
    "href": "https://www.sciencedirect.com/science/article/pii/S0273117704000651",
    "id": "nHdDP-dGBw4J",
    "childNodes": [
      "Optical observations of space debris in",
      "GEO",
      "and in highly-eccentric orbits"
    ]
  },
  {
    "href": "https://www.degruyter.com/document/doi/10.1515/jbnst-2017-0171/html",
    "id": "0-Zvk_PbIqEJ",
    "childNodes": [
      "RWI-",
      "GEO",
      "-GRID: Socio-economic data on grid level"
    ]
  },
  {
    "href": "https://www.sciencedirect.com/science/article/pii/S0016236119311585",
    "id": "r-RzcJvrzGwJ",
    "childNodes": [
      "Effect of higher and lower order alcohol blending with gasoline on performance, emission and combustion characteristics of SI engine"
    ]
  },
  {
    "href": "https://agupubs.onlinelibrary.wiley.com/doi/abs/10.1029/2010sw000597",
    "id": "R7XS1VE_ZzkJ",
    "childNodes": [
      "Analysis of",
      "GEO",
      "spacecraft anomalies: Space weather relationships"
    ]
  },
  {
    "href": "https://link.springer.com/article/10.1057/palgrave.pb.5990033",
    "id": "lHqIEEI2CzcJ",
    "childNodes": [
      "Geo",
      "-branding, are we talking nonsense? A theoretical reflection on brands applied to places"
    ]
  },
  {
    "href": "https://onlinelibrary.wiley.com/doi/abs/10.1002/hyp.1177",
    "id": "A3zLCGqtG04J",
    "childNodes": [
      "Designing",
      "geo",
      "‐spatial interfaces to scale process models: The GeoWEPP approach"
    ]
  },
  {
    "href": "https://www.emerald.com/insight/content/doi/10.1108/IJPL-07-2020-0061/full/html",
    "id": "mUfubvfkEJYJ",
    "childNodes": [
      "Trust in leaders, work satisfaction and work engagement in public hospitals"
    ]
  },
  {
    "href": "https://www.sciencedirect.com/science/article/pii/S0013935121010768",
    "id": "m8qwhlCu9T4J",
    "childNodes": [
      "Arsenic in the",
      "geo",
      "-environment: A review of sources, geochemical processes, toxicity and removal technologies"
    ]
  },
  {
    "href": "https://dl.acm.org/doi/abs/10.1145/1867699.1867701",
    "id": "QkXDmrGN_74J",
    "childNodes": [
      "Measuring geographical regularities of crowd behaviors for Twitter-based",
      "geo",
      "-social event detection"
    ]
  }
]