[
  {
    "href": "https://www.nature.com/articles/ngeo348/boxes/briefing/signup",
    "id": "y6Rro4Q-xUoJ",
    "childNodes": [
      "Ranking",
      "geo",
      "-engineering schemes"
    ]
  },
  {
    "href": "https://www.sciencedirect.com/science/article/pii/S0962629807000406",
    "id": "MFKrAqSE4QIJ",
    "childNodes": [
      "Competing hegemons? Chinese versus American",
      "geo",
      "-economic strategies in Africa"
    ]
  },
  {
    "href": "https://www.sciencedirect.com/science/article/pii/S0360319908007350",
    "id": "F_GbSOB_TpsJ",
    "childNodes": [
      "Studies on dual fuel operation of rubber seed oil and its bio-diesel with hydrogen as the inducted fuel"
    ]
  },
  {
    "href": "https://link.springer.com/book/10.1007/978-3-0348-0563-6",
    "id": "Hpyq4X8vG40J",
    "childNodes": [
      "Special functions of mathematical (",
      "geo",
      "-) physics"
    ]
  },
  {
    "href": "http://reprints.gravitywaves.com/VIP/ViewExtraSpaceDims/Pang-2001_VisualizingUncertaintyInGeoSpatialData.pdf",
    "id": "YaFfKpxMssIJ",
    "childNodes": [
      "Visualizing uncertainty in",
      "geo",
      "-spatial data"
    ]
  },
  {
    "href": "https://ieeexplore.ieee.org/abstract/document/345873/",
    "id": "jHSd0RBdT0gJ",
    "childNodes": [
      "Analysis of LEO, MEO, and",
      "GEO",
      "global mobile satellite systems in the presence of interference and fading"
    ]
  },
  {
    "href": "https://www.tandfonline.com/doi/abs/10.1080/13658816.2015.1089441",
    "id": "_zHP1o3akv0J",
    "childNodes": [
      "Geo",
      "-temporal Twitter demographics"
    ]
  },
  {
    "href": "https://opg.optica.org/abstract.cfm?uri=ao-23-24-4486",
    "id": "zmHyMVxMvcgJ",
    "childNodes": [
      "Dispersion in",
      "GeO",
      "SUB",
      "–SiO",
      "SUB",
      "glasses"
    ]
  },
  {
    "href": "https://www.tandfonline.com/doi/abs/10.1080/02693799408902008",
    "id": "cwejqgeqR0oJ",
    "childNodes": [
      "Object-oriented approaches to",
      "geo",
      "-referenced information"
    ]
  },
  {
    "href": "https://www.sciencedirect.com/science/article/pii/S001379520100028X",
    "id": "5l3lEMw6-fMJ",
    "childNodes": [
      "GIS-based",
      "geo",
      "-environmental evaluation for urban land-use planning: a case study"
    ]
  }
]