[
  {
    "href": "https://dl.acm.org/doi/abs/10.1145/3318464.3386134",
    "id": "t0XoSYd7br0J",
    "childNodes": [
      "Cockroachdb: The resilient",
      "geo",
      "-distributed sql database"
    ]
  },
  {
    "href": "https://www.sciencedirect.com/science/article/pii/S1567422321000314",
    "id": "IV23mYTpFUoJ",
    "childNodes": [
      "Breaking the uncertainty barrier in social commerce: The relevance of seller and customer-based signals"
    ]
  },
  {
    "href": "https://www.tandfonline.com/doi/abs/10.1080/10095020.2020.1730711",
    "id": "FG3Rk7HUXxIJ",
    "childNodes": [
      "The status of earth observation (EO) &",
      "geo",
      "-information sciences in Africa–trends and challenges"
    ]
  },
  {
    "href": "https://www.tandfonline.com/doi/abs/10.1080/02626667.2011.577037",
    "id": "nC1d5ycOnw0J",
    "childNodes": [
      "Challenges for water sharing in the Nile basin: changing",
      "geo",
      "-politics and changing climate"
    ]
  },
  {
    "href": "https://www.sciencedirect.com/science/article/pii/S0169207003000955",
    "id": "qZq-JNvbcE4J",
    "childNodes": [
      "Predicting the",
      "geo",
      "-temporal variations of crime and disorder"
    ]
  },
  {
    "href": "https://www.mdpi.com/2072-4292/1/3/345",
    "id": "e8l_5PL4LcwJ",
    "childNodes": [
      "Geo",
      "-Wiki. Org: The use of crowdsourcing to improve global land cover"
    ]
  },
  {
    "href": "https://link.springer.com/article/10.1007/s11159-012-9311-7",
    "id": "V5s7EO-A3zAJ",
    "childNodes": [
      "Education and language: A human right for sustainable development in Africa"
    ]
  },
  {
    "href": "https://books.google.com/books?hl=en&lr=&id=AnBM5GLXC9gC&oi=fnd&pg=PA11&dq=geo&ots=wchh6Av_xx&sig=PClMlowuALlvsNd3jgwdWzgvWac",
    "id": "cdMJm75BH_wJ",
    "childNodes": [
      "Geo",
      "-epistemology: Latin America and the location of knowledge"
    ]
  },
  {
    "href": "https://www.sciencedirect.com/science/article/pii/S0016236119312062",
    "id": "HGgclzrUX7QJ",
    "childNodes": [
      "Simultaneous reduction of NOx and smoke emissions with low viscous biofuel in low heat rejection engine using selective catalytic reduction technique"
    ]
  },
  {
    "href": "https://www.usenix.org/conference/nsdi17/technical-sessions/presentation/hsieh",
    "id": "N_wnYiRAFGYJ",
    "childNodes": [
      "Gaia:{",
      "Geo",
      "-Distributed} machine learning approaching {LAN} speeds"
    ]
  }
]