[
  {
    "href": "https://books.google.com/books?hl=en&lr=&id=RaXsNdMtGLQC&oi=fnd&pg=PA3&dq=geo&ots=Pn-ADia9AG&sig=dKG8hB41DZaUstrZL3uuR2dkX_o",
    "id": "3UeuI_TjvkAJ",
    "childNodes": [
      "3D",
      "geo",
      "-information sciences"
    ]
  },
  {
    "href": "https://www.jstor.org/stable/2256504",
    "id": "iQM-hjYw-0AJ",
    "childNodes": [
      "On the role of plants as quantitative climate indicators and the",
      "geo",
      "-ecological law of distribution"
    ]
  },
  {
    "href": "https://ieeexplore.ieee.org/abstract/document/4587461/",
    "id": "IsK45xV_ZloJ",
    "childNodes": [
      "Detecting and matching repeated patterns for automatic",
      "geo",
      "-tagging in urban environments"
    ]
  },
  {
    "href": "https://www.utpjournals.press/doi/abs/10.3138/2288-1450-W061-R664",
    "id": "Kavciz1cc6EJ",
    "childNodes": [
      "Geo",
      "-ethnography: Coupling geographic information analysis techniques with ethnographic methods in urban research"
    ]
  },
  {
    "href": "https://ieeexplore.ieee.org/abstract/document/1541304/",
    "id": "EFR5P5ItfogJ",
    "childNodes": [
      "What metrics can be approximated by",
      "geo",
      "-cuts, or global optimization of length/area and flux"
    ]
  },
  {
    "href": "https://link.springer.com/article/10.1007/s10961-011-9219-6",
    "id": "O_VHfu59OEwJ",
    "childNodes": [
      "Current trends in nanotechnology research across worldwide",
      "geo",
      "-economic players"
    ]
  },
  {
    "href": "https://www.sciencedirect.com/science/article/pii/S147840921830058X",
    "id": "0A9snpVYzsMJ",
    "childNodes": [
      "Does supplier development lead to supplier satisfaction and relationship continuation?"
    ]
  },
  {
    "href": "https://ieeexplore.ieee.org/abstract/document/7118228/",
    "id": "JLGILQhvduYJ",
    "childNodes": [
      "The worst case",
      "GEO",
      "environment and the frequency of arcs in",
      "GEO"
    ]
  },
  {
    "href": "https://dl.acm.org/doi/abs/10.1145/2723372.2735365",
    "id": "io2q5z22RhMJ",
    "childNodes": [
      "Wanalytics:",
      "Geo",
      "-distributed analytics for a data intensive world"
    ]
  },
  {
    "href": "http://www.gcdz.org/en/article/pdf/preview/8399.pdf",
    "id": "XLNjDw6bgYAJ",
    "childNodes": [
      "Fault effect analysis of",
      "geo",
      "-hazard triggered by Wenchaun earthquake"
    ]
  }
]