[
  {
    "href": "https://dl.acm.org/doi/abs/10.1145/1096985.1096993",
    "id": "665PUnRI8Q8J",
    "childNodes": [
      "Indexing and ranking in",
      "Geo",
      "-IR systems"
    ]
  },
  {
    "href": "https://www.emerald.com/insight/content/doi/10.1108/EBR-01-2019-0014/full/html/",
    "id": "WEsm9RvbAZoJ",
    "childNodes": [
      "SMEs motivations for CSR: an exploratory study"
    ]
  },
  {
    "href": "https://academic.oup.com/gji/article-abstract/198/1/110/606166",
    "id": "0NzjpPMl06gJ",
    "childNodes": [
      "Robust and scalable 3-D",
      "geo",
      "-electromagnetic modelling approach using the finite element method"
    ]
  },
  {
    "href": "https://www.sciencedirect.com/science/article/pii/S0043135416000555",
    "id": "lFiMPt1X9sMJ",
    "childNodes": [
      "Editorial–A critical perspective on",
      "geo",
      "-engineering for eutrophication management in lakes"
    ]
  },
  {
    "href": "https://link.springer.com/article/10.1007/BF00980769",
    "id": "tDv2v2QuSQYJ",
    "childNodes": [
      "A study of the electrical and optical properties of the",
      "GeO",
      "SUB",
      "-TeO",
      "SUB",
      "glass system"
    ]
  },
  {
    "href": "https://www.tandfonline.com/doi/abs/10.1080/01431160500057764",
    "id": "Q14WaJPd7GIJ",
    "childNodes": [
      "Quality assessment for",
      "geo",
      "‐spatial objects derived from remotely sensed data"
    ]
  },
  {
    "href": "https://journals.aps.org/prb/abstract/10.1103/PhysRevB.61.3384",
    "id": "oal7Aqz0EQkJ",
    "childNodes": [
      "Laser spectroscopy of",
      "svg",
      "ions in",
      "svg",
      "glasses"
    ]
  },
  {
    "href": "https://www.nature.com/articles/nprot.2017.003",
    "id": "2ieiEM4bxdwJ",
    "childNodes": [
      "Spatial transcriptomic analysis of cryosectioned tissue samples with",
      "Geo",
      "-seq"
    ]
  },
  {
    "href": "https://www.sciencedirect.com/science/article/pii/S0955221910000282",
    "id": "m3L5WANwno8J",
    "childNodes": [
      "Silica fume as porogent agent in",
      "geo",
      "-materials at low temperature"
    ]
  },
  {
    "href": "https://www.sciencedirect.com/science/article/pii/S0960852420319283",
    "id": "c-jYJ-HjxLoJ",
    "childNodes": [
      "Lipid content, biomass density, fatty acid as selection markers for evaluating the suitability of four fast growing cyanobacterial strains for biodiesel production"
    ]
  }
]