[
  {
    "href": "https://www.sciencedirect.com/science/article/pii/S019689041931341X",
    "id": "268RwLKN4DgJ",
    "childNodes": [
      "Experimental investigation of pomegranate oil methyl ester in ceramic coated engine at different operating condition in direct injection diesel engine with energy and …"
    ]
  },
  {
    "href": "https://www.elgaronline.com/abstract/edcoll/9781785368851/9781785368851.00028.xml",
    "id": "yXWWJKlX6D8J",
    "childNodes": [
      "Geo",
      "-interpretation: How and for whom?"
    ]
  },
  {
    "href": "https://books.google.com/books?hl=en&lr=&id=tr-qDAAAQBAJ&oi=fnd&pg=PR7&dq=geo&ots=nyvMZc16nZ&sig=rvKavH6Cm7fCbRmGly81RUetVXc",
    "id": "MZY9x4DO5fAJ",
    "childNodes": [
      "The new",
      "geo",
      "-governance: A baroque approach"
    ]
  },
  {
    "href": "https://opg.optica.org/abstract.cfm?uri=oe-18-19-20215",
    "id": "jbIDc2tSxVIJ",
    "childNodes": [
      "Near infrared long-persistent phosphorescence in La",
      "SUB",
      "Ga",
      "SUB",
      "GeO",
      "SUB",
      ":Cr",
      "SUP",
      "phosphor"
    ]
  },
  {
    "href": "https://books.google.com/books?hl=en&lr=&id=O_HPfvTJDHoC&oi=fnd&pg=PR13&dq=geo&ots=pD-l7QWVVZ&sig=SpECTL-7lfdsBiSDeR5R82rw4jY",
    "id": "4NPZLZIh5IEJ",
    "childNodes": [
      "Geo",
      "-information for disaster management"
    ]
  },
  {
    "href": "https://www.sciencedirect.com/science/article/pii/S0198971508000628",
    "id": "FTlFXLoQWJcJ",
    "childNodes": [
      "Key challenges in agent-based modelling for",
      "geo",
      "-spatial simulation"
    ]
  },
  {
    "href": "https://www.sciencedirect.com/science/article/pii/S1364815212000898",
    "id": "UpSnthGN72gJ",
    "childNodes": [
      "Environmental model access and interoperability: The",
      "GEO",
      "Model Web initiative"
    ]
  },
  {
    "href": "https://link.springer.com/article/10.1007/s10064-005-0021-2",
    "id": "A2DUUzDT8h4J",
    "childNodes": [
      "Three and more dimensional modelling in",
      "geo",
      "-engineering"
    ]
  },
  {
    "href": "https://www.sciencedirect.com/science/article/pii/S0160738311001630",
    "id": "9P2nDtR5VakJ",
    "childNodes": [
      "The role of",
      "geo",
      "-based technology in place experiences"
    ]
  },
  {
    "href": "https://journals.sagepub.com/doi/abs/10.1177/1368431006063333",
    "id": "kMgibGDLpfgJ",
    "childNodes": [
      "Theorizing from the borders: Shifting to",
      "geo",
      "-and body-politics of knowledge"
    ]
  }
]