[
  {
    "href": "https://link.springer.com/article/10.1007/s11069-016-2437-3",
    "id": "w8DS5uQDGNEJ",
    "childNodes": [
      "Perspectives on global dynamic exposure modelling for",
      "geo",
      "-risk assessment"
    ]
  },
  {
    "href": "https://www.sciencedirect.com/science/article/pii/S0273117707003699",
    "id": "m39qF9tCWckJ",
    "childNodes": [
      "Distinguishing features of CCD astrometry of faint",
      "GEO",
      "objects"
    ]
  },
  {
    "href": "https://www.inderscienceonline.com/doi/abs/10.1504/IJTGM.2014.058714",
    "id": "GRfUrw-P_GQJ",
    "childNodes": [
      "Steel market and global trends of leading",
      "geo",
      "–economic players"
    ]
  },
  {
    "href": "https://www.sciencedirect.com/science/article/pii/S1878029614001844",
    "id": "vhlH5fk3AO0J",
    "childNodes": [
      "From BIM to",
      "geo",
      "-analysis: view coverage and shadow analysis by BIM/GIS integration"
    ]
  },
  {
    "href": "https://onlinelibrary.wiley.com/doi/abs/10.1111/j.1467-9671.2008.01084.x",
    "id": "Z3bgfOKZtvcJ",
    "childNodes": [
      "Approaches to semantic similarity measurement for",
      "geo",
      "‐spatial data: a survey"
    ]
  },
  {
    "href": "http://disi.unitn.it/~p2p/RelatedWork/Matching/IJSDIR_113.pdf",
    "id": "F135pFEWMGkJ",
    "childNodes": [
      "A",
      "geo",
      "-service semantic integration in spatial data infrastructures"
    ]
  },
  {
    "href": "https://www.mdpi.com/2075-163X/10/11/1004",
    "id": "fORsfHCRc2YJ",
    "childNodes": [
      "SEM-based automated mineralogy and its application in",
      "geo",
      "-and material sciences"
    ]
  },
  {
    "href": "https://www.scielo.org.za/scielo.php?pid=S2071-07632017000100022&script=sci_arttext",
    "id": "XFvXvYOhdSoJ",
    "childNodes": [
      "Teamwork orientation and personal learning: The role of individual cultural values and value congruence"
    ]
  },
  {
    "href": "https://www.sciencedirect.com/science/article/pii/S0378475405000613",
    "id": "2KBbw8MsXVUJ",
    "childNodes": [
      "Geo",
      "-temporal tracking and analysis of tourist movement"
    ]
  },
  {
    "href": "https://www.sciencedirect.com/science/article/pii/S0360544216300238",
    "id": "pV9DlOdItBoJ",
    "childNodes": [
      "Assessment of cashew nut shell oil as an alternate fuel for CI (Compression ignition) engines"
    ]
  }
]