[
  {
    "href": "https://www.sciencedirect.com/science/article/pii/S0273117701003994",
    "id": "Xh817PkFy-QJ",
    "childNodes": [
      "The search for debris in",
      "GEO"
    ]
  },
  {
    "href": "https://agupubs.onlinelibrary.wiley.com/doi/abs/10.1029/2019GC008273",
    "id": "R0Mq0z3u35EJ",
    "childNodes": [
      "Geo",
      "‐",
      "I",
      "O",
      "SUB",
      ": Integrated Software for Analysis of Magmatic Oxygen Fugacity"
    ]
  },
  {
    "href": "https://ieeexplore.ieee.org/abstract/document/5424243/",
    "id": "y1wJMFflPssJ",
    "childNodes": [
      "Comprehensive study of",
      "GeO",
      "SUB",
      "oxidation,",
      "GeO",
      "desorption and",
      "GeO",
      "SUB",
      "-metal interaction -understanding of Ge processing kinetics for perfect interface control-"
    ]
  },
  {
    "href": "https://www.microsoft.com/en-us/research/publication/st-mvl-filling-missing-values-in-geo-sensory-time-series-data/",
    "id": "SSFCVUgP1cwJ",
    "childNodes": [
      "ST-MVL: Filling missing values in",
      "geo",
      "-sensory time series data"
    ]
  },
  {
    "href": "https://www.tandfonline.com/doi/abs/10.1080/14781700802113556",
    "id": "AkLanqVUOU4J",
    "childNodes": [
      "The ethical task of the translator in the",
      "geo",
      "-political arena: From Iraq to Guantánamo Bay"
    ]
  },
  {
    "href": "https://ieeexplore.ieee.org/abstract/document/7363884/",
    "id": "j1E4qasLOrcJ",
    "childNodes": [
      "PAIRS: A scalable",
      "geo",
      "-spatial data analytics platform"
    ]
  },
  {
    "href": "http://openaccess.thecvf.com/content/CVPR2022/html/Berton_Deep_Visual_Geo-Localization_Benchmark_CVPR_2022_paper.html",
    "id": "YeeY28YTJi4J",
    "childNodes": [
      "Deep visual",
      "geo",
      "-localization benchmark"
    ]
  },
  {
    "href": "https://www.usenix.org/conference/nsdi13/technical-sessions/presentation/lloyd",
    "id": "gHDVz1mthJQJ",
    "childNodes": [
      "Stronger Semantics for {Low-Latency}{",
      "Geo",
      "-Replicated} Storage"
    ]
  },
  {
    "href": "https://www.sciencedirect.com/science/article/pii/S019897151930105X",
    "id": "3E46AWrxBA0J",
    "childNodes": [
      "Tracking urban",
      "geo",
      "-topics based on dynamic topic model"
    ]
  },
  {
    "href": "https://www.sciencedirect.com/science/article/pii/S1359431118368212",
    "id": "60WCjERXGi4J",
    "childNodes": [
      "Investigation of novel Pistacia khinjuk biodiesel in DI diesel engine with post combustion capture system"
    ]
  }
]