[
  {
    "href": "https://www.sciencedirect.com/science/article/pii/S0266352X05001035",
    "id": "Zk2B9aF-QH0J",
    "childNodes": [
      "Modelling a",
      "geo",
      "-composite cell using discrete analysis"
    ]
  },
  {
    "href": "https://dl.acm.org/doi/abs/10.1145/1255175.1255177",
    "id": "Pku_242TIyAJ",
    "childNodes": [
      "World explorer: visualizing aggregate data from unstructured text in",
      "geo",
      "-referenced collections"
    ]
  },
  {
    "href": "https://www.ejmste.com/article/structure-and-content-of-e-learning-information-environment-based-on-geo-information-technologies-4924",
    "id": "ngRZa7VzOTUJ",
    "childNodes": [
      "Structure and content of e-learning information environment based on",
      "geo",
      "-information technologies"
    ]
  },
  {
    "href": "https://www.researchgate.net/profile/Anthony-Robinson-3/publication/229045946_Geo-Twitter_Analytics_Applications_in_Crisis_Management/links/5a5394edaca2725638c855bb/Geo-Twitter-Analytics-Applications-in-Crisis-Management.pdf",
    "id": "0ETW_pYWIGUJ",
    "childNodes": [
      "Geo",
      "-twitter analytics: Applications in crisis management"
    ]
  },
  {
    "href": "https://dl.acm.org/doi/abs/10.1145/2829988.2787505",
    "id": "Ih6wLyeVxpUJ",
    "childNodes": [
      "Low latency",
      "geo",
      "-distributed data analytics"
    ]
  },
  {
    "href": "https://www.jstor.org/stable/1354445",
    "id": "P3AHoPJVpRkJ",
    "childNodes": [
      "On environmentality:",
      "Geo",
      "-power and eco-knowledge in the discourses of contemporary environmentalism"
    ]
  },
  {
    "href": "https://ideapublishers.org/index.php/lassij/article/view/1195",
    "id": "TSUaLjy3RScJ",
    "childNodes": [
      "The impacts of the intended transition of Pakistan from",
      "geo",
      "-politics to",
      "geo",
      "-economics"
    ]
  },
  {
    "href": "https://www.sciencedirect.com/science/article/pii/S0370157307003468",
    "id": "Oc2SmgfZrB4J",
    "childNodes": [
      "Geo",
      "-neutrinos and earth's interior"
    ]
  },
  {
    "href": "https://link.springer.com/chapter/10.1007/978-3-642-36973-5_30",
    "id": "kaEH1HaNTKEJ",
    "childNodes": [
      "Geo",
      "-spatial event detection in the twitter stream"
    ]
  }
]