[
  {
    "href": "https://www.sciencedirect.com/science/article/pii/S0962629802000112",
    "id": "wpaWZmtG_P4J",
    "childNodes": [
      "Imagining geographies of the 'new Europe':",
      "geo",
      "-economic power and the new European architecture of integration"
    ]
  },
  {
    "href": "https://search.proquest.com/openview/d09b6e2246021c766696e1af1f330022/1?pq-origsite=gscholar&cbl=36297",
    "id": "YB-fPY-z1s0J",
    "childNodes": [
      "Geo",
      "-engineering to confine climate change: is it at all feasible?"
    ]
  },
  {
    "href": "https://dl.acm.org/doi/abs/10.1145/1873951.1873971",
    "id": "9jnx8IK1jKMJ",
    "childNodes": [
      "Mining people's trips from large scale",
      "geo",
      "-tagged photos"
    ]
  },
  {
    "href": "https://link.springer.com/chapter/10.1007/978-3-540-30231-5_2",
    "id": "PgpUFMVFm3kJ",
    "childNodes": [
      "Geo",
      "-self-organizing map (",
      "Geo",
      "-SOM) for building and exploring homogeneous regions"
    ]
  },
  {
    "href": "https://arxiv.org/abs/2302.03676",
    "id": "MaCwomYXog0J",
    "childNodes": [
      "Open data from the third observing run of LIGO, Virgo, KAGRA and",
      "GEO"
    ]
  },
  {
    "href": "https://books.google.com/books?hl=en&lr=&id=h-DhAwAAQBAJ&oi=fnd&pg=PA39&dq=geo&ots=sieBUYJYkL&sig=eOYK0_1L_Ro75Xc_Lkwf-4aC2YA",
    "id": "f39JteZXii8J",
    "childNodes": [
      "Geo",
      "-information tools for landslide risk assessment: an overview of recent developments"
    ]
  },
  {
    "href": "https://www.sciencedirect.com/science/article/pii/S2352484723001324",
    "id": "XDa4vlV4kcIJ",
    "childNodes": [
      "Impact assessment of energy sanctions in",
      "geo",
      "-conflict: Russian–Ukrainian war"
    ]
  },
  {
    "href": "http://openaccess.thecvf.com/content_CVPR_2019/html/Lan_Modeling_Local_Geometric_Structure_of_3D_Point_Clouds_Using_Geo-CNN_CVPR_2019_paper.html",
    "id": "2wiSPiLf2GEJ",
    "childNodes": [
      "Modeling local geometric structure of 3d point clouds using",
      "geo",
      "-cnn"
    ]
  },
  {
    "href": "https://dl.acm.org/doi/abs/10.1145/2660267.2660345",
    "id": "M4tkVbCLm1gJ",
    "childNodes": [
      "Optimal",
      "geo",
      "-indistinguishable mechanisms for location privacy"
    ]
  },
  {
    "href": "https://www.tandfonline.com/doi/abs/10.1080/00221341.2019.1698641",
    "id": "QP4egTZUbZkJ",
    "childNodes": [
      "Advancing students' abilities through the",
      "geo",
      "-inquiry process"
    ]
  }
]