[
  {
    "href": "https://agupubs.onlinelibrary.wiley.com/doi/abs/10.1029/2020GL090814",
    "id": "3FbaX0ud7C8J",
    "childNodes": [
      "Hydrogen wettability of sandstone reservoirs: implications for hydrogen",
      "geo",
      "‐storage"
    ]
  },
  {
    "href": "https://www.sciencedirect.com/science/article/pii/S034181621200269X",
    "id": "EvN6nAfOXeAJ",
    "childNodes": [
      "GIS-based hydrological zones and soil",
      "geo",
      "-database of Ethiopia"
    ]
  },
  {
    "href": "https://dl.acm.org/doi/abs/10.1145/2525314.2525339",
    "id": "LnLM6FgAiT8J",
    "childNodes": [
      "iGSLR: personalized",
      "geo",
      "-social location recommendation: a kernel density estimation approach"
    ]
  },
  {
    "href": "https://www.sciencedirect.com/science/article/pii/S0968090X14000928",
    "id": "GpqPrSP35tEJ",
    "childNodes": [
      "Urban activity pattern classification using topic models from online",
      "geo",
      "-location data"
    ]
  },
  {
    "href": "https://www.sciencedirect.com/science/article/pii/S0169204619300143",
    "id": "q6aVdGIdHjUJ",
    "childNodes": [
      "Crowdsourcing",
      "geo",
      "-information on landscape perceptions and preferences: A review"
    ]
  },
  {
    "href": "https://www.sciencedirect.com/science/article/pii/S0016236120324443",
    "id": "2VwHohSmMmAJ",
    "childNodes": [
      "Experimental investigations on the production and testing of azolla methyl esters from Azolla microphylla in a compression ignition engine"
    ]
  },
  {
    "href": "https://www.jstor.org/stable/311186",
    "id": "rGFTA3Gm4XgJ",
    "childNodes": [
      "Gadflies (Virg.",
      "Geo",
      ". 3.146-148)"
    ]
  },
  {
    "href": "https://www.tandfonline.com/doi/abs/10.1080/10095020.2020.1718001",
    "id": "9YRW4dWw0wUJ",
    "childNodes": [
      "Advances of",
      "geo",
      "-spatial intelligence at LIESMARS"
    ]
  },
  {
    "href": "https://hess.copernicus.org/articles/13/1273/2009/",
    "id": "6FCLabG95eMJ",
    "childNodes": [
      "Threshold behaviour in hydrological systems as (human)",
      "geo",
      "-ecosystems: manifestations, controls, implications"
    ]
  },
  {
    "href": "http://xb.chinasmp.com/EN/10.11947/j.AGCS.2016.20160057",
    "id": "cvcvTFZCJs4J",
    "childNodes": [
      "Towards",
      "geo",
      "-spatial information science in big data era"
    ]
  }
]