[
  {
    "href": "https://www.sciencedirect.com/science/article/pii/S0273117704000705",
    "id": "bcsLgIqvIxMJ",
    "childNodes": [
      "LEGEND–a three-dimensional LEO-to-",
      "GEO",
      "debris evolutionary model"
    ]
  },
  {
    "href": "https://pubs.aip.org/aip/jap/article/108/5/054104/345368",
    "id": "p4bxRcAxkRsJ",
    "childNodes": [
      "Desorption kinetics of",
      "GeO",
      "from GeO2/Ge structure"
    ]
  },
  {
    "href": "https://www.sciencedirect.com/science/article/pii/S0040162522006795",
    "id": "Y6d6JSA6RH4J",
    "childNodes": [
      "Mobile money as a driver of digital financial inclusion"
    ]
  },
  {
    "href": "https://www.taylorfrancis.com/books/mono/10.4324/9780203351437/history-spaces-john-pickles",
    "id": "Jsiq8pGfo_oJ",
    "childNodes": [
      "A history of spaces: Cartographic reason, mapping and the",
      "geo",
      "-coded world"
    ]
  },
  {
    "href": "https://books.google.com/books?hl=en&lr=&id=FLCXORStDLwC&oi=fnd&pg=PP11&dq=geo&ots=4VFFdrXfek&sig=GRAwJrvZFPDeX7nnIjW4PjR-vkY",
    "id": "jM4o797C5UcJ",
    "childNodes": [
      "Geo",
      "-logic: Breaking ground between philosophy and the earth sciences"
    ]
  },
  {
    "href": "https://www.sciencedirect.com/science/article/pii/0012821X77900607",
    "id": "BoSRXXYmIqoJ",
    "childNodes": [
      "Subcommission on geochronology: convention on the use of decay constants in",
      "geo",
      "-and cosmochronology"
    ]
  },
  {
    "href": "https://www.jstor.org/stable/42894676",
    "id": "NFw-yuTTthgJ",
    "childNodes": [
      "From geopolitics to",
      "geo",
      "-economics: Logic of conflict, grammar of commerce"
    ]
  },
  {
    "href": "https://link.springer.com/article/10.1007/s10712-009-9087-x",
    "id": "Ky5LGV9m928J",
    "childNodes": [
      "Numerical modelling in",
      "geo",
      "-electromagnetics: advances and challenges"
    ]
  },
  {
    "href": "https://pubs.rsc.org/en/content/articlehtml/2011/cc/c0cc04687f",
    "id": "YC9WwlBOMe8J",
    "childNodes": [
      "Ion-exchange synthesis of a micro/mesoporous Zn 2",
      "GeO",
      "4 photocatalyst at room temperature for photoreduction of CO 2"
    ]
  },
  {
    "href": "https://www.taylorfrancis.com/chapters/edit/10.4324/9781351172288-1/geo-economic-power-politics-s%C3%B6ren-scholvin-mikael-wigell",
    "id": "T-f1mUIGgiIJ",
    "childNodes": [
      "Geo",
      "-economic power politics: An introduction"
    ]
  }
]