[
  {
    "href": "https://link.springer.com/chapter/10.1007/11586180_4",
    "id": "3H2i-x6SXikJ",
    "childNodes": [
      "Processes and events in dynamic",
      "geo",
      "-networks"
    ]
  },
  {
    "href": "https://www.sciencedirect.com/science/article/pii/016653169090018E",
    "id": "dRHE1U0PMO8J",
    "childNodes": [
      "On the",
      "Geo",
      "/D/1 and",
      "Geo",
      "/D/1/n queues"
    ]
  },
  {
    "href": "https://proceedings.neurips.cc/paper_files/paper/2023/hash/a0644215d9cff6646fa334dfa5d29c5a-Abstract-Datasets_and_Benchmarks.html",
    "id": "gmUx7qAatyIJ",
    "childNodes": [
      "Geo",
      "-bench: Toward foundation models for earth monitoring"
    ]
  },
  {
    "href": "https://www.academia.edu/download/56083475/GeoEconomic.pdf",
    "id": "SjBJKZ_iLrQJ",
    "childNodes": [
      "Geo",
      "-economics"
    ]
  },
  {
    "href": "https://dl.acm.org/doi/abs/10.1145/2063576.2063641",
    "id": "OVWhK743_O4J",
    "childNodes": [
      "Text vs. space: efficient",
      "geo",
      "-search query processing"
    ]
  },
  {
    "href": "https://www.sciencedirect.com/science/article/pii/S0896841109001644",
    "id": "Swyr93vxf3MJ",
    "childNodes": [
      "Geo",
      "-epidemiology and autoimmunity"
    ]
  },
  {
    "href": "https://www.sciencedirect.com/science/article/pii/S0098300404001918",
    "id": "Ymz7dnptmZoJ",
    "childNodes": [
      "The self-organizing map, the",
      "Geo",
      "-SOM, and relevant variants for geosciences"
    ]
  },
  {
    "href": "https://www.emerald.com/insight/content/doi/10.1108/IJBM-09-2015-0142/full/html",
    "id": "Gbuwf1CjhXsJ",
    "childNodes": [
      "Mobile banking services adoption in Pakistan: are there gender differences?"
    ]
  },
  {
    "href": "https://www.sciencedirect.com/science/article/pii/S0924271620300927",
    "id": "lMweCjjEcysJ",
    "childNodes": [
      "Google Earth Engine for",
      "geo",
      "-big data applications: A meta-analysis and systematic review"
    ]
  },
  {
    "href": "https://iopscience.iop.org/article/10.1088/0264-9381/19/7/321/meta",
    "id": "DG0_NOTsFkUJ",
    "childNodes": [
      "The",
      "GEO",
      "600 gravitational wave detector"
    ]
  }
]