[
  {
    "href": "https://journals.sagepub.com/doi/abs/10.1509/jmr.14.0229",
    "id": "psQTvjHacXkJ",
    "childNodes": [
      "Geo",
      "-conquesting: Competitive locational targeting of mobile promotions"
    ]
  },
  {
    "href": "https://rmets.onlinelibrary.wiley.com/doi/abs/10.1002/met.245",
    "id": "j9dlL-YPa4UJ",
    "childNodes": [
      "Engineering",
      "geo",
      "‐engineering"
    ]
  },
  {
    "href": "https://www.ncbi.nlm.nih.gov/pmc/articles/PMC4918176/",
    "id": "ILHqyATkS_kJ",
    "childNodes": [
      "Around the world in 1,475 Salmonella",
      "geo",
      "-serotypes"
    ]
  },
  {
    "href": "https://journals.aps.org/prl/abstract/10.1103/PhysRevLett.113.177401",
    "id": "QAgA5khD2lgJ",
    "childNodes": [
      "Detection of Up-converted Persistent Luminescence in the Near Infrared Emitted by the",
      "svg",
      ",",
      "svg",
      ",",
      "svg",
      "Phosphor"
    ]
  },
  {
    "href": "https://dl.acm.org/doi/abs/10.1145/1368044.1368066",
    "id": "BWQ9Vo-UyCQJ",
    "childNodes": [
      "Enabling access to",
      "geo",
      "-referenced information: Atlas. txt"
    ]
  },
  {
    "href": "https://dl.acm.org/doi/abs/10.1145/3394171.3413896",
    "id": "fsiqMJOf--IJ",
    "childNodes": [
      "University-1652: A multi-view multi-source benchmark for drone-based",
      "geo",
      "-localization"
    ]
  },
  {
    "href": "https://www.sciencedirect.com/science/article/pii/S0034425705002506",
    "id": "OupINBnFI2AJ",
    "childNodes": [
      "Remote sensing of landslides: An analysis of the potential contribution to",
      "geo",
      "-spatial systems for hazard assessment in mountainous environments"
    ]
  },
  {
    "href": "https://dl.acm.org/doi/abs/10.1145/2043556.2043592",
    "id": "aCqKtkJv70gJ",
    "childNodes": [
      "Transactional storage for",
      "geo",
      "-replicated systems"
    ]
  },
  {
    "href": "https://www.sciencedirect.com/science/article/pii/S0308597X08000663",
    "id": "vU1Peey9VEwJ",
    "childNodes": [
      "The missing layer:",
      "Geo",
      "-technologies, communities, and implications for marine spatial planning"
    ]
  },
  {
    "href": "https://www.taylorfrancis.com/chapters/edit/10.1201/9781003067689-5/aggregation-effects-geo-referenced-data-david-wong",
    "id": "SkIeRlJFjnQJ",
    "childNodes": [
      "Aggregation effects in",
      "geo",
      "-referenced data"
    ]
  }
]