[
  {
    "href": "https://books.google.com/books?hl=en&lr=&id=nKGJAgAAQBAJ&oi=fnd&pg=PA370&dq=geo&ots=oeT4sstCp6&sig=Qo3f7xH0jZBEUlO4kqIoEPe6-nE",
    "id": "mLVbXGE_XWQJ",
    "childNodes": [
      "A new",
      "geo",
      "-economy"
    ]
  },
  {
    "href": "https://www.liverpooluniversitypress.co.uk/doi/pdf/10.3828/jlcds.2010.10",
    "id": "mNgA0nGbxdAJ",
    "childNodes": [
      "Introduction: Ablenationalism and the",
      "geo",
      "-politics of disability"
    ]
  },
  {
    "href": "https://books.google.com/books?hl=en&lr=&id=daoCQs6hVGIC&oi=fnd&pg=PR13&dq=geo&ots=TZRoo0UGb2&sig=0r2CzVifJP7dR4Su5x7tIpja0ZU",
    "id": "RZT3qWgZtIUJ",
    "childNodes": [
      "Geo",
      "-space urban design"
    ]
  },
  {
    "href": "https://library.oapen.org/handle/20.500.12657/58760",
    "id": "73vxsR6r0vYJ",
    "childNodes": [
      "Germany, Russia, and the rise of",
      "geo",
      "-economics"
    ]
  },
  {
    "href": "https://www.sciencedirect.com/science/article/pii/S0016236121000120",
    "id": "WbBkrJcgRScJ",
    "childNodes": [
      "Insights on biological hydrogen production routes and potential microorganisms for high hydrogen yield"
    ]
  },
  {
    "href": "https://www.researchcghe.org/wp-content/uploads/migrate/publications/wp34final.pdf",
    "id": "1Wzkk1x_T2gJ",
    "childNodes": [
      "The new",
      "geo",
      "-politics of higher education"
    ]
  },
  {
    "href": "https://journals.aps.org/prl/abstract/10.1103/PhysRevLett.80.999",
    "id": "jcmx25dOLiMJ",
    "childNodes": [
      "Logarithmic Kinetics of the Amorphous-Amorphous Transformations in",
      "svg",
      "and",
      "svg",
      "Glasses under High Pressure"
    ]
  },
  {
    "href": "https://giirj.com/index.php/giirj/article/view/5108",
    "id": "qC2eLITf0_MJ",
    "childNodes": [
      "Use of",
      "geo",
      "-information systems for monitoring and development of the basis of web-maps"
    ]
  },
  {
    "href": "https://compass.onlinelibrary.wiley.com/doi/abs/10.1111/gec3.12193",
    "id": "2mzDaP8tLCwJ",
    "childNodes": [
      "Geo",
      "‐awareness,",
      "geo",
      "‐enablement, geotechnologies, citizen science, and storytelling: Geography on the world stage"
    ]
  },
  {
    "href": "https://api.taylorfrancis.com/content/books/mono/download?identifierName=doi&identifierValue=10.4324/9781351172288&type=googlepdf",
    "id": "p2ecIrrCOnwJ",
    "childNodes": [
      "Geo",
      "-economics and power politics in the 21st Century"
    ]
  }
]