[
  {
    "href": "https://iopscience.iop.org/article/10.1088/1742-6596/610/1/012015/meta",
    "id": "WvlRHnUKUkoJ",
    "childNodes": [
      "Status of",
      "GEO",
      "600"
    ]
  },
  {
    "href": "https://academic.oup.com/nar/article-abstract/33/suppl_1/D562/2505234",
    "id": "93pgg5VnA-4J",
    "childNodes": [
      "NCBI",
      "GEO",
      ": mining millions of expression profiles—database and tools"
    ]
  },
  {
    "href": "https://iopscience.iop.org/article/10.1088/0264-9381/23/19/S02/meta",
    "id": "lGgpXWzqVnsJ",
    "childNodes": [
      "The status of",
      "GEO",
      "600"
    ]
  },
  {
    "href": "https://www.nature.com/articles/nbt1206-1471",
    "id": "OeIWhSjEd5IJ",
    "childNodes": [
      "NCBI",
      "GEO",
      "standards and services for microarray data"
    ]
  },
  {
    "href": "https://link.springer.com/article/10.1007/s11432-009-0122-9",
    "id": "xSMb6u3bwgYJ",
    "childNodes": [
      "The new era for",
      "geo",
      "-information"
    ]
  },
  {
    "href": "https://iopscience.iop.org/article/10.1088/1742-6596/228/1/012012/meta",
    "id": "ovtcPOTlAvkJ",
    "childNodes": [
      "The upgrade of",
      "GEO",
      "600"
    ]
  },
  {
    "href": "https://link.springer.com/chapter/10.1007/978-3-642-13486-9_9",
    "id": "yyoLG8qVDCYJ",
    "childNodes": [
      "GeoWordNet: a resource for",
      "geo",
      "-spatial applications"
    ]
  },
  {
    "href": "https://books.google.com/books?hl=en&lr=&id=JrzfAlEtob4C&oi=fnd&pg=PP1&dq=geo&ots=BGiJnjvH3p&sig=0NLwKjV74gBqTrsoVmiOTIfbZZc",
    "id": "f_tWI5w_h1cJ",
    "childNodes": [
      "Geo",
      "-electromagnetism"
    ]
  },
  {
    "href": "https://www.tandfonline.com/doi/full/10.1080/0163660X.2011.587950",
    "id": "Jq30du0BI30J",
    "childNodes": [
      "Germany as a",
      "Geo",
      "-economic Power"
    ]
  },
  {
    "href": "https://pubs.geoscienceworld.org/segweb/segdiscovery/article-abstract/doi/10.5382/SEGnews.2008-73.fea/607050",
    "id": "mGO8O48lF48J",
    "childNodes": [
      "Getting the",
      "geo",
      "into geomet"
    ]
  }
]