[
  {
    "href": "https://www.nature.com/articles/ncomms13603",
    "id": "7mrfJHhzNv4J",
    "childNodes": [
      "Estimating the volume and age of water stored in global lakes using a",
      "geo",
      "-statistical approach"
    ]
  },
  {
    "href": "https://journals.sagepub.com/doi/abs/10.1191/0309132506ph619oa",
    "id": "dxfhOR4JEjoJ",
    "childNodes": [
      "Governmentality, geography, and the",
      "geo",
      "-coded world"
    ]
  },
  {
    "href": "https://www.usenix.org/event/hotsec10/tech/full_papers/Friedland.pdf",
    "id": "pxG6kG-xMfwJ",
    "childNodes": [
      "Cybercasing the Joint: On the Privacy Implications of {",
      "Geo",
      "-Tagging}"
    ]
  },
  {
    "href": "http://openaccess.thecvf.com/content/CVPR2022/html/Berton_Rethinking_Visual_Geo-Localization_for_Large-Scale_Applications_CVPR_2022_paper.html",
    "id": "-7CZJ9nsc7gJ",
    "childNodes": [
      "Rethinking visual",
      "geo",
      "-localization for large-scale applications"
    ]
  },
  {
    "href": "https://www.sciencedirect.com/science/article/pii/S1568997209001979",
    "id": "jUvLoFYmR7gJ",
    "childNodes": [
      "The environment,",
      "geo",
      "-epidemiology, and autoimmune disease: Rheumatoid arthritis"
    ]
  },
  {
    "href": "https://dl.acm.org/doi/abs/10.1145/1871437.1871535",
    "id": "heUzeXK6HHMJ",
    "childNodes": [
      "You are where you tweet: a content-based approach to",
      "geo",
      "-locating twitter users"
    ]
  },
  {
    "href": "https://link.springer.com/article/10.1631/jzus.B1600344",
    "id": "eUVmnJjA8vsJ",
    "childNodes": [
      "A review of the use of pteridophytes for treating human ailments"
    ]
  },
  {
    "href": "https://onlinelibrary.wiley.com/doi/abs/10.1111/j.1467-9671.2011.01294.x",
    "id": "TTEVMV-6aYgJ",
    "childNodes": [
      "Geo",
      "‐parsing messages from microtext"
    ]
  },
  {
    "href": "https://link.springer.com/article/10.1007/s10064-009-0207-0",
    "id": "ErBeO3XA_-oJ",
    "childNodes": [
      "Analysis of the",
      "geo",
      "-hazards triggered by the 12 May 2008 Wenchuan Earthquake, China"
    ]
  },
  {
    "href": "https://journals.sagepub.com/doi/abs/10.1111/1467-954X.12122",
    "id": "wI9hXbTEcmwJ",
    "childNodes": [
      "Geo",
      "-politics and the disaster of the Anthropocene"
    ]
  }
]