[
  {
    "href": "https://dl.acm.org/doi/abs/10.1145/253260.253342",
    "id": "2OFLybbgkCUJ",
    "childNodes": [
      "Building a scaleable",
      "geo",
      "-spatial DBMS: technology, implementation, and evaluation"
    ]
  },
  {
    "href": "https://link.springer.com/article/10.1007/s11442-007-0469-z",
    "id": "ugtYsV_70CcJ",
    "childNodes": [
      "Measuring urban sprawl in Beijing with",
      "geo",
      "-spatial indices"
    ]
  },
  {
    "href": "https://library.oapen.org/bitstream/handle/20.500.12657/28080/1001914.pdf",
    "id": "V-ExjHqqGYEJ",
    "childNodes": [
      "The",
      "GEO",
      "handbook on biodiversity observation networks"
    ]
  },
  {
    "href": "https://onlinelibrary.wiley.com/doi/abs/10.1002/dep2.45",
    "id": "tMXMD2hPJCMJ",
    "childNodes": [
      "detritalPy: A Python‐based toolset for visualizing and analysing detrital",
      "geo",
      "‐thermochronologic data"
    ]
  },
  {
    "href": "https://www.tandfonline.com/doi/abs/10.1080/0966369X.2013.817972",
    "id": "K0k1C4zHkXwJ",
    "childNodes": [
      "Mapping women in Tehran's public spaces: a",
      "geo",
      "-visualization perspective"
    ]
  },
  {
    "href": "https://ieeexplore.ieee.org/abstract/document/4658242/",
    "id": "goTutIfTKJ4J",
    "childNodes": [
      "Geo",
      "-location database techniques for incumbent protection in the TV white space"
    ]
  },
  {
    "href": "https://www.sciencedirect.com/science/article/pii/S0168900203028675",
    "id": "pp6nP5AxXD4J",
    "childNodes": [
      "Detector description and performance for the first coincidence observations between LIGO and",
      "GEO"
    ]
  },
  {
    "href": "https://www.sidalc.net/search/Record/dig-alice-doc-337713/Description",
    "id": "GC40m-Paq8IJ",
    "childNodes": [
      "Geo",
      "Brasil 2002: perspectivas do meio ambiente no Brasil."
    ]
  },
  {
    "href": "https://ojs.aaai.org/index.php/ICWSM/article/view/14309",
    "id": "AI8YuQbr1JgJ",
    "childNodes": [
      "On the",
      "geo",
      "-indicativeness of non-georeferenced text"
    ]
  },
  {
    "href": "https://www.emerald.com/insight/content/doi/10.1108/IJBM-01-2019-0007/full/html",
    "id": "x_Yo1soY5OEJ",
    "childNodes": [
      "Drivers and outcomes of consumer engagement: Insights from mobile money usage in Ghana"
    ]
  }
]