[
  {
    "href": "https://link.springer.com/article/10.1007/s13320-021-0620-y",
    "id": "LZxLoLMNteAJ",
    "childNodes": [
      "DFOS applications to",
      "geo",
      "-engineering monitoring"
    ]
  },
  {
    "href": "https://www.sciencedirect.com/science/article/pii/S0370269310003722",
    "id": "MV-kgDGFqoEJ",
    "childNodes": [
      "Observation of",
      "geo",
      "-neutrinos"
    ]
  },
  {
    "href": "https://journals.sagepub.com/doi/abs/10.1177/2043820613513392",
    "id": "80N02bP9K74J",
    "childNodes": [
      "The quality of big (",
      "geo",
      ") data"
    ]
  },
  {
    "href": "https://iopscience.iop.org/article/10.1088/0264-9381/21/5/006/meta",
    "id": "qcVIY76pqd8J",
    "childNodes": [
      "Status of",
      "GEO",
      "600"
    ]
  },
  {
    "href": "https://www.emerald.com/insight/content/doi/10.1108/IJBM-06-2021-0230",
    "id": "OyLbRBf6yjUJ",
    "childNodes": [
      "Advances in mobile financial services: a review of the literature and future research directions"
    ]
  },
  {
    "href": "https://academic.oup.com/nar/article-abstract/37/suppl_1/D885/1009447",
    "id": "eUH44bRmeDQJ",
    "childNodes": [
      "NCBI",
      "GEO",
      ": archive for high-throughput functional genomic data"
    ]
  },
  {
    "href": "https://www.tandfonline.com/doi/abs/10.1080/17496772.2016.1183946",
    "id": "5JyXgPvUKo0J",
    "childNodes": [
      "The",
      "Geo",
      "-cultural Conditions of",
      "I"
    ]
  },
  {
    "href": "https://academic.oup.com/bioinformatics/article-abstract/35/5/880/5076580",
    "id": "tFatlFJ7B5oJ",
    "childNodes": [
      "ImaGEO: integrative gene expression meta-analysis from",
      "GEO",
      "database"
    ]
  },
  {
    "href": "https://books.google.com/books?hl=en&lr=&id=n_tUAWYg4UQC&oi=fnd&pg=PR5&dq=geo&ots=6moH5G_k3P&sig=20j3mYjRsN1o4dsE7bGQJy9cG6c",
    "id": "NSb9R5M_9RcJ",
    "childNodes": [
      "Geo",
      "-information: technologies, applications and the environment"
    ]
  },
  {
    "href": "https://www.sciencedirect.com/science/article/pii/S0309170820301366",
    "id": "iqwGRNFANmUJ",
    "childNodes": [
      "Machine learning in",
      "geo",
      "-and environmental sciences: From small to large scale"
    ]
  }
]