[
  {
    "href": "https://iopscience.iop.org/article/10.1088/0264-9381/22/10/009/meta",
    "id": "sRrqzbcLKW0J",
    "childNodes": [
      "The status of",
      "GEO",
      "600"
    ]
  },
  {
    "href": "https://books.google.com/books?hl=en&lr=&id=OLDxCAAAQBAJ&oi=fnd&pg=PA1&dq=geo&ots=_Lsx3NmsC8&sig=zZs21BWb7AZ6HvKM5Zsfe044x_g",
    "id": "qwKM6ic_twUJ",
    "childNodes": [
      "Vegetation of the earth and ecological systems of the",
      "geo",
      "-biosphere"
    ]
  },
  {
    "href": "https://www.emerald.com/insight/content/doi/10.1108/IJBM-03-2020-0129/full/html",
    "id": "OvnQ_MMcZrIJ",
    "childNodes": [
      "Consumption values and mobile banking services: understanding the urban–rural dichotomy in a developing economy"
    ]
  },
  {
    "href": "https://www.giirj.com/index.php/giirj/article/view/5106",
    "id": "Cn_g_IXy-XgJ",
    "childNodes": [
      "Improving the methods of providing",
      "geo",
      "-information for the monitoring of territories and developing the basis of web-maps"
    ]
  },
  {
    "href": "https://books.google.com/books?hl=en&lr=&id=lPlZp3meCUIC&oi=fnd&pg=PP1&dq=geo&ots=q3SrPbDhQB&sig=Mnrx78WJxhF-pjxuobBh061wyzk",
    "id": "_RAuOFO9XIsJ",
    "childNodes": [
      "Geo",
      "-Business: GIS in the digital organization"
    ]
  },
  {
    "href": "https://journals.aps.org/prb/abstract/10.1103/PhysRevB.36.6132",
    "id": "UHitkT7Gto8J",
    "childNodes": [
      "Optical properties of",
      "svg"
    ]
  },
  {
    "href": "https://ascelibrary.org/doi/abs/10.1061/(ASCE)GM.1943-5622.0000216",
    "id": "ioJgBWmSe2UJ",
    "childNodes": [
      "Y-",
      "Geo",
      ": new combined finite-discrete element numerical code for geomechanical applications"
    ]
  },
  {
    "href": "https://onlinelibrary.wiley.com/doi/abs/10.1111/gcb.12712",
    "id": "c3_aBZb2gNQJ",
    "childNodes": [
      "CTFS‐Forest",
      "GEO",
      ": a worldwide network monitoring forests in an era of global change"
    ]
  },
  {
    "href": "https://www.sid.ir/paper/322131/fa",
    "id": "6U3CiAFq160J",
    "childNodes": [
      "Biosynthesis of silver nanoparticles from Actinomycetes for therapeutic applications"
    ]
  },
  {
    "href": "https://journals.sagepub.com/doi/abs/10.1177/1362480605054815",
    "id": "syJelpb0G-4J",
    "childNodes": [
      "Comparing the governance of safety in Europe: A",
      "geo",
      "-historical approach"
    ]
  }
]