[
  {
    "href": "https://cdigital.uv.mx/bitstream/handle/123456789/31466/10PortoGoncalvez.pdf?sequence=1&i",
    "id": "lcgKLLYR3mYJ",
    "childNodes": [
      "Da geografia às",
      "geo",
      "-grafias. Um mundo em busca de novas territorialidades"
    ]
  },
  {
    "href": "https://dl.acm.org/doi/abs/10.1145/2508859.2516735",
    "id": "Z6hSNCnscXMJ",
    "childNodes": [
      "Geo",
      "-indistinguishability: Differential privacy for location-based systems"
    ]
  },
  {
    "href": "https://compass.onlinelibrary.wiley.com/doi/abs/10.1111/j.1749-8198.2011.00416.x",
    "id": "ZUl0jjaKs1AJ",
    "childNodes": [
      "The",
      "geo",
      "‐political economy of global production networks"
    ]
  },
  {
    "href": "https://www.sciencedirect.com/science/article/pii/S0344033818317424",
    "id": "PIyumR_dK1wJ",
    "childNodes": [
      "The expression of miR-375 in prostate cancer: A study based on",
      "GEO",
      ", TCGA data and bioinformatics analysis"
    ]
  },
  {
    "href": "https://ieeexplore.ieee.org/abstract/document/7035866/",
    "id": "OzThKfjNWdIJ",
    "childNodes": [
      "Accurate",
      "geo",
      "-registration by ground-to-aerial image matching"
    ]
  },
  {
    "href": "https://agupubs.onlinelibrary.wiley.com/doi/abs/10.1002/9781118929063.ch6",
    "id": "KMvRYG-Xj_0J",
    "childNodes": [
      "Probabilistic integration of",
      "geo",
      "‐information"
    ]
  },
  {
    "href": "https://www.sciencedirect.com/science/article/pii/S1365160903000789",
    "id": "EbQc8sQjUl0J",
    "childNodes": [
      "A",
      "geo",
      "-engineering classification for rocks and rock masses"
    ]
  },
  {
    "href": "http://nanobe.org/Assets/userfiles/sys_eb538c1c-65ff-4e82-8e6a-a1ef01127fed/files/5(1)_p39-45.pdf",
    "id": "hbErtdpHquoJ",
    "childNodes": [
      "Evaluation of Antimicrobial Activity of Biosynthesized Iron and Silver Nanoparticles Using the Fungi Fusarium Oxysporum and Actinomycetes sp. on Human …"
    ]
  },
  {
    "href": "https://ieeexplore.ieee.org/abstract/document/8632685/",
    "id": "GC20W8mqmWYJ",
    "childNodes": [
      "Geo",
      "-supervised visual depth prediction"
    ]
  },
  {
    "href": "https://proceedings.neurips.cc/paper_files/paper/2022/hash/16415eed5a0a121bfce79924db05d3fe-Abstract-Conference.html",
    "id": "_v_VBuvbkmAJ",
    "childNodes": [
      "Geo",
      "-neus: Geometry-consistent neural implicit surfaces learning for multi-view reconstruction"
    ]
  }
]