[
  {
    "href": "https://www.learntechlib.org/d/218314/",
    "id": "r7QZulcGoUYJ",
    "childNodes": [
      "The use of virtual reality in",
      "geo",
      "-education"
    ]
  },
  {
    "href": "https://link.springer.com/article/10.1007/s11280-011-0120-x",
    "id": "liQywetw9eoJ",
    "childNodes": [
      "Discovery of unusual regional social activities using",
      "geo",
      "-tagged microblogs"
    ]
  },
  {
    "href": "https://journals.sagepub.com/doi/abs/10.1177/002193470103200102",
    "id": "DoeE9I4t8r8J",
    "childNodes": [
      "Structural adjustment as an inadvertent enemy of human development in Africa"
    ]
  },
  {
    "href": "https://www.sciencedirect.com/science/article/pii/S0016236110002619",
    "id": "BvIJH_PPUswJ",
    "childNodes": [
      "Studies on improving the performance of rubber seed oil fuel for diesel engine with DEE port injection"
    ]
  },
  {
    "href": "https://www.sciencedirect.com/science/article/pii/S0360128522000739",
    "id": "z4kNn8aAw-cJ",
    "childNodes": [
      "A review of hydrogen/rock/brine interaction: Implications for Hydrogen",
      "Geo",
      "-storage"
    ]
  },
  {
    "href": "http://geochina.cgs.gov.cn/en/article/doi/10.12029/gc20170502",
    "id": "a1qc2qqPY0YJ",
    "childNodes": [
      "Coastal zone",
      "geo",
      "-resources and",
      "geo",
      "-environment in China"
    ]
  },
  {
    "href": "https://dl.acm.org/doi/abs/10.1145/1873951.1873972",
    "id": "3cwNhGd4qpEJ",
    "childNodes": [
      "Photo2trip: generating travel routes from",
      "geo",
      "-tagged photos for trip planning"
    ]
  },
  {
    "href": "https://link.springer.com/chapter/10.1007/978-3-540-87395-2_11",
    "id": "O10rqxSDW2QJ",
    "childNodes": [
      "Making interoperability persistent: A 3D",
      "geo",
      "database based on CityGML"
    ]
  },
  {
    "href": "https://www.sciencedirect.com/science/article/pii/S0098300498001046",
    "id": "8D2ILnVgURoJ",
    "childNodes": [
      "An approach to the integration of spatial data and systems for a 3D",
      "geo",
      "-information system"
    ]
  },
  {
    "href": "https://iopscience.iop.org/article/10.1088/0264-9381/27/8/084027/meta",
    "id": "dmVNwBJ_PEUJ",
    "childNodes": [
      "The",
      "GEO",
      "600 squeezed light source"
    ]
  }
]