[
  {
    "href": "https://www.tandfonline.com/doi/abs/10.1080/00330120802211752",
    "id": "Op1025Aw5T8J",
    "childNodes": [
      "Geo",
      "-narrative: Extending geographic information systems for narrative analysis in qualitative and mixed-method research"
    ]
  },
  {
    "href": "https://www.sciencedirect.com/science/article/pii/S0198971514000209",
    "id": "R4slkJ2-B2IJ",
    "childNodes": [
      "Constructing gazetteers from volunteered big",
      "geo",
      "-data based on Hadoop"
    ]
  },
  {
    "href": "https://pdfs.semanticscholar.org/2d19/3bc997b3e650e5db1afb91e04cacea0e3717.pdf",
    "id": "xgG4JoSULGQJ",
    "childNodes": [
      "Application of morphometric analysis for",
      "geo",
      "-hydrological studies using",
      "geo",
      "-spatial technology–a case study of Vishav Drainage Basin"
    ]
  },
  {
    "href": "https://link.springer.com/chapter/10.1007/11811305_29",
    "id": "vscmScfoqwEJ",
    "childNodes": [
      "Mining spatial-temporal clusters from",
      "geo",
      "-databases"
    ]
  },
  {
    "href": "https://www.tandfonline.com/doi/abs/10.1080/15230406.2014.890072",
    "id": "ePyRV_eK1zkJ",
    "childNodes": [
      "Geo",
      "-located Twitter as proxy for global mobility patterns"
    ]
  },
  {
    "href": "https://www.igi-global.com/chapter/how-relevant-are-risk-perceptions-effort-and-performance-expectancy-in-mobile-banking-adoption/277170",
    "id": "J3i962d-SxkJ",
    "childNodes": [
      "How relevant are risk perceptions, effort, and performance expectancy in mobile banking adoption?"
    ]
  },
  {
    "href": "https://dl.acm.org/doi/abs/10.1145/3041021.3054138",
    "id": "b2wNgp_UB04J",
    "childNodes": [
      "Geo",
      "-teaser:",
      "Geo",
      "-temporal sequential embedding rank for point-of-interest recommendation"
    ]
  },
  {
    "href": "https://rgs-ibg.onlinelibrary.wiley.com/doi/abs/10.1111/j.0020-2754.2000.00269.x",
    "id": "HIbVEMkGc30J",
    "childNodes": [
      "Offshoreness, Globalization and Sovereignty: A Postmodern",
      "Geo",
      "‐Political Economy?"
    ]
  },
  {
    "href": "https://dl.acm.org/doi/abs/10.1145/1210263.1210265",
    "id": "CAWMOSd5XiIJ",
    "childNodes": [
      "GEO",
      "-RBAC: a spatially aware RBAC"
    ]
  },
  {
    "href": "https://www.cambridge.org/core/journals/american-antiquity/article/rise-and-fall-of-axum-ethiopia-a-geoarchaeological-interpretation/B5B3D127F93D1C975C3D3C0CCD3BF773",
    "id": "hD8t0m8p6twJ",
    "childNodes": [
      "Rise and fall of Axum, Ethiopia: a",
      "geo",
      "-archaeological interpretation"
    ]
  }
]