[
  {
    "href": "https://www.scitepress.org/Papers/2020/93451/93451.pdf",
    "id": "1TePIzPdUIUJ",
    "childNodes": [
      "Geolocation",
      "Prediction from Tweets: A Case Study of Influenza-like Illness in Australia."
    ]
  },
  {
    "href": "http://www.irbis-nbuv.gov.ua/cgi-bin/irbis_nbuv/cgiirbis_64.exe?I21DBN=LINK&P21DBN=UJRN&Z21ID=&S21REF=10&S21CNR=20&S21STN=1&S21FMT=ASP_meta&C21COM=S&2_S21P03=FILA=&2_S21STR=Vejpte_2019_2(2)__3",
    "id": "DmilNkGVGbUJ",
    "childNodes": [
      "… the architecture of an intelligent system for distributing commercial content in the internet space based on SEO-technologies, neural networks, and",
      "Machine Learning"
    ]
  },
  {
    "href": "https://ieeexplore.ieee.org/abstract/document/10388222/",
    "id": "8BpFCoH-2YYJ",
    "childNodes": [
      "Graph filters for signal processing and",
      "machine learning",
      "on graphs"
    ]
  },
  {
    "href": "https://www.mdpi.com/2072-4292/14/1/120",
    "id": "hYgU_pYeocgJ",
    "childNodes": [
      "Machine learning",
      "in evaluating multispectral active canopy sensor for prediction of corn leaf nitrogen concentration and yield"
    ]
  },
  {
    "href": "https://www.tandfonline.com/doi/abs/10.1080/17538947.2024.2392851",
    "id": "Wv_iLBNCqRoJ",
    "childNodes": [
      "Retrieval performance of mangrove tree heights using multiple",
      "machine learning",
      "regression models and UAV-LiDAR point clouds"
    ]
  },
  {
    "href": "https://ieeexplore.ieee.org/abstract/document/8862087/",
    "id": "PBLzbQt--fkJ",
    "childNodes": [
      "A",
      "machine learning",
      "approach for disease surveillance and visualization using twitter data"
    ]
  },
  {
    "href": "https://www.sciencedirect.com/science/article/pii/S003335062200350X",
    "id": "JyEZSkBhZ6kJ",
    "childNodes": [
      "Evolution of social mood in Spain throughout the COVID-19 vaccination process: a",
      "machine learning",
      "approach to tweets analysis"
    ]
  },
  {
    "href": "https://books.google.com/books?hl=de&lr=&id=jyOGDwAAQBAJ&oi=fnd&pg=PP1&dq=geolocation+machine+learning&ots=Vf2KScAbJ-&sig=ge4Z4ZTAibrepPv33ozyEK9oTFg",
    "id": "k-M93ERcxjUJ",
    "childNodes": [
      "Machine Learning",
      "with the Elastic Stack: Expert techniques to integrate",
      "machine learning",
      "with distributed search and analytics"
    ]
  },
  {
    "href": "https://ieeexplore.ieee.org/abstract/document/9172271/",
    "id": "AyrINhZpOPsJ",
    "childNodes": [
      "Maars:",
      "Machine learning",
      "-based analytics for automated rover systems"
    ]
  },
  {
    "href": "https://ieeexplore.ieee.org/abstract/document/8631958/",
    "id": "yEWFQzdPcU0J",
    "childNodes": [
      "An empirical study and analysis of the",
      "machine learning",
      "algorithms used in detecting cyberbullying in social media"
    ]
  }
]