[
  {
    "href": "https://papers.ssrn.com/sol3/papers.cfm?abstract_id=4671532",
    "id": "m2vYJbai0GYJ",
    "childNodes": [
      "Development of an Iot Model for Pothole Detection, Counting and",
      "Geolocation"
    ]
  },
  {
    "href": "https://ieeexplore.ieee.org/abstract/document/9648402/",
    "id": "5LDoSESmUrcJ",
    "childNodes": [
      "High-resolution satellite bathymetry mapping: Regression and",
      "machine learning",
      "-based approaches"
    ]
  },
  {
    "href": "https://ieeexplore.ieee.org/abstract/document/8666972/",
    "id": "Fd9KURLMGN8J",
    "childNodes": [
      "Non-line-of-sight identification based on unsupervised",
      "machine learning",
      "in ultra wideband systems"
    ]
  },
  {
    "href": "https://journals.sagepub.com/doi/abs/10.1177/87552930211042393",
    "id": "JudPOKyC_qIJ",
    "childNodes": [
      "Rapid earthquake loss assessment based on",
      "machine learning",
      "and representative sampling"
    ]
  },
  {
    "href": "https://link.springer.com/article/10.1007/s11831-023-10008-z",
    "id": "6082qVQ4nTMJ",
    "childNodes": [
      "A systematic review of waste management solutions using",
      "machine learning",
      ", Internet of Things and blockchain technologies: state-of-art, methodologies, and …"
    ]
  },
  {
    "href": "https://link.springer.com/article/10.1007/s11069-021-04808-4",
    "id": "MWjZL16nX18J",
    "childNodes": [
      "Portability of semantic and spatial–temporal",
      "machine learning",
      "methods to analyse social media for near-real-time disaster monitoring"
    ]
  },
  {
    "href": "https://link.springer.com/article/10.1186/s13634-024-01182-8",
    "id": "H2uyV9-uI7kJ",
    "childNodes": [
      "Emerging trends in signal processing and",
      "machine learning",
      "for positioning, navigation and timing information: special issue editorial"
    ]
  },
  {
    "href": "https://www.mdpi.com/2072-4292/12/6/1034",
    "id": "d7wSuXs8KBkJ",
    "childNodes": [
      "Accounting for training data error in",
      "machine learning",
      "applied to earth observations"
    ]
  },
  {
    "href": "https://kalaharijournals.com/resources/DEC_376.pdf",
    "id": "UYc6eQFZHrkJ",
    "childNodes": [
      "Spectrum Forecasting TVWS",
      "Geolocation",
      "Database for Secondary-User TVWS Devices"
    ]
  },
  {
    "href": "https://link.springer.com/article/10.1631/FITEE.1800580",
    "id": "aib87ZcMBuoJ",
    "childNodes": [
      "Fraud detection within bankcard enrollment on mobile device based payment using",
      "machine learning"
    ]
  }
]