[
  {
    "href": "https://www.mdpi.com/2072-4292/12/15/2434",
    "id": "mTQCAhk1t44J",
    "childNodes": [
      "A new approach for understanding urban microclimate by integrating complementary predictors at different scales in regression and",
      "machine learning",
      "models"
    ]
  },
  {
    "href": "https://dl.acm.org/doi/abs/10.1145/2513549.2513559",
    "id": "5fvmUK3Tw5YJ",
    "childNodes": [
      "Mirroring the real world in social media: Twitter,",
      "geolocation",
      ", and sentiment analysis"
    ]
  },
  {
    "href": "https://www.mdpi.com/2076-3298/10/10/170",
    "id": "toJAhredV0QJ",
    "childNodes": [
      "Meta-Analysis of Satellite Observations for United Nations Sustainable Development Goals: Exploring the Potential of",
      "Machine Learning",
      "for Water Quality Monitoring"
    ]
  },
  {
    "href": "https://papers.ssrn.com/sol3/papers.cfm?abstract_id=4998717",
    "id": "pan7BnrCP3sJ",
    "childNodes": [
      "An Industry 4.0",
      "Geolocation",
      "System for Last Mile Ground Disasters Survivor Detection: Tests and Results"
    ]
  },
  {
    "href": "https://ieeexplore.ieee.org/abstract/document/7519925/",
    "id": "oJdMr2IwzzAJ",
    "childNodes": [
      "Geolocation",
      "of utility assets using omnidirectional ground-based photographic imagery"
    ]
  },
  {
    "href": "https://ieeexplore.ieee.org/abstract/document/8644270/",
    "id": "8p7OY4uyNhgJ",
    "childNodes": [
      "Improved localization accuracy using",
      "machine learning",
      ": Predicting and refining RSS measurements"
    ]
  },
  {
    "href": "https://www.sciencedirect.com/science/article/pii/S2590291120300498",
    "id": "9F8rg5oIEtkJ",
    "childNodes": [
      "Detection of self-reported experiences with corruption on twitter using unsupervised",
      "machine learning"
    ]
  },
  {
    "href": "https://ieeexplore.ieee.org/abstract/document/8489374/",
    "id": "9iqnFzmae1kJ",
    "childNodes": [
      "Towards safer (smart) cities: Discovering urban crime patterns using logic-based relational",
      "machine learning"
    ]
  },
  {
    "href": "https://www.mdpi.com/1999-5903/13/8/186",
    "id": "kggQYNrUxnYJ",
    "childNodes": [
      "Cost benefits of using",
      "machine learning",
      "features in NIDS for cyber security in UK small medium enterprises (SME)"
    ]
  },
  {
    "href": "https://link.springer.com/article/10.1007/s00271-022-00776-0",
    "id": "d6XEiH5Nkq8J",
    "childNodes": [
      "LAI estimation across California vineyards using sUAS multi-seasonal multi-spectral, thermal, and elevation information and",
      "machine learning"
    ]
  }
]