[
  {
    "href": "https://ieeexplore.ieee.org/abstract/document/8789854/",
    "id": "iy0uGGHqpdwJ",
    "childNodes": [
      "High precision agriculture: an application of improved",
      "machine",
      "-",
      "learning",
      "algorithms"
    ]
  },
  {
    "href": "https://www.sciencedirect.com/science/article/pii/S0010482521005928",
    "id": "rYqWEGJjALUJ",
    "childNodes": [
      "Correction of the travel time estimation for ambulances of the red cross Tijuana using",
      "machine learning"
    ]
  },
  {
    "href": "https://ieeexplore.ieee.org/abstract/document/8580463/",
    "id": "IEj7fqgAFL8J",
    "childNodes": [
      "Weigh-in-motion using",
      "machine learning",
      "and telematics"
    ]
  },
  {
    "href": "https://www.usenix.org/event/sec10/tech/full_papers/Gill.pdf",
    "id": "KnSWsM9vGpEJ",
    "childNodes": [
      "Dude, Where's That {IP}? Circumventing Measurement-based {IP}",
      "Geolocation"
    ]
  },
  {
    "href": "https://scholar.smu.edu/datasciencereview/vol1/iss2/5/",
    "id": "QT1tbgCm73cJ",
    "childNodes": [
      "Supervised",
      "machine learning",
      "bot detection techniques to identify social twitter bots"
    ]
  },
  {
    "href": "https://link.springer.com/article/10.1007/s10705-017-9870-x",
    "id": "O25ULC9ccjIJ",
    "childNodes": [
      "Soil nutrient maps of Sub-Saharan Africa: assessment of soil nutrient content at 250 m spatial resolution using",
      "machine learning"
    ]
  },
  {
    "href": "https://ieeexplore.ieee.org/abstract/document/9138454/",
    "id": "-rTsv961P3oJ",
    "childNodes": [
      "Interference",
      "geolocation",
      "in satellite communications systems: An overview"
    ]
  },
  {
    "href": "https://digitalcommons.memphis.edu/etd/2121/",
    "id": "adv1cFTRKz0J",
    "childNodes": [
      "Classification and",
      "Geolocation",
      "of Cotton and Palmer Amaranth Using Spectral and Geometric Data"
    ]
  },
  {
    "href": "https://pubsonline.informs.org/doi/abs/10.1287/inte.2019.1017",
    "id": "y1lQxWwPnPYJ",
    "childNodes": [
      "Microsoft uses",
      "machine learning",
      "and optimization to reduce e-commerce fraud"
    ]
  },
  {
    "href": "https://www.mdpi.com/2079-9292/13/15/3036",
    "id": "B6h8Ltc6vR8J",
    "childNodes": [
      "Toward Safer Roads: Predicting the Severity of Traffic Accidents in Montreal Using",
      "Machine Learning"
    ]
  }
]