[
  {
    "href": "https://www.spiedigitallibrary.org/conference-proceedings-of-spie/12539/1253904/Machine-learning-models-for-detecting-and-isolating-weeds-from-strawberry/10.1117/12.2664408.short",
    "id": "7iOjvWlxWlsJ",
    "childNodes": [
      "Machine learning",
      "models for detecting and isolating weeds from strawberry plants using UAVs"
    ]
  },
  {
    "href": "https://citeseerx.ist.psu.edu/document?repid=rep1&type=pdf&doi=cefffca27a1924f8904a4ffd0677ee4d53bf5c13",
    "id": "hxajy7SyLuQJ",
    "childNodes": [
      "Review of Different IP",
      "Geolocation",
      "Methods and Concepts"
    ]
  },
  {
    "href": "https://www.mdpi.com/1424-8220/23/4/2131",
    "id": "lKEaC7ILzogJ",
    "childNodes": [
      "A review of embedded",
      "machine learning",
      "based on hardware, application, and sensing scheme"
    ]
  },
  {
    "href": "https://www.sciencedirect.com/science/article/pii/S0168169924007324",
    "id": "Y0SZ19uqnT8J",
    "childNodes": [
      "Machine learning",
      "and fluorosensing for estimation of maize nitrogen status at early growth-stages"
    ]
  },
  {
    "href": "https://link.springer.com/chapter/10.1007/978-3-030-45442-5_82",
    "id": "AfftKbXoPgMJ",
    "childNodes": [
      "Time-critical",
      "geolocation",
      "for social good"
    ]
  },
  {
    "href": "https://www.mdpi.com/2072-4292/12/21/3555",
    "id": "Ff5udbfSYyAJ",
    "childNodes": [
      "Ice monitoring in Swiss lakes from optical satellites and webcams using",
      "machine learning"
    ]
  },
  {
    "href": "https://ieeexplore.ieee.org/abstract/document/9918782/",
    "id": "0VgHexBuXbsJ",
    "childNodes": [
      "Towards a",
      "machine learning",
      "framework for suicide ideation detection in Twitter"
    ]
  },
  {
    "href": "https://escholarship.org/uc/item/4vr8r3vk",
    "id": "861kcfsbsQUJ",
    "childNodes": [
      "Machine Learning",
      "for Automated Extraction of Building Geometry"
    ]
  },
  {
    "href": "https://books.google.com/books?hl=de&lr=&id=5o0TEAAAQBAJ&oi=fnd&pg=PP1&dq=geolocation+machine+learning&ots=YuQSNMYarJ&sig=7OdkkWgPDHsobRdss2Yh9-h_uPg",
    "id": "LMYlBGJJ0roJ",
    "childNodes": [
      "Machine Learning",
      ", Big Data, and IoT for Medical Informatics"
    ]
  },
  {
    "href": "https://link.springer.com/article/10.1007/s42001-022-00174-8",
    "id": "BqVqHrJjuSEJ",
    "childNodes": [
      "Sentimental wildfire: a social-physics",
      "machine learning",
      "model for wildfire nowcasting"
    ]
  }
]