[
  {
    "href": "https://aclanthology.org/W16-3931/",
    "id": "xYjBprZVhXoJ",
    "childNodes": [
      "A simple scalable neural networks based model for",
      "geolocation",
      "prediction in twitter"
    ]
  },
  {
    "href": "https://www.mdpi.com/2071-1050/15/9/7305",
    "id": "bmkgFUM3iFwJ",
    "childNodes": [
      "A case study of how Maersk adopts cloud-based blockchain integrated with",
      "machine learning",
      "for sustainable practices"
    ]
  },
  {
    "href": "https://www.tandfonline.com/doi/abs/10.1080/1573062X.2020.1734947",
    "id": "nf83d5MsuE8J",
    "childNodes": [
      "Applying human mobility and water consumption data for short-term water demand forecasting using classical and",
      "machine learning",
      "models"
    ]
  },
  {
    "href": "https://www.mdpi.com/2075-1729/11/12/1322",
    "id": "xNXZAke5EjMJ",
    "childNodes": [
      "Usefulness of microbiome for forensic",
      "geolocation",
      ": a review"
    ]
  },
  {
    "href": "https://www.sciencedirect.com/science/article/pii/S1569190X23000254",
    "id": "pRaZTRzcGGcJ",
    "childNodes": [
      "Integration of",
      "machine learning",
      "and simulation for dynamic rescheduling in truck appointment systems"
    ]
  },
  {
    "href": "https://academic.oup.com/schizophreniabulletin/article-abstract/48/2/425/6463908",
    "id": "TgP2LM3QU4QJ",
    "childNodes": [
      "Machine learning",
      "identifies digital phenotyping measures most relevant to negative symptoms in psychotic disorders: implications for clinical trials"
    ]
  },
  {
    "href": "https://www.sto.nato.int/publications/STO%20Meeting%20Proceedings/STO-MP-IST-160/MP-IST-160-S3-5.pdf",
    "id": "GFgmPJkLBvAJ",
    "childNodes": [
      "Deep",
      "learning",
      "for geolocating social media users and detecting fake news"
    ]
  },
  {
    "href": "https://search.proquest.com/openview/679e225707f33bc9d3e7ec49bc87c794/1?pq-origsite=gscholar&cbl=18750&diss=y",
    "id": "DpQpDoLUsq0J",
    "childNodes": [
      "User Element",
      "Geolocation",
      "in Massive-MIMO Networks with Dynamic Spectrum Access using Hybrid Super",
      "Machine Learning"
    ]
  },
  {
    "href": "https://ieeexplore.ieee.org/abstract/document/9977825/",
    "id": "ZiNE3dbUEZ8J",
    "childNodes": [
      "Joint interference sources separation and",
      "geolocation",
      "for vehicular systems using Bayesian inference"
    ]
  },
  {
    "href": "https://iopscience.iop.org/article/10.1088/1757-899X/263/4/042039/meta",
    "id": "s-Urdz1D4McJ",
    "childNodes": [
      "Credit card fraud detection using neural network and",
      "geolocation"
    ]
  }
]