[
  {
    "href": "https://ieeexplore.ieee.org/abstract/document/8766100/",
    "id": "Dwh1eUGTVZAJ",
    "childNodes": [
      "Detection, tracking, and",
      "geolocation",
      "of moving vehicle from uav using monocular camera"
    ]
  },
  {
    "href": "https://ieeexplore.ieee.org/abstract/document/10104965/",
    "id": "c_BlPkXmb5AJ",
    "childNodes": [
      "Machine Learning",
      "-based Mobile Application for Store-to-Door using Sentimental Analysis"
    ]
  },
  {
    "href": "https://ieeexplore.ieee.org/abstract/document/10723852/",
    "id": "kaEc0VtYwUcJ",
    "childNodes": [
      "Machine Learning",
      "Approach for Human Brain Counselling"
    ]
  },
  {
    "href": "https://journals.sagepub.com/doi/abs/10.1177/20539517211070701",
    "id": "aU_YoB1bVLkJ",
    "childNodes": [
      "Alternative data and sentiment analysis: Prospecting non-standard data in",
      "machine learning",
      "-driven finance"
    ]
  },
  {
    "href": "https://onlinelibrary.wiley.com/doi/abs/10.1155/2020/5287263",
    "id": "UN9Lt3H7U0sJ",
    "childNodes": [
      "A fully automated adjustment of ensemble methods in",
      "machine learning",
      "for modeling complex real estate systems"
    ]
  },
  {
    "href": "https://www.mdpi.com/2072-4292/14/22/5651",
    "id": "HWbEx7RNlnwJ",
    "childNodes": [
      "A comparison of",
      "machine learning",
      "and geostatistical approaches for mapping forest canopy height over the southeastern US using ICESat-2"
    ]
  },
  {
    "href": "https://ieeexplore.ieee.org/abstract/document/9861610/",
    "id": "oG7RDbybnH4J",
    "childNodes": [
      "Permpress:",
      "Machine learning",
      "-based pipeline to evaluate permissions in app privacy policies"
    ]
  },
  {
    "href": "https://arxiv.org/abs/2012.05013",
    "id": "zk8RWWpnm5YJ",
    "childNodes": [
      "Machine learning",
      "for glacier monitoring in the Hindu Kush Himalaya"
    ]
  },
  {
    "href": "https://www.emerald.com/insight/content/doi/10.1108/IJICC-05-2021-0099/full/html",
    "id": "MRSs5EWE36EJ",
    "childNodes": [
      "Emphasizing privacy and security of edge intelligence with",
      "machine learning",
      "for healthcare"
    ]
  },
  {
    "href": "https://aclanthology.org/W16-3928/",
    "id": "qgZbGsSLKOQJ",
    "childNodes": [
      "Twitter",
      "geolocation",
      "prediction shared task of the 2016 workshop on noisy user-generated text"
    ]
  }
]