[
  {
    "href": "https://personales.upv.es/thinkmind/dl/conferences/geoprocessing/geoprocessing_2023/geoprocessing_2023_2_130_30090.pdf",
    "id": "UawAVskXChgJ",
    "childNodes": [
      "Using a Social Network for Road Accidents Detection,",
      "Geolocation",
      "and Notification—A",
      "Machine Learning",
      "Approach"
    ]
  },
  {
    "href": "https://www.sciencedirect.com/science/article/pii/S0167923619300442",
    "id": "6RRZ20v-1mIJ",
    "childNodes": [
      "Twitter user",
      "geolocation",
      "using web country noun searches"
    ]
  },
  {
    "href": "https://dl.acm.org/doi/abs/10.1145/2983323.2983887",
    "id": "HXvto2M4G0IJ",
    "childNodes": [
      "Near real-time",
      "geolocation",
      "prediction in twitter streams via matrix factorization based regression"
    ]
  },
  {
    "href": "https://aclanthology.org/D19-5528/",
    "id": "bzXk7KL8bJwJ",
    "childNodes": [
      "Geolocation",
      "with attention-based multitask",
      "learning",
      "models"
    ]
  },
  {
    "href": "https://www.mdpi.com/2504-446X/6/12/406",
    "id": "URi4woblUlgJ",
    "childNodes": [
      "FRCNN-based reinforcement",
      "learning",
      "for real-time vehicle detection, tracking and",
      "geolocation",
      "from UAS"
    ]
  },
  {
    "href": "https://www.academia.edu/download/89824208/document.pdf",
    "id": "MPh69Ep0EhwJ",
    "childNodes": [
      "GEOLOCATION",
      "AND NAVIGATION"
    ]
  },
  {
    "href": "https://air.ashesi.edu.gh/items/6e2fc6e8-3458-4fde-ae6a-44512e1843b7",
    "id": "sde2nMEHDuEJ",
    "childNodes": [
      "Geolocation",
      "with LoRa and",
      "machine learning",
      "using TDOA algorithm"
    ]
  },
  {
    "href": "https://ieeexplore.ieee.org/abstract/document/10186436/",
    "id": "V1DZ3mGi0yIJ",
    "childNodes": [
      "A cheap and accurate delay-based IP",
      "Geolocation",
      "method using",
      "Machine Learning",
      "and Looking Glass"
    ]
  },
  {
    "href": "https://dergipark.org.tr/en/pub/tuje/article/1223779",
    "id": "7-c1KqysiUgJ",
    "childNodes": [
      "Machine learning",
      "empowered prediction of",
      "geolocation",
      "using groundwater quality variables over YSR district of India"
    ]
  },
  {
    "href": "https://dl.acm.org/doi/abs/10.1145/2837689.2837696",
    "id": "WXOvT2hPj94J",
    "childNodes": [
      "Geographical address classification without using",
      "geolocation",
      "coordinates"
    ]
  }
]