[
  {
    "href": "https://ieeexplore.ieee.org/abstract/document/8637504/",
    "id": "P-HLjcvOzmsJ",
    "childNodes": [
      "Spatio-temporal trend analysis of the brazilian elections based on twitter data"
    ]
  },
  {
    "href": "https://ieeexplore.ieee.org/abstract/document/8397628/",
    "id": "lw-w8zc43eIJ",
    "childNodes": [
      "Design of a risk based authentication system using",
      "machine learning",
      "techniques"
    ]
  },
  {
    "href": "https://www.sciencedirect.com/science/article/pii/S0273117722005488",
    "id": "U-aSSx2GYzIJ",
    "childNodes": [
      "Automatic detection of auroral Pc5 geomagnetic pulsation using",
      "machine learning",
      "approach guided with discrete wavelet transform"
    ]
  },
  {
    "href": "https://ieeexplore.ieee.org/abstract/document/8389769/",
    "id": "m0LTAOrANusJ",
    "childNodes": [
      "Credit risk analysis using",
      "machine learning",
      "classifiers"
    ]
  },
  {
    "href": "https://www.tandfonline.com/doi/abs/10.1080/01431161.2015.1083632",
    "id": "NAZwHk9JpO0J",
    "childNodes": [
      "Differentiating mine-reclaimed grasslands from spectrally similar land cover using terrain variables and object-based",
      "machine learning",
      "classification"
    ]
  },
  {
    "href": "https://link.springer.com/chapter/10.1007/978-3-030-46147-8_1",
    "id": "w_mqhunIHmsJ",
    "childNodes": [
      "Exploiting the earth's spherical geometry to geolocate images"
    ]
  },
  {
    "href": "https://www.mdpi.com/1424-8220/20/21/6383",
    "id": "2KabwXq2_2UJ",
    "childNodes": [
      "Machine learning",
      "improvements to human motion tracking with imus"
    ]
  },
  {
    "href": "https://www.sciencedirect.com/science/article/pii/S016819232100160X",
    "id": "2nsk_D34ApwJ",
    "childNodes": [
      "Evaluation of water status of wheat genotypes to aid prediction of yield on sodic soils using UAV-thermal imaging and",
      "machine learning"
    ]
  },
  {
    "href": "https://books.google.com/books?hl=de&lr=&id=nG3vDQAAQBAJ&oi=fnd&pg=PP1&dq=geolocation+machine+learning&ots=fE_NVoJPW8&sig=xTTqhyLwKzm5wMa7jxkaeTldlcE",
    "id": "BerQJbHxz_4J",
    "childNodes": [
      "Thoughtful",
      "machine learning",
      "with Python: a test-driven approach"
    ]
  },
  {
    "href": "https://www.tandfonline.com/doi/abs/10.1080/23080477.2023.2176749",
    "id": "I_zPCVn5x74J",
    "childNodes": [
      "Biomass supply chain resilience: Integrating demand and availability predictions into routing decisions using",
      "machine learning"
    ]
  }
]