[
  {
    "href": "https://books.google.com/books?hl=de&lr=&id=sthSDwAAQBAJ&oi=fnd&pg=PT14&dq=geolocation+machine+learning&ots=ZP_9oV_pz0&sig=TpIArSRfFddyjSGOQAdhAOfHkVU",
    "id": "ufLVE-8yvGEJ",
    "childNodes": [
      "Feature engineering for",
      "machine learning",
      ": principles and techniques for data scientists"
    ]
  },
  {
    "href": "https://www.mdpi.com/2072-4292/13/3/456",
    "id": "YKI1HOlKJpwJ",
    "childNodes": [
      "Machine learning",
      "based algorithms for global dust aerosol detection from satellite images: inter-comparisons and evaluation"
    ]
  },
  {
    "href": "https://ieeexplore.ieee.org/abstract/document/9311735/",
    "id": "Rd-XPqd1cl8J",
    "childNodes": [
      "Machine learning",
      "applications for precision agriculture: A comprehensive review"
    ]
  },
  {
    "href": "https://ieeexplore.ieee.org/abstract/document/10757631/",
    "id": "2dKBzQ_kzfgJ",
    "childNodes": [
      "Smart Verification of Unmanned Aerial Vehicle GPS",
      "Geolocation",
      "via Received Signal Strength Indicators"
    ]
  },
  {
    "href": "https://www.sciencedirect.com/science/article/pii/S0167739X21000066",
    "id": "YER78JJ0xd0J",
    "childNodes": [
      "Intelligent dynamic malware detection using",
      "machine learning",
      "in IP reputation for forensics data analytics"
    ]
  },
  {
    "href": "https://agupubs.onlinelibrary.wiley.com/doi/abs/10.1029/2018WR024146",
    "id": "-itEUuwzgQwJ",
    "childNodes": [
      "Improving snow water equivalent maps with",
      "machine learning",
      "of snow survey and lidar measurements"
    ]
  },
  {
    "href": "https://www.ceeol.com/search/article-detail?id=1071101",
    "id": "11qzxoMlR6oJ",
    "childNodes": [
      "Cognitive artificial intelligence algorithms, movement and behavior tracking tools, and customer identification technology in the metaverse commerce"
    ]
  },
  {
    "href": "https://ieeexplore.ieee.org/abstract/document/8016251/",
    "id": "KjYap4w5PkkJ",
    "childNodes": [
      "GPS-free",
      "geolocation",
      "using LoRa in low-power WANs"
    ]
  },
  {
    "href": "https://dergipark.org.tr/en/pub/aita/issue/77113/1273652",
    "id": "grYtKRaMtzQJ",
    "childNodes": [
      "Fraud Detection on E-Commerce Transactions Using",
      "Machine Learning",
      "Techniques"
    ]
  },
  {
    "href": "https://books.google.com/books?hl=de&lr=&id=oU9KDwAAQBAJ&oi=fnd&pg=PR21&dq=geolocation+machine+learning&ots=7VHDS_tFcy&sig=O4D_wPdhm0qXrkri0Eb2RH2nWOY",
    "id": "0C3IoY6u0ZkJ",
    "childNodes": [
      "Advances in financial",
      "machine learning"
    ]
  }
]