[
  {
    "href": "https://link.springer.com/chapter/10.1007/978-3-030-13453-2_7",
    "id": "DoGbj6ppFYkJ",
    "childNodes": [
      "Object",
      "geolocation",
      "from crowdsourced street level imagery"
    ]
  },
  {
    "href": "https://www.sciencedirect.com/science/article/pii/S1389128623003912",
    "id": "wd2_Hs8FgQ0J",
    "childNodes": [
      "GraphNEI: A GNN-based network entity identification method for IP",
      "geolocation"
    ]
  },
  {
    "href": "https://www.sciencedirect.com/science/article/pii/S0020025523010125",
    "id": "WieOfUA-i7UJ",
    "childNodes": [
      "Twitter user",
      "geolocation",
      "based on heterogeneous relationship modeling and representation",
      "learning"
    ]
  },
  {
    "href": "https://ieeexplore.ieee.org/abstract/document/9685520/",
    "id": "M2XfTkGzn08J",
    "childNodes": [
      "Machine learning",
      "-based trajectory prediction for vru collision avoidance in v2x environments"
    ]
  },
  {
    "href": "https://link.springer.com/chapter/10.1007/978-3-031-53966-4_3",
    "id": "vii7mhO9q54J",
    "childNodes": [
      "Geolocation",
      "Risk Scores for Credit Scoring Models"
    ]
  },
  {
    "href": "https://link.springer.com/chapter/10.1007/978-3-030-10997-4_35",
    "id": "SqIJaFGGMxkJ",
    "childNodes": [
      "Combining bayesian inference and clustering for transport mode detection from sparse and noisy",
      "geolocation",
      "data"
    ]
  },
  {
    "href": "https://www.ncbi.nlm.nih.gov/pmc/articles/PMC7133483/",
    "id": "UQTAgf4RGjgJ",
    "childNodes": [
      "Ethical dilemmas posed by mobile health and",
      "machine learning",
      "in psychiatry research"
    ]
  },
  {
    "href": "https://ieeexplore.ieee.org/abstract/document/7823490/",
    "id": "Wx81xNPGShsJ",
    "childNodes": [
      "Spark–a big data processing platform for",
      "machine learning"
    ]
  },
  {
    "href": "https://researchportal.hw.ac.uk/en/publications/cultural-and-geolocation-aspects-of-communication-in-twitter",
    "id": "-YHqaCiD510J",
    "childNodes": [
      "Cultural and",
      "geolocation",
      "aspects of communication in twitter"
    ]
  },
  {
    "href": "https://link.springer.com/article/10.1007/s41064-024-00328-5",
    "id": "8diz__YqmN0J",
    "childNodes": [
      "Geolocation",
      "-Aware Deep Coding"
    ]
  }
]