[
  {
    "href": "https://ieeexplore.ieee.org/abstract/document/10700594/",
    "id": "bGmhld3MFRYJ",
    "childNodes": [
      "AIS Data-Guided",
      "Geolocation",
      "Correction Method for Low-Orbit Satellite Remote Sensing Imagery"
    ]
  },
  {
    "href": "https://www.emerald.com/insight/content/doi/10.1108/wje-07-2021-0428/full/html",
    "id": "4rDCkYUeLo8J",
    "childNodes": [
      "Real-time traffic congestion prediction using big data and",
      "machine learning",
      "techniques"
    ]
  },
  {
    "href": "https://ieeexplore.ieee.org/abstract/document/9734743/",
    "id": "vKpHX3aREokJ",
    "childNodes": [
      "Survey of",
      "machine learning",
      "methods applied to urban mobility"
    ]
  },
  {
    "href": "https://link.springer.com/article/10.1007/s11276-021-02631-0",
    "id": "8m62eOGYdJkJ",
    "childNodes": [
      "UWB anchor nodes self-calibration in NLOS conditions: A",
      "machine learning",
      "and adaptive PHY error correction approach"
    ]
  },
  {
    "href": "https://ieeexplore.ieee.org/abstract/document/9951944/",
    "id": "FgIGSxNSVE0J",
    "childNodes": [
      "An advanced approach for detection of distributed denial of service (DDoS) attacks using",
      "machine learning",
      "techniques"
    ]
  },
  {
    "href": "https://www.jmir.org/2022/9/e39805/",
    "id": "MsrzWkOmbAUJ",
    "childNodes": [
      "Public discourse and sentiment toward dementia on Chinese Social Media:",
      "Machine Learning",
      "analysis of Weibo Posts"
    ]
  },
  {
    "href": "https://www.mdpi.com/1424-8220/22/11/4146",
    "id": "8Hjzb2JNgT0J",
    "childNodes": [
      "Smart and future applications of internet of multimedia things (IoMT) using big data analytics"
    ]
  },
  {
    "href": "https://www.tandfonline.com/doi/abs/10.1080/17538947.2023.2210314",
    "id": "OStdMtIKtOUJ",
    "childNodes": [
      "Digital mapping of soil phosphorous sorption parameters (PSPs) using environmental variables and",
      "machine learning",
      "algorithms"
    ]
  },
  {
    "href": "https://www.sciencedirect.com/science/article/pii/S0048969721050348",
    "id": "LTYoX-3zdYIJ",
    "childNodes": [
      "Mapping land suitability for informal, small-scale irrigation development using spatial modelling and",
      "machine learning",
      "in the Upper East Region, Ghana"
    ]
  }
]