[
  {
    "href": "https://www.sciencedirect.com/science/article/pii/S0959652622026336",
    "id": "_AZnkx5OwRMJ",
    "childNodes": [
      "Modeling the daytime net primary productivity of maize at the canopy scale based on UAV multispectral imagery and",
      "machine learning"
    ]
  },
  {
    "href": "http://www.aimspress.com/aimspress-data/electreng/2021/1/PDF/electroneng-05-01-005.pdf",
    "id": "l0jkqZnlzzoJ",
    "childNodes": [
      "Proposed big data architecture for facial recognition using",
      "machine learning"
    ]
  },
  {
    "href": "https://www.sciencedirect.com/science/article/pii/S221067072300224X",
    "id": "M21Tt6K9U70J",
    "childNodes": [
      "Nonlinear effects of built environment features on metro ridership: An integrated exploration with",
      "machine learning",
      "considering spatial heterogeneity"
    ]
  },
  {
    "href": "https://www.sciencedirect.com/science/article/pii/S1877050921017695",
    "id": "us4qPP-yn-8J",
    "childNodes": [
      "Exploring the impact of data poisoning attacks on",
      "machine learning",
      "model reliability"
    ]
  },
  {
    "href": "https://search.ieice.org/bin/summary.php?id=e101-d_9_2298",
    "id": "NrzhuyK5VtQJ",
    "childNodes": [
      "Review rating prediction on location-based social networks using text, social links, and geolocations"
    ]
  },
  {
    "href": "https://www.sciencedirect.com/science/article/pii/S2212420923003862",
    "id": "1XGQOrWQXb4J",
    "childNodes": [
      "Deep",
      "learning",
      "and stereo vision based detection of post-earthquake fire",
      "geolocation",
      "for smart cities within the scope of disaster management: İstanbul case"
    ]
  },
  {
    "href": "https://www.mdpi.com/2077-1312/7/12/463",
    "id": "RvLVzCCJzdwJ",
    "childNodes": [
      "A",
      "machine",
      "-",
      "learning",
      "model for zonal ship flow prediction using ais data: A case study in the south atlantic states region"
    ]
  },
  {
    "href": "https://link.springer.com/article/10.1007/s41062-024-01688-y",
    "id": "XsWt6-QM_-QJ",
    "childNodes": [
      "Machine learning",
      "modeling of pavement performance and IRI prediction in flexible pavement"
    ]
  },
  {
    "href": "https://www.sciencedirect.com/science/article/pii/S0034425721000122",
    "id": "5Owj-OB35K0J",
    "childNodes": [
      "Completing the",
      "machine learning",
      "saga in fractional snow cover estimation from MODIS Terra reflectance data: Random forests versus support vector regression"
    ]
  },
  {
    "href": "https://www.worldscientific.com/doi/abs/10.1142/9789814417747_0129",
    "id": "eWTrdsAH50gJ",
    "childNodes": [
      "Dealing with natural language interfaces in a",
      "geolocation",
      "context"
    ]
  }
]