[
  {
    "href": "https://arxiv.org/abs/2111.04724",
    "id": "QlfpeQkFQ6AJ",
    "childNodes": [
      "Sustainbench: Benchmarks for monitoring the sustainable development goals with",
      "machine learning"
    ]
  },
  {
    "href": "https://link.springer.com/article/10.1007/s10489-020-02160-x",
    "id": "GdB8l_SxVXkJ",
    "childNodes": [
      "A survey for user behavior analysis based on",
      "machine learning",
      "techniques: current models and applications"
    ]
  },
  {
    "href": "https://www.sciencedirect.com/science/article/pii/S003442572030609X",
    "id": "ubIgCXMfnBgJ",
    "childNodes": [
      "OC-SMART: A",
      "machine learning",
      "based data analysis platform for satellite ocean color sensors"
    ]
  },
  {
    "href": "https://www.tandfonline.com/doi/abs/10.1080/15567036.2021.1946622",
    "id": "XfJNykTKIMAJ",
    "childNodes": [
      "Using",
      "geolocation",
      "data, POIs and drivers' behavioral information to infer risk profiles in future mobility scenarios"
    ]
  },
  {
    "href": "https://www.frontiersin.org/articles/10.3389/fpubh.2023.1191730/full",
    "id": "I3OdGalzkH8J",
    "childNodes": [
      "Sentiment analysis of epidemiological surveillance reports on COVID-19 in Greece using",
      "machine learning",
      "models"
    ]
  },
  {
    "href": "https://www.sciencedirect.com/science/article/pii/S0957417421000312",
    "id": "McpDDSAzPPQJ",
    "childNodes": [
      "Machine learning",
      "with explainability or spatial hedonics tools? An analysis of the asking prices in the housing market in Alicante, Spain"
    ]
  },
  {
    "href": "https://ieeexplore.ieee.org/abstract/document/9490350/",
    "id": "q2ub7RFVzisJ",
    "childNodes": [
      "Machine",
      "-",
      "learning",
      "-assisted security and privacy provisioning for edge computing: A survey"
    ]
  },
  {
    "href": "https://link.springer.com/chapter/10.1007/978-3-319-93417-4_2",
    "id": "ocqqlMzglcsJ",
    "childNodes": [
      "GSP (Geo-Semantic-Parsing): geoparsing and geotagging with",
      "machine learning",
      "on top of linked data"
    ]
  },
  {
    "href": "https://isprs-archives.copernicus.org/articles/XLIII-B3-2022/529/2022/",
    "id": "x3LziwlyCBMJ",
    "childNodes": [
      "Mapping vegetation and measuring the performance of",
      "machine learning",
      "algorithm in Lulc classification in the large area using Sentinel-2 and Landsat-8 datasets of …"
    ]
  },
  {
    "href": "https://search.proquest.com/openview/d4bbd99021059843e4b3e068f0c60209/1?pq-origsite=gscholar&cbl=18750&diss=y",
    "id": "Tj_XJ7z-ibYJ",
    "childNodes": [
      "Artificial Intelligence Application for Leak Detection and",
      "Geolocation",
      "in Water Distribution Systems"
    ]
  }
]