[
  {
    "href": "https://ieeexplore.ieee.org/abstract/document/8440898/",
    "id": "VObqpTKLZEcJ",
    "childNodes": [
      "Mobile station localization emitter in urban NLoS using multipath ray tracing fingerprints and",
      "machine learning"
    ]
  },
  {
    "href": "https://dl.acm.org/doi/abs/10.1145/3341161.3342961",
    "id": "xafPner59wAJ",
    "childNodes": [
      "TF-MF: Improving multiview representation for Twitter user",
      "geolocation",
      "prediction"
    ]
  },
  {
    "href": "https://www.sciencedirect.com/science/article/pii/B9780128217771000173",
    "id": "8Elao86TIlIJ",
    "childNodes": [
      "Geolocation",
      "-aware IoT and cloud-fog-based solutions for healthcare"
    ]
  },
  {
    "href": "https://ieeexplore.ieee.org/abstract/document/10575573/",
    "id": "otxiMQDzqqQJ",
    "childNodes": [
      "Unmasking the phishermen: phishing domain detection with",
      "machine learning",
      "and multi-source intelligence"
    ]
  },
  {
    "href": "https://www.frontiersin.org/articles/10.3389/fpubh.2014.00036/full",
    "id": "5VZ8InR-qeMJ",
    "childNodes": [
      "Identifying active travel behaviors in challenging environments using GPS, accelerometers, and",
      "machine learning",
      "algorithms"
    ]
  },
  {
    "href": "https://lib.iitta.gov.ua/id/eprint/741901/",
    "id": "iXiYOyHai0wJ",
    "childNodes": [
      "Marketing Strategies in the Era of Mobile Applications: The Use of",
      "Geolocation",
      "and Contextual Advertising"
    ]
  },
  {
    "href": "https://link.springer.com/chapter/10.1007/978-3-030-82196-8_16",
    "id": "_klDVJsg2QoJ",
    "childNodes": [
      "Supporting financial inclusion with graph",
      "machine learning",
      "and super-app alternative data"
    ]
  },
  {
    "href": "https://dl.acm.org/doi/abs/10.1145/3522783.3529520",
    "id": "tQ8GWn0x4E8J",
    "childNodes": [
      "Systems view to designing RF fingerprinting for real-world operations"
    ]
  },
  {
    "href": "https://www.sciencedirect.com/science/article/pii/S1389128618308739",
    "id": "KiybnIr4vQ0J",
    "childNodes": [
      "Internet of Things: A survey on",
      "machine learning",
      "-based intrusion detection approaches"
    ]
  },
  {
    "href": "http://sure.sunderland.ac.uk/id/eprint/7634/",
    "id": "614hxAbMdn0J",
    "childNodes": [
      "Saving cultural heritage with digital make-believe:",
      "machine learning",
      "and digital techniques to the rescue"
    ]
  }
]