[
  {
    "href": "https://onlinelibrary.wiley.com/doi/abs/10.1111/tgis.12510",
    "id": "NhQoQnmlOu8J",
    "childNodes": [
      "GeoTxt: A scalable geoparsing system for unstructured text",
      "geolocation"
    ]
  },
  {
    "href": "https://scholarbank.nus.edu.sg/rest/bitstreams/1417528/retrieve",
    "id": "Cv6liwZT4CEJ",
    "childNodes": [
      "Geolocation",
      "Analysis Framework for Property Price Evaluation"
    ]
  },
  {
    "href": "https://ieeexplore.ieee.org/abstract/document/8692820/",
    "id": "P0WDOGDG8J4J",
    "childNodes": [
      "Beam management in 5G NR using",
      "geolocation",
      "side information"
    ]
  },
  {
    "href": "https://www.mdpi.com/2220-9964/9/4/227",
    "id": "fhbJ7aib_bAJ",
    "childNodes": [
      "Missing data imputation for",
      "geolocation",
      "-based price prediction using KNN–MCF method"
    ]
  },
  {
    "href": "https://ebooks.iospress.nl/doi/10.3233/FAIA230699",
    "id": "_RObIYnOfV0J",
    "childNodes": [
      "Mathematical and Computational Models for Crowdsourced",
      "Geolocation"
    ]
  },
  {
    "href": "https://www.ceeol.com/search/article-detail?id=1176636",
    "id": "btj8jpZZVg0J",
    "childNodes": [
      "… Decentralized Metaverse Systems,",
      "Machine",
      "Vision and",
      "Geolocation",
      "Data Processing Algorithms, and Virtual Twin and Deep",
      "Learning",
      "-based Sensing Technologies …"
    ]
  },
  {
    "href": "https://acnsci.org/journal/index.php/cte/article/view/567",
    "id": "Vu1HwcPz1BsJ",
    "childNodes": [
      "An IoT system based on open APIs and",
      "geolocation",
      "for human health data analysis"
    ]
  },
  {
    "href": "https://ieeexplore.ieee.org/abstract/document/9334988/",
    "id": "aUqnUNfgpu4J",
    "childNodes": [
      "Machine learning",
      "for cloud security: a systematic review"
    ]
  },
  {
    "href": "https://www.sciencedirect.com/science/article/pii/S0304380019303230",
    "id": "6Na8i7vJzTkJ",
    "childNodes": [
      "Importance of spatial predictor variable selection in",
      "machine learning",
      "applications–Moving from data reproduction to spatial prediction"
    ]
  },
  {
    "href": "https://escholarship.org/content/qt0wf6w9p9/qt0wf6w9p9.pdf",
    "id": "ZjPalg_XwzMJ",
    "childNodes": [
      "Tweet",
      "geolocation",
      "error estimation"
    ]
  }
]