[
  {
    "href": "https://journals.plos.org/plosone/article?id=10.1371/journal.pone.0197386",
    "id": "9D6eHNvZlM4J",
    "childNodes": [
      "A bioavailable strontium isoscape for Western Europe: A",
      "machine learning",
      "approach"
    ]
  },
  {
    "href": "https://www.sciencedirect.com/science/article/pii/S138912862400728X",
    "id": "b5RlSOf66xgJ",
    "childNodes": [
      "NeighborGeo: IP",
      "geolocation",
      "based on neighbors"
    ]
  },
  {
    "href": "https://link.springer.com/content/pdf/10.1007/978-981-16-8800-3_176-1.pdf",
    "id": "MTosYhrQkfgJ",
    "childNodes": [
      "Role of",
      "Geolocation",
      "Prediction in Disaster Management"
    ]
  },
  {
    "href": "https://www.mdpi.com/1660-4601/18/23/12652",
    "id": "zZRMijvK2Q0J",
    "childNodes": [
      "A novel elderly tracking system using",
      "machine learning",
      "to classify signals from mobile and wearable sensors"
    ]
  },
  {
    "href": "https://www.mdpi.com/2072-4292/13/7/1250",
    "id": "MtYd3YfrH-8J",
    "childNodes": [
      "Snow depth fusion based on",
      "machine learning",
      "methods for the Northern Hemisphere"
    ]
  },
  {
    "href": "https://www.sciencedirect.com/science/article/pii/S0025326X20302769",
    "id": "CzwTNaASGxgJ",
    "childNodes": [
      "Mapping marine litter with Unmanned Aerial Systems: A showcase comparison among manual image screening and",
      "machine learning",
      "techniques"
    ]
  },
  {
    "href": "https://josis.org/index.php/josis/article/view/323",
    "id": "NA3VYu2vKScJ",
    "childNodes": [
      "Textual",
      "geolocation",
      "in Hebrew: mapping challenges via natural place description analysis"
    ]
  },
  {
    "href": "https://ieeexplore.ieee.org/abstract/document/9271694/",
    "id": "km6FB7vKdgEJ",
    "childNodes": [
      "Improving IP",
      "geolocation",
      "databases based on multi-method classification"
    ]
  },
  {
    "href": "https://link.springer.com/chapter/10.1007/978-3-030-14880-5_2",
    "id": "kyv0jRZUHU4J",
    "childNodes": [
      "Asynchronous federated",
      "learning",
      "for geospatial applications"
    ]
  },
  {
    "href": "https://www.mdpi.com/1660-4601/19/13/7898",
    "id": "2Wt7yB1eUxkJ",
    "childNodes": [
      "Machine learning",
      "-based regression framework to predict health insurance premiums"
    ]
  }
]