[
  {
    "href": "https://dl.acm.org/doi/abs/10.1145/3460112.3471966",
    "id": "9JimAbNG1hQJ",
    "childNodes": [
      "Species distribution modeling for",
      "machine learning",
      "practitioners: A review"
    ]
  },
  {
    "href": "https://www.academia.edu/download/85315038/20211222034715269.pdf",
    "id": "mtAv5EdkLAAJ",
    "childNodes": [
      "A Menu-driven Interface for a",
      "Geolocation",
      "Database for Wireless Spectrum Sharing."
    ]
  },
  {
    "href": "https://onlinelibrary.wiley.com/doi/abs/10.1111/risa.13634",
    "id": "UKNkhI5-3QwJ",
    "childNodes": [
      "Monitoring misinformation on Twitter during crisis events: a",
      "machine learning",
      "approach"
    ]
  },
  {
    "href": "https://ieeexplore.ieee.org/abstract/document/9598262/",
    "id": "Geo1AoBEeKUJ",
    "childNodes": [
      "Integrated Multi-standard system based on LR1110 for",
      "geolocation",
      "applications"
    ]
  },
  {
    "href": "https://www.sciencedirect.com/science/article/pii/S0020025518303311",
    "id": "qlVsabYQWRkJ",
    "childNodes": [
      "Modeling and clustering attacker activities in IoT through",
      "machine learning",
      "techniques"
    ]
  },
  {
    "href": "https://link.springer.com/article/10.1007/s10672-021-09377-z",
    "id": "rjDSuP6Dqh8J",
    "childNodes": [
      "Legal and ethical challenges for HR in",
      "machine learning"
    ]
  },
  {
    "href": "https://www.sciencedirect.com/science/article/pii/S030324342030026X",
    "id": "hm64CPAtBUMJ",
    "childNodes": [
      "High-resolution mapping of forest canopy height using",
      "machine learning",
      "by coupling ICESat-2 LiDAR with Sentinel-1, Sentinel-2 and Landsat-8 data"
    ]
  },
  {
    "href": "https://journals.sagepub.com/doi/abs/10.1177/0163443718754648",
    "id": "0Hh1F9rIWbwJ",
    "childNodes": [
      "Algorithmic brand culture: participatory labour,",
      "machine learning",
      "and branding on social media"
    ]
  },
  {
    "href": "https://search.ebscohost.com/login.aspx?direct=true&profile=ehost&scope=site&authtype=crawler&jrnl=02767783&AN=141995175&h=ZQ%2FT%2F8%2BFU6CMHMu2IxB8fR2t01svy8MW%2BsGX0iYnn3yjOzyKQ6geDmR%2F8XbQe6iVVsYExBuj%2F2BnE01PcQqv9Q%3D%3D&crl=c",
    "id": "F_mCgISXZfEJ",
    "childNodes": [
      "A Comprehensive Analysis of Triggers and Risk Factors for Asthma Based on",
      "Machine Learning",
      "and Large Heterogeneous Data Sources."
    ]
  },
  {
    "href": "https://www.cell.com/heliyon/fulltext/S2405-8440(21)01474-2",
    "id": "sSTQGmtRkcIJ",
    "childNodes": [
      "The roles of",
      "machine learning",
      "methods in limiting the spread of deadly diseases: A systematic review"
    ]
  }
]