[
  {
    "href": "https://ieeexplore.ieee.org/abstract/document/10591750/",
    "id": "ECob-0ms5AIJ",
    "childNodes": [
      "Uncovering Concerns of Citizens Through",
      "Machine Learning",
      "and Social Network Sentiment Analysis"
    ]
  },
  {
    "href": "https://ieeexplore.ieee.org/abstract/document/9155747/",
    "id": "NmfJSbOBCI8J",
    "childNodes": [
      "Performance evaluation of different",
      "machine learning",
      "techniques using twitter data for identification of suicidal intent"
    ]
  },
  {
    "href": "https://www.sciencedirect.com/science/article/pii/S2352938522001252",
    "id": "9h6egugAKokJ",
    "childNodes": [
      "Mixed tropical forests canopy height mapping from spaceborne LiDAR GEDI and multisensor imagery using",
      "machine learning",
      "models"
    ]
  },
  {
    "href": "https://bmjopen.bmj.com/content/12/2/e049852.abstract",
    "id": "261F2e2eGcIJ",
    "childNodes": [
      "Social disparities in the first wave of COVID-19 incidence rates in Germany: a county-scale explainable",
      "machine learning",
      "approach"
    ]
  },
  {
    "href": "https://www.mdpi.com/2072-4292/14/6/1477",
    "id": "qZqxujhHh7cJ",
    "childNodes": [
      "Combining sample plot stratification and",
      "machine learning",
      "algorithms to improve forest aboveground carbon density estimation in northeast China using …"
    ]
  },
  {
    "href": "https://dspace.mit.edu/handle/1721.1/120609",
    "id": "tMjIsHdbuxIJ",
    "childNodes": [
      "Artificial intelligence and",
      "machine learning",
      ": Current applications in real estate"
    ]
  },
  {
    "href": "https://ieeexplore.ieee.org/abstract/document/9726104/",
    "id": "PqOE8PV-KREJ",
    "childNodes": [
      "Fraud detection on bank payments using",
      "machine learning"
    ]
  },
  {
    "href": "https://www.ceeol.com/search/article-detail?id=1215907",
    "id": "UDfPxBzxlV8J",
    "childNodes": [
      "Geolocation",
      "Data Mining and Tracking, Generative Artificial Intelligence and Spatial Analytics Tools, and Cognitive and Behavioral Algorithms in Immersive Extended …"
    ]
  },
  {
    "href": "https://www.ideals.illinois.edu/items/102685",
    "id": "MMXTNKhJ9tUJ",
    "childNodes": [
      "Neural",
      "geolocation",
      "prediction in Twitter"
    ]
  },
  {
    "href": "https://www.tandfonline.com/doi/abs/10.1080/13658816.2022.2087224",
    "id": "WOSU0gqOaO4J",
    "childNodes": [
      "A",
      "machine learning",
      "approach to extracting spatial information from geological texts in Chinese"
    ]
  }
]