[
  {
    "href": "https://journals.plos.org/plosone/article?id=10.1371/journal.pone.0244317",
    "id": "PoTWj8A9BtwJ",
    "childNodes": [
      "Applying",
      "machine learning",
      "and",
      "geolocation",
      "techniques to social media data (Twitter) to develop a resource for urban planning"
    ]
  },
  {
    "href": "https://link.springer.com/chapter/10.1007/978-3-030-86514-6_25",
    "id": "aHztuwOpodQJ",
    "childNodes": [
      "Getting your package to the right place: supervised",
      "machine learning",
      "for",
      "geolocation"
    ]
  },
  {
    "href": "https://link.springer.com/chapter/10.1007/978-3-642-12334-4_18",
    "id": "jWuCchL9IaEJ",
    "childNodes": [
      "A",
      "learning",
      "-based approach for IP",
      "geolocation"
    ]
  },
  {
    "href": "https://onlinelibrary.wiley.com/doi/abs/10.1155/2015/972642",
    "id": "Wvrt4az1Zb8J",
    "childNodes": [
      "An optimization method for the",
      "geolocation",
      "databases of Internet hosts based on",
      "machine learning"
    ]
  },
  {
    "href": "https://ieeexplore.ieee.org/abstract/document/8789861/",
    "id": "ZEPti81cPJEJ",
    "childNodes": [
      "LoRaLoc:",
      "Machine learning",
      "-based fingerprinting for outdoor",
      "geolocation",
      "using LoRa"
    ]
  },
  {
    "href": "https://link.springer.com/article/10.1186/s13062-020-00278-z",
    "id": "IdVsn0sOLLQJ",
    "childNodes": [
      "A",
      "machine learning",
      "framework to determine geolocations from metagenomic profiling"
    ]
  },
  {
    "href": "https://jamanetwork.com/journals/jamanetworkopen/article-abstract/2753983",
    "id": "icZjPzMFyjYJ",
    "childNodes": [
      "Machine learning",
      "and natural language processing for",
      "geolocation",
      "-centric monitoring and characterization of opioid-related social media chatter"
    ]
  },
  {
    "href": "https://www.cambridge.org/core/journals/political-science-research-and-methods/article/lost-in-space-geolocation-in-event-data/72A92A9C275757F18CFAC2C324D30535",
    "id": "IJcNp4EtptMJ",
    "childNodes": [
      "Lost in space:",
      "Geolocation",
      "in event data"
    ]
  },
  {
    "href": "https://ieeexplore.ieee.org/abstract/document/10802881/",
    "id": "O94Ly5TXSDEJ",
    "childNodes": [
      "A Survey on",
      "Geolocation",
      "on the Internet"
    ]
  },
  {
    "href": "https://ieeexplore.ieee.org/abstract/document/10702079/",
    "id": "3w9q9BfvEoUJ",
    "childNodes": [
      "Optimizing",
      "Geolocation",
      "Insights in Latin American Social Networks through",
      "Machine Learning",
      "Strategies"
    ]
  }
]