[
  {
    "href": "https://aclanthology.org/C12-1064.pdf",
    "id": "u7kraubSVZQJ",
    "childNodes": [
      "Geolocation",
      "prediction in social media data by finding location indicative words"
    ]
  },
  {
    "href": "https://ieeexplore.ieee.org/abstract/document/9752273/",
    "id": "9LIcmftdQyEJ",
    "childNodes": [
      "Traffic accident risk prediction using",
      "machine learning"
    ]
  },
  {
    "href": "https://ebooks.iospress.nl/volumearticle/63286",
    "id": "2033R-rh8SIJ",
    "childNodes": [
      "A Knowledge Graph-Based Method for the",
      "Geolocation",
      "of Tweets"
    ]
  },
  {
    "href": "https://journals.sfu.ca/ijg/index.php/journal/article/download/2741/1499/8361",
    "id": "a1biGVid5msJ",
    "childNodes": [
      "Developing Toponym Classification and",
      "Geolocation",
      "Estimation from Thai Tweets"
    ]
  },
  {
    "href": "https://journals.riverpublishers.com/index.php/JMM/article/view/3789",
    "id": "SnRNBP7TqdQJ",
    "childNodes": [
      "… AND EXPLORING AZULEJOS ON HISTORIC BUILDINGS'FACADES BY COMBINING COMPUTER VISION AND",
      "GEOLOCATION",
      "IN MOBILE AUGMENTED REALITY …"
    ]
  },
  {
    "href": "https://www.mdpi.com/1424-8220/23/18/7917",
    "id": "v3EnAdpHk-AJ",
    "childNodes": [
      "A mobile health application using",
      "Geolocation",
      "for behavioral activity tracking"
    ]
  },
  {
    "href": "https://onlinelibrary.wiley.com/doi/abs/10.1155/2021/7196492",
    "id": "lk6I3HxaRhcJ",
    "childNodes": [
      "Spatial Prediction of COVID‐19 in China Based on",
      "Machine Learning",
      "Algorithms and Geographically Weighted Regression"
    ]
  },
  {
    "href": "https://journals.physiology.org/doi/full/10.1152/physiolgenomics.00002.2022?_zl=N6783&utm_campaign=june2022&utm_medium=email&_zs=F8HNW&utm_source=APSselect",
    "id": "I1ly9u_m0WAJ",
    "childNodes": [
      "Gut microbiota of wild fish as reporters of compromised aquatic environments sleuthed through",
      "machine learning"
    ]
  },
  {
    "href": "https://dl.acm.org/doi/abs/10.1145/3675669.3675696",
    "id": "ADGs4-1k3A0J",
    "childNodes": [
      "Improving social media",
      "geolocation",
      "for disaster response by using text from images and chatgpt"
    ]
  },
  {
    "href": "https://digitalcommons.usu.edu/smallsat/2016/TS6NextOnPad/5/",
    "id": "vajmwBAVp60J",
    "childNodes": [
      "Geolocation",
      "of RF emitters with a formation-flying cluster of three microsatellites"
    ]
  }
]