[
  {
    "href": "https://link.springer.com/article/10.1007/s11227-024-06619-3",
    "id": "80UEf_xtlLwJ",
    "childNodes": [
      "Geospectra: Leveraging quantum-SAR and deep",
      "learning",
      "for enhanced",
      "geolocation",
      "in urban environments"
    ]
  },
  {
    "href": "https://www.sciencedirect.com/science/article/pii/S0306457320308700",
    "id": "Pt5dXSgM95oJ",
    "childNodes": [
      "An overview of microblog user",
      "geolocation",
      "methods"
    ]
  },
  {
    "href": "https://onlinelibrary.wiley.com/doi/abs/10.1002/dac.4593",
    "id": "BVLI6DDlxEYJ",
    "childNodes": [
      "Geolocation",
      "analysis for search and rescue systems using LoRaWAN"
    ]
  },
  {
    "href": "https://ieeexplore.ieee.org/abstract/document/9533550/",
    "id": "pm9q3xafoJ8J",
    "childNodes": [
      "An episodic",
      "learning",
      "based",
      "geolocation",
      "detection framework for imbalanced data"
    ]
  },
  {
    "href": "https://www.mdpi.com/2076-3417/13/2/754",
    "id": "1O_zJk9KTVAJ",
    "childNodes": [
      "SubvectorS_Geo: A neural-network-based IPv6",
      "geolocation",
      "algorithm"
    ]
  },
  {
    "href": "https://ieeexplore.ieee.org/abstract/document/8862768/",
    "id": "oJc0BbkqcRoJ",
    "childNodes": [
      "Location prediction on Twitter using",
      "machine learning",
      "Techniques"
    ]
  },
  {
    "href": "https://ieeexplore.ieee.org/abstract/document/9049760/",
    "id": "7qwSvD4NccIJ",
    "childNodes": [
      "IP reputation analysis of public databases and",
      "machine learning",
      "techniques"
    ]
  },
  {
    "href": "https://link.springer.com/chapter/10.1007/978-3-319-60240-0_34",
    "id": "Xi58HqTWewMJ",
    "childNodes": [
      "On predicting",
      "geolocation",
      "of tweets using convolutional neural networks"
    ]
  },
  {
    "href": "https://ieeexplore.ieee.org/abstract/document/8354331/",
    "id": "iGHaj87okoMJ",
    "childNodes": [
      "An analysis of human-centered",
      "geolocation"
    ]
  }
]