[
  {
    "href": "https://www.nature.com/articles/s41398-018-0334-0",
    "id": "ru8fxWAOnq8J",
    "childNodes": [
      "A signature-based",
      "machine learning",
      "model for distinguishing bipolar disorder and borderline personality disorder"
    ]
  },
  {
    "href": "https://www.mdpi.com/2072-4292/13/11/2203",
    "id": "0pHAu89MG_0J",
    "childNodes": [
      "Machine learning",
      "estimation of fire arrival time from level-2 active fires satellite data"
    ]
  },
  {
    "href": "https://www.mdpi.com/1996-1073/9/9/691",
    "id": "c-9pvItu3yoJ",
    "childNodes": [
      "Securing metering infrastructure of smart grid: A",
      "machine learning",
      "and localization based key management approach"
    ]
  },
  {
    "href": "https://onlinelibrary.wiley.com/doi/abs/10.1155/2021/5561204",
    "id": "65JvTpqyJ74J",
    "childNodes": [
      "Statistical analysis of public sentiment on the ghanaian government: a",
      "machine learning",
      "approach"
    ]
  },
  {
    "href": "https://onlinelibrary.wiley.com/doi/abs/10.1155/2022/9160031",
    "id": "SeVDaWp6piEJ",
    "childNodes": [
      "A",
      "machine learning",
      "centered approach for uncovering excavators' last known location using bluetooth and underground WSN"
    ]
  },
  {
    "href": "https://ieeexplore.ieee.org/abstract/document/8005618/",
    "id": "RjeBTuGGXnUJ",
    "childNodes": [
      "Machine learning",
      "or discrete choice models for car ownership demand estimation and prediction?"
    ]
  },
  {
    "href": "https://www.sciencedirect.com/science/article/pii/S1574119218300518",
    "id": "Fbha6aY2wcIJ",
    "childNodes": [
      "Asfault: A low-cost system to evaluate pavement conditions in real-time using smartphones and",
      "machine learning"
    ]
  },
  {
    "href": "https://link.springer.com/chapter/10.1007/978-3-031-52670-1_20",
    "id": "QiNbKmnrMDQJ",
    "childNodes": [
      "Multimodal IR and RF Based Sensor System for Real-Time Human Target Detection, Identification, and",
      "Geolocation"
    ]
  },
  {
    "href": "https://arxiv.org/abs/1905.04651",
    "id": "_j3NdzCwb3MJ",
    "childNodes": [
      "Passport: enabling accurate country-level router",
      "geolocation",
      "using inaccurate sources"
    ]
  },
  {
    "href": "https://ieeexplore.ieee.org/abstract/document/8759919/",
    "id": "R-tguPv29DMJ",
    "childNodes": [
      "Online incremental",
      "machine learning",
      "platform for big data-driven smart traffic management"
    ]
  }
]