[
  {
    "href": "https://www.medrxiv.org/content/10.1101/2023.08.22.23294431.abstract",
    "id": "MFFiXOVjOxIJ",
    "childNodes": [
      "Remote monitoring of depression severity: A",
      "machine learning",
      "approach"
    ]
  },
  {
    "href": "https://pubs.acs.org/doi/abs/10.1021/acs.chemmater.7b00156",
    "id": "cJrQnejp920J",
    "childNodes": [
      "Predicting the thermodynamic stability of solids combining density functional theory and",
      "machine learning"
    ]
  },
  {
    "href": "https://www.sciencedirect.com/science/article/pii/S2214629624002445",
    "id": "KPtkluIbSyIJ",
    "childNodes": [
      "Addressing",
      "machine learning",
      "bias to foster energy justice"
    ]
  },
  {
    "href": "https://www.jmir.org/2022/4/e34015/",
    "id": "mglGrR1NOfoJ",
    "childNodes": [
      "Using smartphone sensor paradata and personalized",
      "machine learning",
      "models to infer participants' well-being: Ecological momentary assessment"
    ]
  },
  {
    "href": "https://www.sciencedirect.com/science/article/pii/S0301479724024769",
    "id": "-w1pYiI_eb4J",
    "childNodes": [
      "Integrating multisource data and",
      "machine learning",
      "for supraglacial lake detection: Implications for environmental management and sustainable development goals in …"
    ]
  },
  {
    "href": "https://link.springer.com/chapter/10.1007/978-3-642-19309-5_28",
    "id": "hSX4r-EqzCwJ",
    "childNodes": [
      "Geotagged image recognition by combining three different kinds of",
      "geolocation",
      "features"
    ]
  },
  {
    "href": "https://ieeexplore.ieee.org/abstract/document/9297323/",
    "id": "MdxtSJqZJbQJ",
    "childNodes": [
      "AI and",
      "machine learning",
      ": A mixed blessing for cybersecurity"
    ]
  },
  {
    "href": "https://www.mdpi.com/2071-1050/14/6/3251",
    "id": "JHN2eZP1c4gJ",
    "childNodes": [
      "Flood hazard and risk mapping by applying an explainable",
      "machine learning",
      "framework using satellite imagery and GIS data"
    ]
  },
  {
    "href": "https://www.mdpi.com/1660-4601/18/1/282",
    "id": "2OlxZDvefkgJ",
    "childNodes": [
      "COVID-19: Detecting government pandemic measures and public concerns from Twitter arabic data using distributed",
      "machine learning"
    ]
  },
  {
    "href": "https://www.sciencedirect.com/science/article/pii/S1574954123001048",
    "id": "8xIkH2mZWTwJ",
    "childNodes": [
      "Machine learning",
      "-based spatial-temporal assessment and change transition analysis of wetlands: An application of Google Earth Engine in Sylhet, Bangladesh (1985 …"
    ]
  }
]