[
  {
    "href": "https://iopscience.iop.org/article/10.1088/1742-6596/1804/1/012181/meta",
    "id": "CSpXQFN8FPcJ",
    "childNodes": [
      "Smart glass using IoT and",
      "machine learning",
      "technologies to aid the blind, dumb and deaf"
    ]
  },
  {
    "href": "https://agupubs.onlinelibrary.wiley.com/doi/abs/10.1029/2021MS002881",
    "id": "Q3mLu3NDgYgJ",
    "childNodes": [
      "Using an explainable",
      "machine learning",
      "approach to characterize earth system model errors: Application of SHAP analysis to modeling lightning flash occurrence"
    ]
  },
  {
    "href": "https://ieeexplore.ieee.org/abstract/document/10847567/",
    "id": "q88paMqU1RQJ",
    "childNodes": [
      "Location-Based CAPTCHA: Enhancing Bot Detection Using Live",
      "Geolocation",
      "Autofill"
    ]
  },
  {
    "href": "https://books.google.com/books?hl=de&lr=&id=wJBDEAAAQBAJ&oi=fnd&pg=PA53&dq=geolocation+machine+learning&ots=6A5J9RnpMY&sig=tL43rKDh9zord1PQMwA3rz0K4nE",
    "id": "EBdJCzz8YfcJ",
    "childNodes": [
      "and",
      "Machine Learning"
    ]
  },
  {
    "href": "https://ojs.unikom.ac.id/index.php/komputa/article/view/11149",
    "id": "Cjk7fM2qWiEJ",
    "childNodes": [
      "Implementasi Face Recognition dan",
      "Geolocation",
      "Pada Sistem Presensi Karyawan Berbasis Mobile Apps"
    ]
  },
  {
    "href": "https://search.ebscohost.com/login.aspx?direct=true&profile=ehost&scope=site&authtype=crawler&jrnl=23955287&AN=175658380&h=4E5WAlAS31eATO3X7%2F17Fs2W2VYtiGQs44yA6jhOlcIfEVICnY46EYSqCsfvIJyp%2FyaznCfHyGjRxHbclj6LvQ%3D%3D&crl=c",
    "id": "qrYINjmZfh0J",
    "childNodes": [
      "Smart Attendance System using",
      "Geolocation",
      "."
    ]
  },
  {
    "href": "https://www.sciencedirect.com/science/article/pii/S0048969722020629",
    "id": "PoZrKp-fyMQJ",
    "childNodes": [
      "Using an object-based",
      "machine learning",
      "ensemble approach to upscale evapotranspiration measured from eddy covariance towers in a subtropical wetland"
    ]
  },
  {
    "href": "https://ieeexplore.ieee.org/abstract/document/8881956/",
    "id": "cMCtzpVnIqIJ",
    "childNodes": [
      "Data mining and sentiment analysis of real-time Twitter messages for monitoring and predicting events"
    ]
  },
  {
    "href": "https://ieeexplore.ieee.org/abstract/document/8594714/",
    "id": "dHwlMbOP4K0J",
    "childNodes": [
      "Intelligent wireless communications enabled by cognitive radio and",
      "machine learning"
    ]
  },
  {
    "href": "https://www.mdpi.com/2624-6511/5/1/11",
    "id": "mvJ94ox-a6YJ",
    "childNodes": [
      "SmartNoshWaste: Using blockchain,",
      "machine learning",
      ", cloud computing and QR code to reduce food waste in decentralized web 3.0 enabled smart cities"
    ]
  }
]