[
  {
    "href": "https://ieeexplore.ieee.org/abstract/document/9023051/",
    "id": "JJQ5FuuRHE0J",
    "childNodes": [
      "Machine learning",
      "-aided indoor positioning based on unified fingerprints of Wi-Fi and BLE"
    ]
  },
  {
    "href": "https://ceur-ws.org/Vol-1458/G02_CRC82_Ghasem.pdf",
    "id": "t0vs42GSHXkJ",
    "childNodes": [
      "A",
      "Machine Learning",
      "Framework to Detect and Document Text-Based Cyberstalking."
    ]
  },
  {
    "href": "https://ieeexplore.ieee.org/abstract/document/9698626/",
    "id": "znWw6pOmqbMJ",
    "childNodes": [
      "Trends in cybersecurity management issues related to human behaviour and",
      "machine learning"
    ]
  },
  {
    "href": "https://journals.sagepub.com/doi/abs/10.1177/0361198118798298",
    "id": "20DGRwbeVNIJ",
    "childNodes": [
      "Using google's passive data and",
      "machine learning",
      "for origin-destination demand estimation"
    ]
  },
  {
    "href": "https://www.mdpi.com/2504-3129/3/1/1",
    "id": "VYegn0-GJw4J",
    "childNodes": [
      "… estimation for wheat using UAV-based and satellite multispectral imagery, topographic metrics, leaf area index, plant height, soil moisture, and",
      "machine learning",
      "…"
    ]
  },
  {
    "href": "https://ieeexplore.ieee.org/abstract/document/7423370/",
    "id": "uAspw1d8QT4J",
    "childNodes": [
      "City-level",
      "geolocation",
      "algorithm of network entities based on landmark clustering"
    ]
  },
  {
    "href": "https://link.springer.com/chapter/10.1007/978-981-15-3380-8_44",
    "id": "nf44C8itsi0J",
    "childNodes": [
      "Interactive skill based labor market mechanics and dynamics analysis system using",
      "machine learning",
      "and big data"
    ]
  },
  {
    "href": "https://pubs.acs.org/doi/abs/10.1021/acsestwater.2c00263",
    "id": "Q5dfWzuOaGQJ",
    "childNodes": [
      "Geospatial",
      "machine learning",
      "prediction of arsenic distribution in the groundwater of Murshidabad District, West Bengal, India: analyzing spatiotemporal patterns to …"
    ]
  },
  {
    "href": "https://www.sciencedirect.com/science/article/pii/B9780128184387000010",
    "id": "umcZ--KDBOQJ",
    "childNodes": [
      "Current healthcare, big data, and",
      "machine learning"
    ]
  },
  {
    "href": "https://ieeexplore.ieee.org/abstract/document/8023748/",
    "id": "k2ZqqxG5VrsJ",
    "childNodes": [
      "A novel ozone profile shape retrieval using full-physics inverse",
      "learning machine",
      "(FP-ILM)"
    ]
  }
]