[
  {
    "href": "https://www.tandfonline.com/doi/abs/10.1080/01431161.2015.1054047",
    "id": "eM9dj7n4EjIJ",
    "childNodes": [
      "Machine learning",
      "methods for sub-pixel land-cover classification in the spatially heterogeneous region of Flanders (Belgium): a multi-criteria comparison"
    ]
  },
  {
    "href": "https://journals.ametsoc.org/view/journals/atot/37/4/jtech-d-19-0179.1.xml?tab_body=fulltext-display",
    "id": "1Ey1r-kLMiwJ",
    "childNodes": [
      "Development of a method to detect high ice water content environments using",
      "machine learning"
    ]
  },
  {
    "href": "https://www.sciencedirect.com/science/article/pii/S1438463921001772",
    "id": "P79FxY6cpDwJ",
    "childNodes": [
      "Predicting childhood lead exposure at an aggregated level using",
      "machine learning"
    ]
  },
  {
    "href": "https://link.springer.com/article/10.1007/s10776-022-00577-4",
    "id": "mco-0Eq6pkwJ",
    "childNodes": [
      "Proximity detection during epidemics: Direct UWB TOA versus",
      "machine learning",
      "based RSSI"
    ]
  },
  {
    "href": "https://www.mdpi.com/2079-9292/12/18/3828",
    "id": "w2ExjzBCDekJ",
    "childNodes": [
      "High-Level K-Nearest Neighbors (HLKNN): A Supervised",
      "Machine Learning",
      "Model for Classification Analysis"
    ]
  },
  {
    "href": "https://www.mdpi.com/2072-4292/14/2/378",
    "id": "k0YA6GQpXqQJ",
    "childNodes": [
      "Comparison of the novel probabilistic self-optimizing vectorized earth observation retrieval classifier with common",
      "machine learning",
      "algorithms"
    ]
  },
  {
    "href": "https://ajce.aut.ac.ir/article_5249.html",
    "id": "V3-ekIoOmU0J",
    "childNodes": [
      "Traffic Lane Change Detection using mobile phone sensors and",
      "geolocation"
    ]
  },
  {
    "href": "https://www.econstor.eu/handle/10419/268751",
    "id": "uJq7gn8dnHwJ",
    "childNodes": [
      "The smart green nudge: Reducing product returns through enriched digital footprints & causal",
      "machine learning"
    ]
  },
  {
    "href": "https://link.springer.com/article/10.1007/s42979-023-01816-y",
    "id": "ZOI3THXoXH4J",
    "childNodes": [
      "Spatio-temporal crime analysis and forecasting on twitter data using",
      "machine learning",
      "algorithms"
    ]
  },
  {
    "href": "https://dl.acm.org/doi/abs/10.1145/3371158.3371232",
    "id": "vezWtDdOlPUJ",
    "childNodes": [
      "Graph-based deep",
      "learning",
      "in natural language processing"
    ]
  }
]