[
  {
    "href": "https://www.mdpi.com/2220-9964/9/6/343",
    "id": "gHDx93IN8CsJ",
    "childNodes": [
      "Estimation of potato yield using satellite data at a municipal level: A",
      "machine learning",
      "approach"
    ]
  },
  {
    "href": "https://www.sciencedirect.com/science/article/pii/S1569843222002382",
    "id": "IUwjcgxmnv8J",
    "childNodes": [
      "Enhanced all-weather precipitable water vapor retrieval from MODIS near-infrared bands using",
      "machine learning"
    ]
  },
  {
    "href": "https://www.tandfonline.com/doi/abs/10.1080/22797254.2021.2018667",
    "id": "6KVwhmAv5fwJ",
    "childNodes": [
      "Integrated use of Sentinel-1 and Sentinel-2 data and open-source",
      "machine learning",
      "algorithms for land cover mapping in a Mediterranean region"
    ]
  },
  {
    "href": "https://books.google.com/books?hl=de&lr=&id=5et1DwAAQBAJ&oi=fnd&pg=PA1&dq=geolocation+machine+learning&ots=0gBXW-7iSK&sig=4AVCphJ3ulDkuFA5wAVqnuZr8Oc",
    "id": "0-s9VqOwQ8gJ",
    "childNodes": [
      "Big data and",
      "machine learning",
      "in quantitative investment"
    ]
  },
  {
    "href": "https://ieeexplore.ieee.org/abstract/document/9612431/",
    "id": "t2Sb5FB_VZ4J",
    "childNodes": [
      "Twitter sentiment analysis using",
      "machine learning",
      "algorithms for COVID-19 outbreak in New Zealand"
    ]
  },
  {
    "href": "https://www.tandfonline.com/doi/abs/10.1080/23729333.2023.2166252",
    "id": "Zzwn-vnNiOYJ",
    "childNodes": [
      "Land use and land cover classification from satellite images based on ensemble",
      "machine learning",
      "and crowdsourcing data verification"
    ]
  },
  {
    "href": "https://pdfs.semanticscholar.org/09a6/19f4f742bdd8b775a6950787f0f6ab41754a.pdf",
    "id": "amZBz0HM5NYJ",
    "childNodes": [
      "Road accident analysis and prediction using",
      "machine learning",
      "algorithmic approaches"
    ]
  },
  {
    "href": "https://arxiv.org/abs/2004.03865",
    "id": "SakmCInemFgJ",
    "childNodes": [
      "Manipulation-proof",
      "machine learning"
    ]
  },
  {
    "href": "https://ieeexplore.ieee.org/abstract/document/9698092/",
    "id": "yAucwUJZP3IJ",
    "childNodes": [
      "Epidemic exposure tracking with wearables: A",
      "machine learning",
      "approach to contact tracing"
    ]
  },
  {
    "href": "https://www.jmir.org/2020/12/e24775/",
    "id": "xYjIiB9kk0EJ",
    "childNodes": [
      "Subjective well-being of Chinese Sina Weibo users in residential lockdown during the COVID-19 pandemic:",
      "machine learning",
      "analysis"
    ]
  }
]