[
  {
    "href": "https://www.sciencedirect.com/science/article/pii/S1574119220300687",
    "id": "8mgRAmheNqwJ",
    "childNodes": [
      "Learning",
      "methods for RSSI-based",
      "geolocation",
      ": A comparative study"
    ]
  },
  {
    "href": "https://link.springer.com/chapter/10.1007/978-3-031-38333-5_23",
    "id": "PES09aZLUbMJ",
    "childNodes": [
      "A",
      "geolocation",
      "approach for tweets not explicitly georeferenced based on",
      "machine learning"
    ]
  },
  {
    "href": "https://www.sciencedirect.com/science/article/pii/S0168169921001071",
    "id": "AuF_jWhuKa8J",
    "childNodes": [
      "Development of a high-throughput plant disease symptom severity assessment tool using",
      "machine learning",
      "image analysis and integrated",
      "geolocation"
    ]
  },
  {
    "href": "https://www.academia.edu/download/81024927/Geolocation-Based-Decision-Making-For-Appropriate-Land-Use-Using-Machine-Learning-Model.pdf",
    "id": "rBPk1PFd1mUJ",
    "childNodes": [
      "Geolocation",
      "based decision making for appropriate land use using",
      "machine learning",
      "model"
    ]
  },
  {
    "href": "https://ascelibrary.org/doi/full/10.1061/(ASCE)IS.1943-555X.0000517",
    "id": "jsZdck-a0NEJ",
    "childNodes": [
      "Machine",
      "-",
      "learning",
      "–based risk assessment method for leak detection and",
      "geolocation",
      "in a water distribution system"
    ]
  },
  {
    "href": "https://academic.oup.com/jrsssc/article-abstract/69/4/909/7058448",
    "id": "6oz_AbXjpv4J",
    "childNodes": [
      "Global forensic",
      "geolocation",
      "with deep neural networks"
    ]
  },
  {
    "href": "https://www.mdpi.com/2072-4292/11/12/1470",
    "id": "jynLXc_TjuoJ",
    "childNodes": [
      "Mapping urban areas using a combination of remote sensing and",
      "geolocation",
      "data"
    ]
  },
  {
    "href": "https://link.springer.com/chapter/10.1007/978-3-031-75144-8_16",
    "id": "FwFGsgCxLmcJ",
    "childNodes": [
      "Developing AI-Driven Cross-Platform",
      "Geolocation",
      "for Enhanced Strategic Decision-Making"
    ]
  },
  {
    "href": "https://ieeexplore.ieee.org/abstract/document/6415842/",
    "id": "x5QlNZ_85CUJ",
    "childNodes": [
      "Enhancing the classification accuracy of IP",
      "geolocation"
    ]
  },
  {
    "href": "https://repository.fit.edu/etd/701/",
    "id": "dMs2BcR69GEJ",
    "childNodes": [
      "MDT",
      "geolocation",
      "through",
      "machine learning",
      ": evaluation of supervised regression ML algorithms"
    ]
  }
]