[
  {
    "href": "https://link.springer.com/chapter/10.1007/978-3-319-95270-3_12",
    "id": "CnQWFxWUriEJ",
    "childNodes": [
      "Geolocation",
      "and counting of people with aerial thermal imaging for rescue purposes"
    ]
  },
  {
    "href": "https://aclanthology.org/2020.vardial-1.27/",
    "id": "pP8F5VqqdycJ",
    "childNodes": [
      "Geolocation",
      "of tweets with a BiLSTM regression model"
    ]
  },
  {
    "href": "https://ieeexplore.ieee.org/abstract/document/9281196/",
    "id": "NUUSvi7694AJ",
    "childNodes": [
      "Evaluating the performance of explainable",
      "machine learning",
      "models in traffic accidents prediction in california"
    ]
  },
  {
    "href": "https://proceedings.neurips.cc/paper_files/paper/2020/hash/5bf8aaef51c6e0d363cbe554acaf3f20-Abstract.html",
    "id": "j0FKUW4ov7MJ",
    "childNodes": [
      "A scalable approach for privacy-preserving collaborative",
      "machine learning"
    ]
  },
  {
    "href": "https://www.sciencedirect.com/science/article/pii/S1361920918308113",
    "id": "OvOh_p1cWmwJ",
    "childNodes": [
      "Harnessing the power of",
      "machine learning",
      ": Can Twitter data be useful in guiding resource allocation decisions during a natural disaster?"
    ]
  },
  {
    "href": "https://link.springer.com/article/10.1007/s00376-021-0366-x",
    "id": "0cIM3prxViMJ",
    "childNodes": [
      "A",
      "machine learning",
      "-based cloud detection algorithm for the Himawari-8 spectral image"
    ]
  },
  {
    "href": "https://ieeexplore.ieee.org/abstract/document/9288499/",
    "id": "Ms9H0cNjL7QJ",
    "childNodes": [
      "Geolocation",
      "using GAT with multiview",
      "learning"
    ]
  },
  {
    "href": "https://ieeexplore.ieee.org/abstract/document/8102956/",
    "id": "u-UaRL41_2EJ",
    "childNodes": [
      "Comparison of visual datasets for",
      "machine learning"
    ]
  },
  {
    "href": "https://link.springer.com/article/10.1186/s13007-019-0394-z",
    "id": "Klld9elXMIgJ",
    "childNodes": [
      "Modeling maize above-ground biomass based on",
      "machine learning",
      "approaches using UAV remote-sensing data"
    ]
  },
  {
    "href": "https://dl.acm.org/doi/abs/10.1145/3133956.3134077",
    "id": "lLbuA2KVfYoJ",
    "childNodes": [
      "Machine learning",
      "models that remember too much"
    ]
  }
]