[
  {
    "href": "https://link.springer.com/chapter/10.1007/978-3-030-12981-1_22",
    "id": "qLdrS2sOa9gJ",
    "childNodes": [
      "GeoBLR: Dynamic IP",
      "Geolocation",
      "Method Based on Bayesian Linear Regression"
    ]
  },
  {
    "href": "https://www.mdpi.com/2072-4292/14/16/3937",
    "id": "L9tqB9TXTSgJ",
    "childNodes": [
      "Deep and",
      "machine learning",
      "image classification of coastal wetlands using unpiloted aircraft system multispectral images and lidar datasets"
    ]
  },
  {
    "href": "https://ieeexplore.ieee.org/abstract/document/9720888/",
    "id": "l8sKToezkUQJ",
    "childNodes": [
      "Instance-based supervised",
      "machine learning",
      "models for detecting GPS spoofing attacks on UAS"
    ]
  },
  {
    "href": "https://link.springer.com/article/10.1007/s12599-020-00645-0",
    "id": "RaGOUuPDS_4J",
    "childNodes": [
      "Machine learning",
      "in business process monitoring: a comparison of deep",
      "learning",
      "and classical approaches used for outcome prediction"
    ]
  },
  {
    "href": "https://link.springer.com/article/10.1007/s00271-022-00788-w",
    "id": "vTfDxK2uDNMJ",
    "childNodes": [
      "Vine water status mapping with multispectral UAV imagery and",
      "machine learning"
    ]
  },
  {
    "href": "https://www.mdpi.com/2072-4292/10/1/39",
    "id": "uTQUNkJxRSEJ",
    "childNodes": [
      "Bayesian and classical",
      "machine learning",
      "methods: a comparison for tree species classification with LiDAR waveform signatures"
    ]
  },
  {
    "href": "https://ieeexplore.ieee.org/abstract/document/9968381/",
    "id": "6pLfjp2Mn5YJ",
    "childNodes": [
      "An online unsupervised",
      "machine learning",
      "approach to detect driving related events"
    ]
  },
  {
    "href": "https://www.sciencedirect.com/science/article/pii/S2211912423000019",
    "id": "8hIbRNk-7hAJ",
    "childNodes": [
      "The role of recall periods when predicting food insecurity: A",
      "machine learning",
      "application in Nigeria"
    ]
  },
  {
    "href": "https://www.sciencedirect.com/science/article/pii/S1569843224003649",
    "id": "wtPoL_NC8c4J",
    "childNodes": [
      "Estimating terrain elevations at 10 m resolution by Integrating random forest",
      "machine learning",
      "model and ICESat-2, Sentinel-1, and Sentinel-2 satellite …"
    ]
  },
  {
    "href": "https://arxiv.org/abs/1802.10185",
    "id": "CWqBaFXv6KMJ",
    "childNodes": [
      "Trustless",
      "machine learning",
      "contracts; evaluating and exchanging",
      "machine learning",
      "models on the ethereum blockchain"
    ]
  }
]