[
  {
    "href": "https://dl.acm.org/doi/abs/10.1145/3432291.3432306",
    "id": "dd90CdQ0958J",
    "childNodes": [
      "Ontology",
      "learning",
      "using hybrid",
      "machine learning",
      "algorithms for disaster risk management"
    ]
  },
  {
    "href": "https://journals.sagepub.com/doi/abs/10.1177/0954405419855224",
    "id": "32xxaRNyrssJ",
    "childNodes": [
      "Development of a health monitoring and diagnosis framework for fused deposition modeling process based on a",
      "machine learning",
      "algorithm"
    ]
  },
  {
    "href": "https://dl.acm.org/doi/abs/10.1145/3314344.3332492",
    "id": "YW2-SaSt87wJ",
    "childNodes": [
      "Some requests for",
      "machine learning",
      "research from the East African tech scene"
    ]
  },
  {
    "href": "https://link.springer.com/article/10.1007/s00477-022-02359-z",
    "id": "-o1sO9KXUnUJ",
    "childNodes": [
      "Modelling forest biomass dynamics in relation to climate change in Romania using complex data and",
      "machine learning",
      "algorithms"
    ]
  },
  {
    "href": "https://www.sciencedirect.com/science/article/pii/S0047272724000343",
    "id": "N3efKs2RImcJ",
    "childNodes": [
      "Energy efficiency can deliver for climate policy: Evidence from",
      "machine learning",
      "-based targeting"
    ]
  },
  {
    "href": "https://www.mdpi.com/1999-5903/15/3/98",
    "id": "1Yhh4KJtrkUJ",
    "childNodes": [
      "Towards an integrated methodology and toolchain for",
      "machine learning",
      "-based intrusion detection in Urban IoT networks and platforms"
    ]
  },
  {
    "href": "https://ceur-ws.org/Vol-2917/paper46.pdf",
    "id": "P83c3bayOv8J",
    "childNodes": [
      "Economic Crime Detection Using Support Vector",
      "Machine",
      "Classification."
    ]
  },
  {
    "href": "https://link.springer.com/article/10.1007/s10657-021-09690-w",
    "id": "luFTEfYZenoJ",
    "childNodes": [
      "Has",
      "machine learning",
      "rendered simple rules obsolete?"
    ]
  },
  {
    "href": "https://link.springer.com/chapter/10.1007/978-3-030-51473-0_11",
    "id": "YWKvmX1OBQMJ",
    "childNodes": [
      "Machine learning",
      "/AI as IoT enablers"
    ]
  },
  {
    "href": "https://ascelibrary.org/doi/abs/10.1061/JMENEA.MEENG-6208",
    "id": "kIc7d2t2MKMJ",
    "childNodes": [
      "Assessing community needs in disasters: Transfer",
      "learning",
      "for fusing limited georeferenced data from crowdsourced applications on the community level"
    ]
  }
]