[
  {
    "href": "https://www.sciencedirect.com/science/article/pii/S0168169920317099",
    "id": "tUNor9xoafsJ",
    "childNodes": [
      "A systematic literature review on the use of",
      "machine learning",
      "in precision livestock farming"
    ]
  },
  {
    "href": "https://www.jmir.org/2021/5/e26953/)",
    "id": "k_MnVy7puAAJ",
    "childNodes": [
      "Tweet topics and sentiments relating to COVID-19 vaccination among Australian Twitter users:",
      "machine learning",
      "analysis"
    ]
  },
  {
    "href": "https://search.ebscohost.com/login.aspx?direct=true&profile=ehost&scope=site&authtype=crawler&jrnl=20711050&AN=179352713&h=05cp7BwWt9Eq45yM1HoZvMmUXZ9ixOVotLQEaSNSOzqPKpXDDjopztFKWjG8%2BfHb71re6tQOwXebZ3LSrC3eGg%3D%3D&crl=c",
    "id": "hPQTg3VEGIkJ",
    "childNodes": [
      "A Comparative Analysis of Remote Sensing Estimation of Aboveground Biomass in Boreal Forests Using",
      "Machine Learning",
      "Modeling and Environmental Data."
    ]
  },
  {
    "href": "https://www.sciencedirect.com/science/article/pii/S0309170819311972",
    "id": "gGXk83DI5xsJ",
    "childNodes": [
      "Generating high-resolution daily soil moisture by using spatial downscaling techniques: A comparison of six",
      "machine learning",
      "algorithms"
    ]
  },
  {
    "href": "https://www.sciencedirect.com/science/article/pii/S2214785321072060",
    "id": "GNN8fdck9rAJ",
    "childNodes": [
      "Machine learning",
      "tool for exploring sentiment analysis on twitter data"
    ]
  },
  {
    "href": "https://www.mdpi.com/2072-4292/13/3/392",
    "id": "DsaaR5aZw5QJ",
    "childNodes": [
      "Crop height estimation of corn from multi-year RADARSAT-2 polarimetric observables using",
      "machine learning"
    ]
  },
  {
    "href": "https://link.springer.com/chapter/10.1007/978-3-030-14234-6_21",
    "id": "YDTbN5l724IJ",
    "childNodes": [
      "SpamTracer: manual fake review detection for O2O commercial platforms by using",
      "geolocation",
      "features"
    ]
  },
  {
    "href": "https://dl.acm.org/doi/abs/10.1145/3368756.3369024",
    "id": "FPCuz4IXu6gJ",
    "childNodes": [
      "Data-driven marketing: How",
      "machine learning",
      "will improve decision-making for marketers"
    ]
  },
  {
    "href": "https://ieeexplore.ieee.org/abstract/document/8656568/",
    "id": "tXpQyRap9c0J",
    "childNodes": [
      "Evaluation of",
      "machine learning",
      "algorithms in spatial downscaling of MODIS land surface temperature"
    ]
  },
  {
    "href": "https://link.springer.com/article/10.1007/s13204-021-01868-7",
    "id": "yCIY9Hmo6LMJ",
    "childNodes": [
      "Coronavirus disease (COVID-19) cases analysis using",
      "machine",
      "-",
      "learning",
      "applications"
    ]
  }
]