[
  {
    "href": "https://ieeexplore.ieee.org/abstract/document/6820422/",
    "id": "Sh5LJjgoe-QJ",
    "childNodes": [
      "Experimental researches on an UWB NLOS identification method based on",
      "machine learning"
    ]
  },
  {
    "href": "https://www.mdpi.com/2079-9292/11/3/396",
    "id": "DFUrpHYtH30J",
    "childNodes": [
      "Uncertainty-based rejection in",
      "machine learning",
      ": Implications for model development and interpretability"
    ]
  },
  {
    "href": "https://ieeexplore.ieee.org/abstract/document/10006709/",
    "id": "R-Ekh-bmNM0J",
    "childNodes": [
      "UWB sensor-based indoor LOS/NLOS localization with support vector",
      "machine learning"
    ]
  },
  {
    "href": "https://www.cs.ucy.ac.cy/~dzeina/papers/iccas22-smas.pdf",
    "id": "ytcrO4TjZ-wJ",
    "childNodes": [
      "ZERO INFRASTRUCTURE",
      "GEOLOCATION",
      "OF NEARBY FIRST RESPONDERS ON RO-RO VESSELS"
    ]
  },
  {
    "href": "https://ieeexplore.ieee.org/abstract/document/8651850/",
    "id": "5lFnW6jeSxMJ",
    "childNodes": [
      "Building a crowdsourcing based disabled pedestrian level of service routing application using computer vision and",
      "machine learning"
    ]
  },
  {
    "href": "https://link.springer.com/chapter/10.1007/978-3-030-59338-4_30",
    "id": "emsJAt84VtcJ",
    "childNodes": [
      "A 3D",
      "Geolocation",
      "Analysis of an RF Emitter Source with Two RF Sensors Based on Time and Angle of Arrival"
    ]
  },
  {
    "href": "https://scholar.archive.org/work/o6nxnexmeveira66ctuzsoshje/access/wayback/https://aisel.aisnet.org/cgi/viewcontent.cgi?article=1154&context=icis2020",
    "id": "AvoyZWtqDKMJ",
    "childNodes": [
      "Personalized discount targeting with causal",
      "machine learning"
    ]
  },
  {
    "href": "https://www.journal-dogorangsang.in/no_4_Book_21/59.pdf",
    "id": "mKjRa4UbP5gJ",
    "childNodes": [
      "CREDIT CARD FRAUD DETECTION USING NEURAL NETWORK AND",
      "GEOLOCATION"
    ]
  },
  {
    "href": "https://www.sciencedirect.com/science/article/pii/S0301479721005648",
    "id": "KEFANndtd7gJ",
    "childNodes": [
      "Estimating environmental vulnerability in the Cerrado with",
      "machine learning",
      "and Twitter data"
    ]
  },
  {
    "href": "https://ieeexplore.ieee.org/abstract/document/10740469/",
    "id": "e2e7QV7cJ64J",
    "childNodes": [
      "Better, not just more: Data-centric",
      "machine learning",
      "for Earth observation"
    ]
  }
]