[
  {
    "href": "https://www.frontiersin.org/articles/10.3389/fdata.2019.00028/full",
    "id": "9CMXuGHTYOoJ",
    "childNodes": [
      "Use of",
      "machine learning",
      "to detect wildlife product promotion and sales on Twitter"
    ]
  },
  {
    "href": "https://www.tandfonline.com/doi/abs/10.1080/22797254.2017.1417745",
    "id": "zIS7jRbpGwcJ",
    "childNodes": [
      "Estimating defoliation of Scots pine stands using",
      "machine learning",
      "methods and vegetation indices of Sentinel-2"
    ]
  },
  {
    "href": "https://core.ac.uk/download/pdf/222452532.pdf#page=84",
    "id": "RDweVfDxb4UJ",
    "childNodes": [
      "Machine learning",
      "for cyber defense and attack"
    ]
  },
  {
    "href": "https://tc.copernicus.org/articles/14/1763/2020/tc-14-1763-2020.html",
    "id": "A6wxtu8L9DIJ",
    "childNodes": [
      "Snow depth estimation and historical data reconstruction over China based on a random forest",
      "machine learning",
      "approach"
    ]
  },
  {
    "href": "https://papers.ssrn.com/sol3/papers.cfm?abstract_id=3436840",
    "id": "LG8B3DuJk5UJ",
    "childNodes": [
      "Pairs Trading Strategy with",
      "Geolocation",
      "Data: The Battle Between Under Armour and Nike"
    ]
  },
  {
    "href": "https://ieeexplore.ieee.org/abstract/document/9616915/",
    "id": "oIsJYs8rOFQJ",
    "childNodes": [
      "Geolocation",
      "Clustering for Radio Resource Management in 6G Networks"
    ]
  },
  {
    "href": "https://www.sciencedirect.com/science/article/pii/S0006320721000562",
    "id": "6ST5LqOc-6oJ",
    "childNodes": [
      "Machine learning",
      "to detect bycatch risk: Novel application to echosounder buoys data in tuna purse seine fisheries"
    ]
  },
  {
    "href": "https://www.nature.com/articles/s41597-020-0478-7",
    "id": "BT9dfIG5vxwJ",
    "childNodes": [
      "Estimating nitrogen and phosphorus concentrations in streams and rivers, within a",
      "machine learning",
      "framework"
    ]
  },
  {
    "href": "https://citeseerx.ist.psu.edu/document?repid=rep1&type=pdf&doi=06730384de8524fd2c1c5778c0b9fcd1d03c838b",
    "id": "BkwubyPNnDYJ",
    "childNodes": [
      "Classification based ip",
      "geolocation",
      "approach to locate data in the cloud datacenters"
    ]
  },
  {
    "href": "https://www.iaeng.org/IJCS/issues_v49/issue_2/IJCS_49_2_18.pdf",
    "id": "JjV2Acg-zikJ",
    "childNodes": [
      "Connected devices classification using feature selection with",
      "machine learning"
    ]
  }
]