[
  {
    "href": "https://ieeexplore.ieee.org/abstract/document/10016683/",
    "id": "_mUC5wY81HYJ",
    "childNodes": [
      "Multi-stage RF emitter search and",
      "geolocation",
      "with UAV: A cognitive",
      "learning",
      "-based method"
    ]
  },
  {
    "href": "http://acikerisim.fsm.edu.tr/xmlui/handle/11352/4965",
    "id": "hjsULJnhUfsJ",
    "childNodes": [
      "Enhancing GPS Accuracy with",
      "Machine Learning",
      ": A Comparative Analysis of Algorithms"
    ]
  },
  {
    "href": "https://www.igi-global.com/chapter/swarm-intelligence-and-evolutionary-machine-learning-algorithms-for-covid-19/326190",
    "id": "6L4fR4EmpfsJ",
    "childNodes": [
      "Swarm Intelligence and Evolutionary",
      "Machine Learning",
      "Algorithms for COVID-19: Pandemic and Epidemic Review"
    ]
  },
  {
    "href": "https://www.politesi.polimi.it/handle/10589/183044",
    "id": "vd0OJNdBKn4J",
    "childNodes": [
      "Hierarchical classification model for content-based",
      "geolocation",
      "of outdoor images with visual explanations"
    ]
  },
  {
    "href": "https://iopscience.iop.org/article/10.1088/1757-899X/1071/1/012029/meta",
    "id": "BA16lQIXMSEJ",
    "childNodes": [
      "Systematics review on the application of social media analytics for detecting radical and extremist group"
    ]
  },
  {
    "href": "https://books.google.com/books?hl=de&lr=&id=HpYtEAAAQBAJ&oi=fnd&pg=PA29&dq=geolocation+machine+learning&ots=qTEmFD1c0P&sig=veX8s5dVOdocg4TyEfphO69uGdQ",
    "id": "RjPTqNZh6l4J",
    "childNodes": [
      "A review of the",
      "machine learning",
      "in gis for megacities application"
    ]
  },
  {
    "href": "https://library.oapen.org/bitstream/handle/20.500.12657/23319/1/1006836.pdf#page=92",
    "id": "Zey4xpy4gfkJ",
    "childNodes": [
      "Predicting fishing effort and catch using semantic trajectories and",
      "machine learning"
    ]
  },
  {
    "href": "https://www.sciencedirect.com/science/article/pii/S0198971520302957",
    "id": "hapolMVUVFQJ",
    "childNodes": [
      "Predicting and mapping neighborhood-scale health outcomes: A",
      "machine learning",
      "approach"
    ]
  },
  {
    "href": "https://www.mdpi.com/2072-4292/15/5/1457",
    "id": "LZwU7JjDvPQJ",
    "childNodes": [
      "Machine Learning",
      "in the Classification of Soybean Genotypes for Primary Macronutrients' Content Using UAV–Multispectral Sensor"
    ]
  },
  {
    "href": "https://ieeexplore.ieee.org/abstract/document/8169908/",
    "id": "hFoRQPwvNEYJ",
    "childNodes": [
      "Occupation profiling with user-generated",
      "geolocation",
      "data"
    ]
  }
]