[
  {
    "href": "https://www.mdpi.com/2072-4292/15/24/5663",
    "id": "4YSoTPTKz3sJ",
    "childNodes": [
      "Vertically Resolved Global Ocean Light Models Using",
      "Machine Learning"
    ]
  },
  {
    "href": "https://ieeexplore.ieee.org/abstract/document/9162976/",
    "id": "fCc6844BqXcJ",
    "childNodes": [
      "RNBG: a ranking nodes based IP",
      "geolocation",
      "method"
    ]
  },
  {
    "href": "https://www.mdpi.com/2071-1050/14/23/16174",
    "id": "CExgcIEt3BAJ",
    "childNodes": [
      "Using Social Media Analytics and",
      "Machine Learning",
      "Approaches to Analyze the Behavioral Response of Agriculture Stakeholders during the COVID-19 Pandemic"
    ]
  },
  {
    "href": "https://www.mdpi.com/1424-8220/21/17/5866",
    "id": "ImtSlkI3Hq4J",
    "childNodes": [
      "Advanced driver assistance systems (ADAS) based on",
      "machine learning",
      "techniques for the detection and transcription of variable message signs on roads"
    ]
  },
  {
    "href": "https://link.springer.com/chapter/10.1007/978-3-031-70285-3_25",
    "id": "DfGMA0tV0jIJ",
    "childNodes": [
      "Application for Monitoring Sentiment Analysis and",
      "Geolocation",
      "in Shared Vehicle Services"
    ]
  },
  {
    "href": "https://books.google.com/books?hl=de&lr=&id=x31GEAAAQBAJ&oi=fnd&pg=PR8&dq=geolocation+machine+learning&ots=6kYlcu7aJM&sig=GLYTANtJjNbePHhJuyAuyuTMFRA",
    "id": "BsD3Sl4XgxoJ",
    "childNodes": [
      "Machine learning",
      "and artificial intelligence for agricultural economics: Prognostic data analytics to serve small scale farmers worldwide"
    ]
  },
  {
    "href": "https://mhealth.jmir.org/2021/7/e26540",
    "id": "WG7uSBIwqGoJ",
    "childNodes": [
      "Predicting depression from smartphone behavioral markers using",
      "machine learning",
      "methods, hyperparameter optimization, and feature importance analysis …"
    ]
  },
  {
    "href": "https://www.nature.com/articles/s41598-021-00766-w",
    "id": "7szdmyuDqWQJ",
    "childNodes": [
      "Crowdsourcing and",
      "machine learning",
      "approaches for extracting entities indicating potential foodborne outbreaks from social media"
    ]
  },
  {
    "href": "https://www.tandfonline.com/doi/abs/10.1080/01431161.2017.1395969",
    "id": "bOb3uccbplsJ",
    "childNodes": [
      "Mapping paddy rice fields by applying",
      "machine learning",
      "algorithms to multi-temporal Sentinel-1A and Landsat data"
    ]
  },
  {
    "href": "https://www.sciencedirect.com/science/article/pii/S2214212622000175",
    "id": "JxefnRuipq0J",
    "childNodes": [
      "A",
      "machine learning",
      "approach for detecting fast flux phishing hostnames"
    ]
  }
]