[
  {
    "href": "https://www.mdpi.com/1424-8220/21/13/4254",
    "id": "z_HBRsMOHTwJ",
    "childNodes": [
      "Are",
      "machine learning",
      "methods the future for smoking cessation apps?"
    ]
  },
  {
    "href": "https://link.springer.com/article/10.1007/s11920-018-0914-y",
    "id": "8DncmaOwfqQJ",
    "childNodes": [
      "Smartphones, sensors, and",
      "machine learning",
      "to advance real-time prediction and interventions for suicide prevention: a review of current progress and next steps"
    ]
  },
  {
    "href": "https://link.springer.com/chapter/10.1007/978-3-030-63089-8_7",
    "id": "L700gVNNZxUJ",
    "childNodes": [
      "Machine Learning",
      "Prediction of Gamer's Private Networks (GPN",
      "SUP",
      "S)"
    ]
  },
  {
    "href": "https://www.frontiersin.org/articles/10.3389/fgene.2021.659650/full",
    "id": "xjssP5Nb4FgJ",
    "childNodes": [
      "Unraveling city-specific microbial signatures and identifying sample origins for the data from CAMDA 2020 metagenomic",
      "geolocation",
      "challenge"
    ]
  },
  {
    "href": "https://journals.lww.com/jtrauma/fulltext/2023/07000/A_novel_machine_learning_tool_to_identify.19.aspx",
    "id": "UvxBeJblkBYJ",
    "childNodes": [
      "A novel",
      "machine",
      "-",
      "learning",
      "tool to identify community risk for firearm violence: The Firearm Violence Vulnerability Index"
    ]
  },
  {
    "href": "https://publichealth.jmir.org/2020/2/e19509/",
    "id": "DDiN7-pScAAJ",
    "childNodes": [
      "Machine learning",
      "to detect self-reporting of symptoms, testing access, and recovery associated with COVID-19 on Twitter: retrospective big data infoveillance …"
    ]
  },
  {
    "href": "https://www.lyellcollection.org/doi/abs/10.3389/esss.2024.10110",
    "id": "xEiItKpZa24J",
    "childNodes": [
      "Enhancing the Digital Earth via Digital Decimal",
      "Geolocation",
      "and the FAIR Data Principles"
    ]
  },
  {
    "href": "https://link.springer.com/article/10.1007/s11036-020-01635-y",
    "id": "JaHrg7SshjMJ",
    "childNodes": [
      "Iktishaf: A big data road-traffic event detection tool using Twitter and spark",
      "machine learning"
    ]
  },
  {
    "href": "https://onlinelibrary.wiley.com/doi/abs/10.1002/9781119551621.ch4",
    "id": "6UEeYk2nkd0J",
    "childNodes": [
      "Application of",
      "machine learning",
      "in the social network"
    ]
  },
  {
    "href": "https://pubs.acs.org/doi/abs/10.1021/acs.est.0c08034",
    "id": "jGCGALtaEDIJ",
    "childNodes": [
      "Urban air pollution mapping using fleet vehicles as mobile monitors and",
      "machine learning"
    ]
  }
]