[
  {
    "href": "https://ieeexplore.ieee.org/abstract/document/10138551/",
    "id": "kMNQLwfheHQJ",
    "childNodes": [
      "Effective feature engineering technique for heart disease prediction with",
      "machine learning"
    ]
  },
  {
    "href": "https://www.mdpi.com/2076-3417/14/21/9766",
    "id": "yXrON8n5n5wJ",
    "childNodes": [
      "Automated",
      "Machine Learning",
      "for Optimized Load Forecasting and Economic Impact in the Greek Wholesale Energy Market"
    ]
  },
  {
    "href": "https://www.sciencedirect.com/science/article/pii/S2214579620300034",
    "id": "klpRcHomPJ8J",
    "childNodes": [
      "Automated deployment of a spark cluster with",
      "machine learning",
      "algorithm integration"
    ]
  },
  {
    "href": "https://www.tandfonline.com/doi/abs/10.1080/02642069.2022.2054996",
    "id": "pczhvF8nKKEJ",
    "childNodes": [
      "Detecting fake reviews with supervised",
      "machine learning",
      "algorithms"
    ]
  },
  {
    "href": "https://aclanthology.org/2020.vardial-1.19/",
    "id": "fyqccvDTfM4J",
    "childNodes": [
      "HeLju@ VarDial 2020: Social media variety",
      "geolocation",
      "with BERT models"
    ]
  },
  {
    "href": "https://www.tandfonline.com/doi/abs/10.1080/10106049.2023.2184875",
    "id": "Sv8SFiO9BGMJ",
    "childNodes": [
      "High-resolution benthic habitat mapping from",
      "machine learning",
      "on PlanetScope imagery and ICESat-2 data"
    ]
  },
  {
    "href": "https://openaccess.thecvf.com/content/CVPR2024/html/Astruc_OpenStreetView-5M_The_Many_Roads_to_Global_Visual_Geolocation_CVPR_2024_paper.html",
    "id": "aJo8hBV9-HgJ",
    "childNodes": [
      "OpenStreetView-5M: The Many Roads to Global Visual",
      "Geolocation"
    ]
  },
  {
    "href": "https://www.sciencedirect.com/science/article/pii/S221431732030233X",
    "id": "9SALNUgYbRsJ",
    "childNodes": [
      "The use of animal sensor data for predicting sheep metabolisable energy intake using",
      "machine learning"
    ]
  },
  {
    "href": "https://www.mdpi.com/2072-4292/13/18/3595",
    "id": "koeH7VcLthkJ",
    "childNodes": [
      "Hyperspectral imaging combined with",
      "machine learning",
      "for the detection of fusiform rust disease incidence in loblolly pine seedlings"
    ]
  },
  {
    "href": "https://www.sciencedirect.com/science/article/pii/S0022169421010970",
    "id": "CESYncbMGlkJ",
    "childNodes": [
      "… for estimating actual evapotranspiration at weather stations without flux observations by combining data from MODIS and flux towers through a",
      "machine learning",
      "…"
    ]
  }
]