[
  {
    "href": "https://www.mdpi.com/2504-446X/7/6/382",
    "id": "CFDGrCL9tFMJ",
    "childNodes": [
      "Machine learning",
      "for precision agriculture using imagery from unmanned aerial vehicles (uavs): A survey"
    ]
  },
  {
    "href": "https://onlinelibrary.wiley.com/doi/abs/10.1155/2022/1830201",
    "id": "QHwtNwG6zLUJ",
    "childNodes": [
      "An android malware detection leveraging",
      "machine learning"
    ]
  },
  {
    "href": "https://arxiv.org/abs/2412.10870",
    "id": "FPUqrpmdHnwJ",
    "childNodes": [
      "A Novel End-To-End Event",
      "Geolocation",
      "Method Leveraging Hyperbolic Space and Toponym Hierarchies"
    ]
  },
  {
    "href": "https://arxiv.org/abs/2206.14583",
    "id": "ybTfamJmIOAJ",
    "childNodes": [
      "How should we proxy for race/ethnicity? Comparing Bayesian improved surname geocoding to",
      "machine learning",
      "methods"
    ]
  },
  {
    "href": "https://ieeexplore.ieee.org/abstract/document/9162317/",
    "id": "94hgjql40I8J",
    "childNodes": [
      "Machine learning",
      "in action: Securing IAM API by risk authentication decision engine"
    ]
  },
  {
    "href": "https://dl.acm.org/doi/abs/10.1145/3366423.3380216",
    "id": "Kq7xHkvhk0gJ",
    "childNodes": [
      "Towards IP-based",
      "geolocation",
      "via fine-grained and stable webcam landmarks"
    ]
  },
  {
    "href": "https://link.springer.com/article/10.1007/s10661-020-08731-2",
    "id": "fwzBkFeYNC4J",
    "childNodes": [
      "Estimation of nitrogen and phosphorus concentrations from water quality surrogates using",
      "machine learning",
      "in the Tri An Reservoir, Vietnam"
    ]
  },
  {
    "href": "https://iwaponline.com/jh/article-abstract/23/2/307/80021",
    "id": "CYj9ZUw2FPwJ",
    "childNodes": [
      "Ensemble-based",
      "machine learning",
      "approach for improved leak detection in water mains"
    ]
  },
  {
    "href": "https://www.mdpi.com/2072-4292/11/1/90",
    "id": "DTTS9KidcMAJ",
    "childNodes": [
      "Gap-filling of MODIS fractional snow cover products via non-local spatio-temporal filtering based on",
      "machine learning",
      "techniques"
    ]
  },
  {
    "href": "https://journals.sagepub.com/doi/abs/10.1177/14789299241265084",
    "id": "UB-a1A39g5gJ",
    "childNodes": [
      "The Use of",
      "Machine Learning",
      "Methods in Political Science: An In-Depth Literature Review"
    ]
  }
]