[
  {
    "href": "https://www.mdpi.com/2072-4292/14/6/1480",
    "id": "-slHTeT_3rEJ",
    "childNodes": [
      "An approach to improve the spatial resolution and accuracy of AMSR2 passive microwave snow depth product using",
      "machine learning",
      "in Northeast China"
    ]
  },
  {
    "href": "https://link.springer.com/article/10.1007/s10462-023-10424-4",
    "id": "CsdPLbnq1TUJ",
    "childNodes": [
      "Machine learning",
      "algorithms to forecast air quality: a survey"
    ]
  },
  {
    "href": "https://ieeexplore.ieee.org/abstract/document/9003183/",
    "id": "MAhUxpZkH8sJ",
    "childNodes": [
      "A survey of online data-driven proactive 5G network optimisation using",
      "machine learning"
    ]
  },
  {
    "href": "https://www.ceeol.com/search/article-detail?id=1136930",
    "id": "hdrGm_uLlvkJ",
    "childNodes": [
      "3D Computer Vision-based Production and Simulation Modeling Technologies,",
      "Geolocation",
      "Data Mining and Tracking, and Cognitive Mapping and Navigation Tools …"
    ]
  },
  {
    "href": "https://link.springer.com/article/10.1007/s12652-016-0384-1",
    "id": "dxvyv4CBYfsJ",
    "childNodes": [
      "Machine learning",
      "and dynamic user interfaces in a context aware nurse application environment"
    ]
  },
  {
    "href": "https://ieeexplore.ieee.org/abstract/document/8258340/",
    "id": "T0bU5Ir8kRoJ",
    "childNodes": [
      "Cloud big data decision support system for",
      "machine learning",
      "on AWS: Analytics of analytics"
    ]
  },
  {
    "href": "https://link.springer.com/chapter/10.1007/978-981-19-7222-5_19",
    "id": "9Z88dBHWRssJ",
    "childNodes": [
      "Image",
      "Geolocation",
      "from Alternative Cues"
    ]
  },
  {
    "href": "https://ieeexplore.ieee.org/abstract/document/10594824/",
    "id": "Lz1dshvJxqgJ",
    "childNodes": [
      "System Development for Estimating",
      "Geolocation",
      ", Direction, and Velocity of Moving Objects in UAV Applications Using Monocular Camera"
    ]
  },
  {
    "href": "https://www.sciencedirect.com/science/article/pii/B9780128240540000083",
    "id": "q2NJ_-qv0OkJ",
    "childNodes": [
      "Geospatial crime analysis and forecasting with",
      "machine learning",
      "techniques"
    ]
  },
  {
    "href": "https://arxiv.org/abs/2502.04288",
    "id": "DntsHZ30XMAJ",
    "childNodes": [
      "Leveraging",
      "Geolocation",
      "in Clinical Records to Improve Alzheimer's Disease Diagnosis Using DMV Framework"
    ]
  }
]