[
  {
    "href": "https://www.mdpi.com/2072-4292/14/13/2966",
    "id": "JkHAhIsMxAEJ",
    "childNodes": [
      "Assessment of",
      "machine learning",
      "techniques for oil rig classification in C-band SAR images"
    ]
  },
  {
    "href": "https://www.mdpi.com/2076-3417/10/4/1398",
    "id": "fr8sWQkU1JEJ",
    "childNodes": [
      "Sehaa: A big data analytics tool for healthcare symptoms and diseases detection using Twitter, Apache Spark, and",
      "Machine Learning"
    ]
  },
  {
    "href": "https://www.mdpi.com/2079-9292/12/1/251",
    "id": "4JGqHSkhrDYJ",
    "childNodes": [
      "Machine",
      "-",
      "Learning",
      "-Based Scoring System for Antifraud CISIRTs in Banking Environment"
    ]
  },
  {
    "href": "https://www.sciencedirect.com/science/article/pii/S2215001321000238",
    "id": "QvXEUc2i-tIJ",
    "childNodes": [
      "Applying",
      "machine learning",
      "to smartphone based cognitive and sleep assessments in schizophrenia"
    ]
  },
  {
    "href": "https://ieeexplore.ieee.org/abstract/document/9831429/",
    "id": "QpfqsGWahboJ",
    "childNodes": [
      "Balancing QoS and security in the edge: Existing practices, challenges, and 6G opportunities with",
      "machine learning"
    ]
  },
  {
    "href": "https://research.rug.nl/files/218110468/Complete_thesis.pdf#page=92",
    "id": "9Q1pSLYwxqcJ",
    "childNodes": [
      "exploring smartphone",
      "Geolocation",
      "data quality for reliable feature extraction"
    ]
  },
  {
    "href": "https://www.mdpi.com/2073-4441/14/14/2187",
    "id": "OQPKBtyCjsQJ",
    "childNodes": [
      "Advanced strategies for monitoring water consumption patterns in households based on IoT and",
      "machine learning"
    ]
  },
  {
    "href": "https://ieeexplore.ieee.org/abstract/document/8646600/",
    "id": "F0oECa3GtIEJ",
    "childNodes": [
      "A",
      "machine learning",
      "approach for the classification of indoor environments using RF signatures"
    ]
  },
  {
    "href": "https://www.mdpi.com/2072-4292/14/11/2621",
    "id": "-_TkoVcOFH0J",
    "childNodes": [
      "Machine learning",
      "classification of fused Sentinel-1 and Sentinel-2 image data towards mapping fruit plantations in highly heterogenous landscapes"
    ]
  },
  {
    "href": "https://www.sciencedirect.com/science/article/pii/S0925527321002917",
    "id": "QPYM16DMnocJ",
    "childNodes": [
      "Machine learning",
      "and optimization models for supplier selection and order allocation planning"
    ]
  }
]