[
  {
    "href": "https://www.sciencedirect.com/science/article/pii/S0264837722000758",
    "id": "V1SlJGMW7_8J",
    "childNodes": [
      "Does visual contact with green space impact housing pricesʔ An integrated approach of",
      "machine learning",
      "and hedonic modeling based on the perception of green …"
    ]
  },
  {
    "href": "https://www.sciencedirect.com/science/article/pii/S0020025518307734",
    "id": "HqQ-BKuxkKIJ",
    "childNodes": [
      "Machine learning",
      "approaches to understand the influence of urban environments on human's physiological response"
    ]
  },
  {
    "href": "https://www.mdpi.com/1996-1073/15/23/9231",
    "id": "qVf-snEKh8cJ",
    "childNodes": [
      "Non-intrusive room occupancy prediction performance analysis using different",
      "machine learning",
      "techniques"
    ]
  },
  {
    "href": "https://link.springer.com/article/10.1007/s00168-021-01101-x",
    "id": "3o9I2e7BQV8J",
    "childNodes": [
      "Spatial",
      "machine learning",
      ": new opportunities for regional science"
    ]
  },
  {
    "href": "https://ietresearch.onlinelibrary.wiley.com/doi/abs/10.1049/rsn2.12390",
    "id": "FulnMUn2ywoJ",
    "childNodes": [
      "Geolocation",
      "tracking for human identification and activity recognition using radar deep transfer",
      "learning"
    ]
  },
  {
    "href": "https://digibug.ugr.es/handle/10481/72567",
    "id": "i2Vl0r8ufpoJ",
    "childNodes": [
      "Usefulness of Microbiome for Forensic",
      "Geolocation",
      ": A Review"
    ]
  },
  {
    "href": "https://ieeexplore.ieee.org/abstract/document/8706527/",
    "id": "foShaoLk_doJ",
    "childNodes": [
      "Indoor localization for IoT using adaptive feature selection: A cascaded",
      "machine learning",
      "approach"
    ]
  },
  {
    "href": "https://ieeexplore.ieee.org/abstract/document/10616441/",
    "id": "aNChx2ojJfwJ",
    "childNodes": [
      "Enhancing Accuracy in Social Media Sentiment Analysis through Comparative Studies using",
      "Machine Learning",
      "Techniques"
    ]
  },
  {
    "href": "https://www.sciencedirect.com/science/article/pii/S2772586322000491",
    "id": "xOpg-eQ0ujUJ",
    "childNodes": [
      "Investigating pedestrian behaviour in urban environments: A Wi-Fi tracking and",
      "machine learning",
      "approach"
    ]
  },
  {
    "href": "https://www.sciencedirect.com/science/article/pii/S0022169423002494",
    "id": "q0AqhBSvSJ0J",
    "childNodes": [
      "Seasonal forecast of soil moisture over Mediterranean-climate forest catchments using a",
      "machine learning",
      "approach"
    ]
  }
]