[
  {
    "href": "https://www.rbciamb.com.br/Publicacoes_RBCIAMB/article/view/782",
    "id": "mClnVyMc0XcJ",
    "childNodes": [
      "Application of",
      "machine learning",
      "algorithms to PM2. 5 concentration analysis in the state of São Paulo, Brazil"
    ]
  },
  {
    "href": "https://arxiv.org/abs/2003.07680",
    "id": "GTyCFF9gsvgJ",
    "childNodes": [
      "Designing tools for semi-automated detection of",
      "machine learning",
      "biases: An interview study"
    ]
  },
  {
    "href": "https://ieeexplore.ieee.org/abstract/document/7037652/",
    "id": "mTy5wHCWdwUJ",
    "childNodes": [
      "Vloc: An approach to verify the physical location of a virtual",
      "machine",
      "in cloud"
    ]
  },
  {
    "href": "https://link.springer.com/chapter/10.1007/978-981-15-0802-8_190",
    "id": "WH5duNw7Xu0J",
    "childNodes": [
      "Machine learning",
      "based tool for identifying errors in CAD to GIS converted data"
    ]
  },
  {
    "href": "https://aclanthology.org/2020.vardial-1.21/",
    "id": "afpxeNsTBK0J",
    "childNodes": [
      "Experiments in language variety",
      "geolocation",
      "and dialect identification"
    ]
  },
  {
    "href": "https://link.springer.com/content/pdf/10.1007/978-1-4020-5626-0.pdf#page=37",
    "id": "SOsgnzI1WPkJ",
    "childNodes": [
      "Target localization using",
      "machine learning"
    ]
  },
  {
    "href": "https://k0d.cc/storage/books/Databases/Spark/Machine%20Learning%20with%20Spark.pdf",
    "id": "v3jSGJA3IIcJ",
    "childNodes": [
      "Machine learning",
      "with spark"
    ]
  },
  {
    "href": "https://www.sciencedirect.com/science/article/pii/S0168192315007546",
    "id": "91dxaPQsOskJ",
    "childNodes": [
      "Crop yield forecasting on the Canadian Prairies by remotely sensed vegetation indices and",
      "machine learning",
      "methods"
    ]
  },
  {
    "href": "https://www.sciencedirect.com/science/article/pii/S0034425720302893",
    "id": "z8QvII0IntcJ",
    "childNodes": [
      "Machine learning",
      "approaches to retrieve pan-Arctic melt ponds from visible satellite imagery"
    ]
  },
  {
    "href": "https://dl.acm.org/doi/abs/10.1145/3436755",
    "id": "Fvun6Zo6dhYJ",
    "childNodes": [
      "When",
      "machine learning",
      "meets privacy: A survey and outlook"
    ]
  }
]