[
  {
    "href": "https://www.mdpi.com/2072-4292/12/17/2685",
    "id": "AyYHGZfj2KIJ",
    "childNodes": [
      "Woody aboveground biomass mapping of the Brazilian savanna with a multi-sensor and",
      "machine learning",
      "approach"
    ]
  },
  {
    "href": "https://ruor.uottawa.ca/items/f3e5ea06-2c8d-450e-b5e5-4ed025fb5b68",
    "id": "0Xs6WGgmAPUJ",
    "childNodes": [
      "Content-based",
      "geolocation",
      "prediction of Canadian Twitter users and their tweets"
    ]
  },
  {
    "href": "https://www.sciencedirect.com/science/article/pii/S0034425718305728",
    "id": "67pvPj-9QfsJ",
    "childNodes": [
      "Machine learning",
      "and multi-sensor based modelling of woody vegetation in the Molopo Area, South Africa"
    ]
  },
  {
    "href": "https://ieeexplore.ieee.org/abstract/document/9356065/",
    "id": "OD533QexJbkJ",
    "childNodes": [
      "Machine learning",
      "on camera images for fast mmWave beamforming"
    ]
  },
  {
    "href": "https://link.springer.com/chapter/10.1007/978-3-319-05452-0_9",
    "id": "PE_fVS2VFBEJ",
    "childNodes": [
      "Intelligent energy-efficient triggering of",
      "geolocation",
      "fix acquisitions based on transitions between activity recognition states"
    ]
  },
  {
    "href": "https://www.tandfonline.com/doi/abs/10.1080/07853890.2024.2405074%4010.1080/tfocoll.2024.0.issue-Explainable-Artificial-Intelligence",
    "id": "5eEMwcqf0IkJ",
    "childNodes": [
      "Machine learning",
      "algorithms for the evaluation of risk by tick-borne pathogens in Europe"
    ]
  },
  {
    "href": "https://www.inderscienceonline.com/doi/abs/10.1504/IJMHEUR.2015.074248",
    "id": "xzdB5IEuA7QJ",
    "childNodes": [
      "Enhanced",
      "learning",
      "classifier to locate data in cloud data centres"
    ]
  },
  {
    "href": "https://www.igi-global.com/chapter/machine-learning-based-wearable-devices-for-smart-healthcare-application-with-risk-factor-monitoring/301509",
    "id": "INbUeeFmMcMJ",
    "childNodes": [
      "Machine learning",
      "-based wearable devices for smart healthcare application with risk factor monitoring"
    ]
  },
  {
    "href": "https://www.frontiersin.org/articles/10.3389/fmicb.2021.661132/full",
    "id": "c-f4b1ghqSsJ",
    "childNodes": [
      "Machine learning",
      "for predicting mycotoxin occurrence in maize"
    ]
  },
  {
    "href": "https://www.sciencedirect.com/science/article/pii/S136655452300159X",
    "id": "95OBEjpbr4wJ",
    "childNodes": [
      "Incorporation of AIS data-based",
      "machine learning",
      "into unsupervised route planning for maritime autonomous surface ships"
    ]
  }
]