[
  {
    "href": "https://dl.acm.org/doi/abs/10.1145/3274895.3274929",
    "id": "1PvxRkiHIBIJ",
    "childNodes": [
      "EaserGeocoder: integrative geocoding with",
      "machine learning",
      "(demo paper)"
    ]
  },
  {
    "href": "https://ieeexplore.ieee.org/abstract/document/9730035/",
    "id": "qEXVYvMDjC0J",
    "childNodes": [
      "Metageo: a general framework for social user",
      "geolocation",
      "identification with few-shot",
      "learning"
    ]
  },
  {
    "href": "https://www.ion.org/publications/abstract.cfm?articleID=16702",
    "id": "57NzYl8OeJEJ",
    "childNodes": [
      "A",
      "machine learning",
      "approach for Wi-Fi RTT ranging"
    ]
  },
  {
    "href": "https://ideas.repec.org/p/bis/bisiwp/23.html",
    "id": "C-OfaiI5l-EJ",
    "childNodes": [
      "Machine learning",
      "for anomaly detection in money services business outlets using data by",
      "geolocation"
    ]
  },
  {
    "href": "https://ieeexplore.ieee.org/abstract/document/10680536/",
    "id": "ECfBoa4XJG4J",
    "childNodes": [
      "Automatic Detection and Predictive",
      "Geolocation",
      "of Foreign Object Debris on Airport Runway"
    ]
  },
  {
    "href": "https://www.mdpi.com/2073-4395/11/8/1458",
    "id": "_Vur5eerO9oJ",
    "childNodes": [
      "Deep-",
      "learning",
      "-based automated palm tree counting and",
      "geolocation",
      "in large farms from aerial geotagged images"
    ]
  },
  {
    "href": "https://www.sciencedirect.com/science/article/pii/S0094119019300944",
    "id": "BUT5zTH1F8IJ",
    "childNodes": [
      "Building (s and) cities: Delineating urban areas with a",
      "machine learning",
      "algorithm"
    ]
  },
  {
    "href": "https://www.academia.edu/download/91264479/1547-5816_2022_6_4093.pdf",
    "id": "mIVVR-aoxY0J",
    "childNodes": [
      "Human resources optimization with MARS and ANN: innovation",
      "geolocation",
      "model for generation Z"
    ]
  },
  {
    "href": "https://www.sciencedirect.com/science/article/pii/S0306457320308074",
    "id": "LPQkD8A5klgJ",
    "childNodes": [
      "A Google Trends spatial clustering approach for a worldwide Twitter user",
      "geolocation"
    ]
  },
  {
    "href": "https://books.google.com/books?hl=de&lr=&id=5bbJEAAAQBAJ&oi=fnd&pg=PA303&dq=geolocation+machine+learning&ots=qcGzpjvLxh&sig=UGcbzin28DVeIU7k4I9PaqE5DTg",
    "id": "4BgecSgWsg4J",
    "childNodes": [
      "Spam email detection using",
      "machine learning",
      "techniques"
    ]
  }
]