[
  {
    "href": "https://www.sciencedirect.com/science/article/pii/S0022407319308209",
    "id": "3cW2XMb03gQJ",
    "childNodes": [
      "Machine learning",
      "algorithms for retrievals of aerosol and ocean color products from FY-3D MERSI-II instrument"
    ]
  },
  {
    "href": "https://www.mdpi.com/2072-4292/12/23/3925",
    "id": "17MVkQY1vmAJ",
    "childNodes": [
      "Mapping of the canopy openings in mixed beech–fir forest at Sentinel-2 subpixel level using UAV and",
      "machine learning",
      "approach"
    ]
  },
  {
    "href": "https://ieeexplore.ieee.org/abstract/document/9884184/",
    "id": "p9NL57rIiR0J",
    "childNodes": [
      "DeepSatData: Building large scale datasets of satellite images for training",
      "machine learning",
      "models"
    ]
  },
  {
    "href": "https://www.mdpi.com/2072-4292/12/3/372",
    "id": "ONLdTP5fhWwJ",
    "childNodes": [
      "Intercomparison of",
      "machine",
      "-",
      "learning",
      "methods for estimating surface shortwave and photosynthetically active radiation"
    ]
  },
  {
    "href": "https://journals.sagepub.com/doi/abs/10.1177/0887302X20931195",
    "id": "n_OloNOH12oJ",
    "childNodes": [
      "Machine learning",
      "(ML) for tracking fashion trends: Documenting the frequency of the baseball cap on social media and the runway"
    ]
  },
  {
    "href": "https://onlinelibrary.wiley.com/doi/abs/10.1155/2021/7965093",
    "id": "fgRzWCxX-Q0J",
    "childNodes": [
      "[Retracted] Study on DTN Routing Protocol of Vehicle Ad Hoc Network Based on",
      "Machine Learning"
    ]
  },
  {
    "href": "https://iopscience.iop.org/article/10.1149/10701.7189ecst/meta",
    "id": "S1S-uezYWm8J",
    "childNodes": [
      "Analysis of supervised",
      "machine learning",
      "algorithms in the context of fraud detection"
    ]
  },
  {
    "href": "https://www.sciencedirect.com/science/article/pii/S2772375522001186",
    "id": "hbXl6PQqjSMJ",
    "childNodes": [
      "Predictive framework of plant height in commercial cotton fields using a remote sensing and",
      "machine learning",
      "approach"
    ]
  },
  {
    "href": "https://ieeexplore.ieee.org/abstract/document/9319287/",
    "id": "ygve9Pa0AtsJ",
    "childNodes": [
      "Machine learning",
      "systems in the IoT: Trustworthiness trade-offs for edge intelligence"
    ]
  },
  {
    "href": "https://arxiv.org/abs/1902.06739",
    "id": "kBy3UDQm4UoJ",
    "childNodes": [
      "Forecasting the 2017-2018 Yemen cholera outbreak with",
      "machine learning"
    ]
  }
]