[
  {
    "href": "https://onlinelibrary.wiley.com/doi/abs/10.1155/2020/6138637",
    "id": "hUVKRIp0o88J",
    "childNodes": [
      "Waste Management System Using IoT‐Based",
      "Machine Learning",
      "in University"
    ]
  },
  {
    "href": "https://www.tandfonline.com/doi/abs/10.1080/17538947.2017.1304586",
    "id": "bj3AV0ReS3sJ",
    "childNodes": [
      "… sub-pixel co-registration of Landsat-8 Operational Land Imager and Sentinel-2A Multi-Spectral Instrument images using phase correlation and",
      "machine learning",
      "…"
    ]
  },
  {
    "href": "https://www.sciencedirect.com/science/article/pii/S0305440319301001",
    "id": "SMg_W9HJatAJ",
    "childNodes": [
      "A brave new world for archaeological survey: Automated",
      "machine learning",
      "-based potsherd detection using high-resolution drone imagery"
    ]
  },
  {
    "href": "https://ieeexplore.ieee.org/abstract/document/6192275/",
    "id": "IwTWbkJ_mvMJ",
    "childNodes": [
      "A",
      "machine learning",
      "approach to ranging error mitigation for UWB localization"
    ]
  },
  {
    "href": "https://www.researchsquare.com/article/rs-5931462/latest",
    "id": "okwztxFDFSUJ",
    "childNodes": [
      "A Face Recognition Based Attendance System with",
      "Geolocation",
      "and Real-Time Action Logging"
    ]
  },
  {
    "href": "https://www.tandfonline.com/doi/abs/10.1080/20964471.2023.2177435",
    "id": "XAl8ffQ5gYEJ",
    "childNodes": [
      "A long-term daily gridded snow depth dataset for the Northern Hemisphere from 1980 to 2019 based on",
      "machine learning"
    ]
  },
  {
    "href": "https://www.worldscientific.com/doi/abs/10.1142/9789811286421_0033",
    "id": "jtvEIMcyf8sJ",
    "childNodes": [
      "Imputation of race and ethnicity categories using genetic ancestry from real-world genomic testing data"
    ]
  },
  {
    "href": "https://www.sciencedirect.com/science/article/pii/S2468696421000197",
    "id": "K47koRdGQywJ",
    "childNodes": [
      "EMOCOV:",
      "Machine learning",
      "for emotion detection, analysis and visualization using COVID-19 tweets"
    ]
  },
  {
    "href": "https://digital.wpi.edu/downloads/ff3658328",
    "id": "2yCu_WYvMRsJ",
    "childNodes": [
      "Empowering Computer Vision Models with Deep",
      "Learning",
      "for Robotic Perception and Drone",
      "Geolocation"
    ]
  },
  {
    "href": "https://www.cell.com/heliyon/fulltext/S2405-8440(23)04515-2?uuid=uuid%3A0f0de8d7-d26e-46ef-9da8-4126fadc47a4",
    "id": "Md8nW5Bc9ukJ",
    "childNodes": [
      "Analyzing perceived psychological and social stress of university students: A",
      "machine learning",
      "approach"
    ]
  }
]