[
  {
    "href": "https://www.sciencedirect.com/science/article/pii/S2214579621000599",
    "id": "kxkgIfipKKMJ",
    "childNodes": [
      "Using network analysis and",
      "machine learning",
      "to identify virus spread trends in COVID-19"
    ]
  },
  {
    "href": "https://ieeexplore.ieee.org/abstract/document/9204244/",
    "id": "0gx-8QMV1MgJ",
    "childNodes": [
      "Hybrid",
      "machine learning",
      "system for solving fraud detection tasks"
    ]
  },
  {
    "href": "https://ieeexplore.ieee.org/abstract/document/9848200/",
    "id": "HWgMn_Nc4ScJ",
    "childNodes": [
      "KNN-Based Hybrid Models for",
      "Geolocation",
      "based Problems"
    ]
  },
  {
    "href": "https://link.springer.com/article/10.1007/s44230-022-00004-0",
    "id": "y8LQGZXWxYMJ",
    "childNodes": [
      "Review of",
      "machine learning",
      "approach on credit card fraud detection"
    ]
  },
  {
    "href": "https://www.nature.com/articles/s41746-021-00441-4",
    "id": "3NaCXEH9sl8J",
    "childNodes": [
      "Machine learning",
      "prediction of blood alcohol concentration: a digital signature of smart-breathalyzer behavior"
    ]
  },
  {
    "href": "https://link.springer.com/chapter/10.1007/978-3-031-64073-5_19",
    "id": "vgMwOT9xkCoJ",
    "childNodes": [
      "Challenges in",
      "Geolocation",
      "for Logistics Delivery: A Case Study on the Accuracy in Bulgaria of Google Maps Directions API"
    ]
  },
  {
    "href": "https://arxiv.org/abs/1712.09458",
    "id": "GJ_suTtcQowJ",
    "childNodes": [
      "Multi-modal",
      "geolocation",
      "estimation using deep neural networks"
    ]
  },
  {
    "href": "https://arxiv.org/abs/2301.13387",
    "id": "PJhvY8LAYCUJ",
    "childNodes": [
      "Deep",
      "Learning",
      "for Reference-Free",
      "Geolocation",
      "for Poplar Trees"
    ]
  },
  {
    "href": "https://jamanetwork.com/journals/jama/article-abstract/2488315",
    "id": "nhpF9h_c8DoJ",
    "childNodes": [
      "Machine learning",
      "and the profession of medicine"
    ]
  },
  {
    "href": "https://www.ceeol.com/search/article-detail?id=1176626",
    "id": "ITq1E8iT6v4J",
    "childNodes": [
      "… twin simulation tools, internet of things-based decision support and big data computing systems, and image recognition and",
      "geolocation",
      "data processing algorithms in …"
    ]
  }
]