[
  {
    "href": "https://www.sciencedirect.com/science/article/pii/S1877050921017506",
    "id": "8melNAcr5g4J",
    "childNodes": [
      "Exploiting supervised",
      "machine learning",
      "for driver detection in a real-world environment"
    ]
  },
  {
    "href": "https://ieeexplore.ieee.org/abstract/document/9919991/",
    "id": "ktDlR15T4mIJ",
    "childNodes": [
      "A",
      "machine learning",
      "based approach for the detection of sybil attacks in C-ITS"
    ]
  },
  {
    "href": "https://www.academia.edu/download/108210861/Paper_38-PM2_5_Estimation_using_Machine_Learning_Models.pdf",
    "id": "7klzfAN2qQMJ",
    "childNodes": [
      "PM2. 5 estimation using",
      "machine learning",
      "models and satellite data: A literature review"
    ]
  },
  {
    "href": "https://ieeexplore.ieee.org/abstract/document/9988967/",
    "id": "zV03CginfYwJ",
    "childNodes": [
      "Predict the crop-yield through uav using",
      "machine learning",
      "a systematic literature review"
    ]
  },
  {
    "href": "https://www.mdpi.com/1911-8074/15/2/71",
    "id": "wzHirASRg_IJ",
    "childNodes": [
      "Machine learning",
      "the carbon footprint of bitcoin mining"
    ]
  },
  {
    "href": "http://jae-tech.com/index.php/jaet/article/view/131",
    "id": "5ngjRAUszjEJ",
    "childNodes": [
      "Water Quality Monitoring in Agriculture: Applications, Challenges and Future Prospectus with IoT and",
      "Machine Learning"
    ]
  },
  {
    "href": "https://www.dbpia.co.kr/Journal/articleDetail?nodeId=NODE09910427",
    "id": "JiFEFnO5Es4J",
    "childNodes": [
      "YOUR MOVEMENT IN A CITY TELLS YOUR CREDIT: CREDIT DEFAULT PREDICTION BASED ON",
      "GEOLOCATION",
      "INFORMATION"
    ]
  },
  {
    "href": "https://link.springer.com/chapter/10.1007/978-3-030-76374-9_8",
    "id": "5vocy0do7fQJ",
    "childNodes": [
      "Geolocation",
      "Inference Using Twitter Data: A Case Study of COVID-19 in the Contiguous United States"
    ]
  },
  {
    "href": "https://ieeexplore.ieee.org/abstract/document/10575346/",
    "id": "zGZnRBEe1LgJ",
    "childNodes": [
      "Integrating",
      "Machine Learning",
      "and IoT Technologies for Advancements in Solar Energy Systems"
    ]
  },
  {
    "href": "https://ieeexplore.ieee.org/abstract/document/10498028/",
    "id": "gBfLgdfY674J",
    "childNodes": [
      "Geolocation",
      "using social media data as language identification and data mining strategies"
    ]
  }
]