[
  {
    "href": "https://ieeexplore.ieee.org/abstract/document/9631491/",
    "id": "-Zt8vIUpZscJ",
    "childNodes": [
      "Towards a peer-to-peer federated",
      "machine learning",
      "environment for continuous authentication"
    ]
  },
  {
    "href": "https://ieeexplore.ieee.org/abstract/document/8917873/",
    "id": "0CKsqtqLFNEJ",
    "childNodes": [
      "TV white space spectrum analysis based on",
      "machine learning"
    ]
  },
  {
    "href": "https://www.frontiersin.org/articles/10.3389/fpubh.2021.772620/full",
    "id": "UBRhjKhBx2IJ",
    "childNodes": [
      "Deploying",
      "Machine Learning",
      "Models Using Progressive Web Applications: Implementation Using a Neural Network Prediction Model for Pneumonia Related Child …"
    ]
  },
  {
    "href": "https://ieeexplore.ieee.org/abstract/document/8718160/",
    "id": "IIHA4Mj_08cJ",
    "childNodes": [
      "Improving TDoA based positioning accuracy using",
      "machine learning",
      "in a LoRaWan environment"
    ]
  },
  {
    "href": "https://search.ebscohost.com/login.aspx?direct=true&profile=ehost&scope=site&authtype=crawler&jrnl=27700070&AN=181002385&h=35IEn4wch6Hg39rBMLKwxnwEpF2JghYeIj9xKgDp1JSuNhdNY3wFh6JLAtTE6USShbNHXKqatKo1ni5%2BReKFWw%3D%3D&crl=c",
    "id": "GDVQ_winnqwJ",
    "childNodes": [
      "Machine Learning",
      "-Based Intelligent Video Surveillance in Smart City Framework."
    ]
  },
  {
    "href": "https://ebooks.iospress.nl/doi/10.3233/SHTI190238",
    "id": "Tlh8VIrDapoJ",
    "childNodes": [
      "Towards automating location-specific opioid toxicosurveillance from Twitter via data science methods"
    ]
  },
  {
    "href": "https://pmc.ncbi.nlm.nih.gov/articles/PMC10148373/",
    "id": "OqkgiHOSKLQJ",
    "childNodes": [
      "Public opinions toward COVID-19 vaccine mandates: a",
      "machine learning",
      "-based analysis of US tweets"
    ]
  },
  {
    "href": "https://ieeexplore.ieee.org/abstract/document/9432254/",
    "id": "x_7qe3fk1T8J",
    "childNodes": [
      "A detection, tracking and alerting system for Covid-19 using geo-fencing and",
      "machine learning"
    ]
  },
  {
    "href": "https://mental.jmir.org/2020/9/e19348",
    "id": "O0Rv7lP0_GQJ",
    "childNodes": [
      "Utilizing",
      "machine learning",
      "on internet search activity to support the diagnostic process and relapse detection in young individuals with early psychosis …"
    ]
  },
  {
    "href": "https://onlinelibrary.wiley.com/doi/abs/10.1002/esp.5678",
    "id": "FHWC-OqOk7sJ",
    "childNodes": [
      "Landscape domains and information surfaces: data collection, recording and citation using decimal latitude‐longitude",
      "geolocation",
      "via the FAIR principles"
    ]
  }
]