[
  {
    "href": "https://arxiv.org/abs/2106.13411",
    "id": "C2njygXjWhsJ",
    "childNodes": [
      "Fine-grained",
      "geolocation",
      "prediction of tweets with human",
      "machine",
      "collaboration"
    ]
  },
  {
    "href": "http://philstat.org/index.php/MSEA/article/view/1834",
    "id": "ngkhAjG-PZ0J",
    "childNodes": [
      "Geolocation",
      "Data and Sentiment Analysis Combined with Deep",
      "Learning",
      "for Tourism Destination Management"
    ]
  },
  {
    "href": "https://royalsocietypublishing.org/doi/abs/10.1098/rsif.2019.0031",
    "id": "lV_QVOOTkgwJ",
    "childNodes": [
      "Reconstruction of long-distance bird migration routes using advanced",
      "machine learning",
      "techniques on geolocator data"
    ]
  },
  {
    "href": "https://repository.fit.edu/etd/882/",
    "id": "tYqkwz6lHngJ",
    "childNodes": [
      "Uplink Throughput Prediction and Device",
      "Geolocation",
      "in Cellular Communication System Using",
      "Machine Learning",
      "Methodology"
    ]
  },
  {
    "href": "https://ieeexplore.ieee.org/abstract/document/8257985/",
    "id": "AOEwYJID17kJ",
    "childNodes": [
      "Text-based",
      "geolocation",
      "prediction of social media users with neural networks"
    ]
  },
  {
    "href": "https://link.springer.com/article/10.1007/s41019-021-00165-1",
    "id": "0i8vX7FgDH0J",
    "childNodes": [
      "Predicting",
      "geolocation",
      "of tweets: using combination of CNN and BiLSTM"
    ]
  },
  {
    "href": "https://besjournals.onlinelibrary.wiley.com/doi/abs/10.1111/2041-210X.13075",
    "id": "DdGLagtyNMIJ",
    "childNodes": [
      "Machine learning",
      "for image based species identification"
    ]
  },
  {
    "href": "https://orbilu.uni.lu/handle/10993/58863",
    "id": "R1Fr-B1Z-fwJ",
    "childNodes": [
      "Machine Learning",
      "for Classification of Satellite",
      "Geolocation",
      "Data: Addressing the Path Segmentation Challenge in Animal Movement Ecology"
    ]
  },
  {
    "href": "https://www.mdpi.com/2078-2489/16/1/65",
    "id": "EMapApkH5jsJ",
    "childNodes": [
      "Fine-Grained Arabic Post (Tweet)",
      "Geolocation",
      "Prediction Using Deep",
      "Learning",
      "Techniques"
    ]
  }
]