[
  {
    "href": "https://www.sciencedirect.com/science/article/pii/S0957417421001998",
    "id": "19gy74RqJ1IJ",
    "childNodes": [
      "A",
      "Machine Learning",
      "-based DSS for mid and long-term company crisis prediction"
    ]
  },
  {
    "href": "https://ieeexplore.ieee.org/abstract/document/6716371/",
    "id": "M8spyojMXsUJ",
    "childNodes": [
      "IP",
      "geolocation",
      "suspicious email messages"
    ]
  },
  {
    "href": "https://heinonline.org/hol-cgi-bin/get_pdf.cgi?handle=hein.journals/ilr106&section=19",
    "id": "c4D_zbfcYrcJ",
    "childNodes": [
      "Clearing opacity through",
      "machine learning"
    ]
  },
  {
    "href": "https://www.sciencedirect.com/science/article/pii/S0952197622006200",
    "id": "pZ5pNuvAkS8J",
    "childNodes": [
      "Multisource traffic incident reporting and evidence management in Internet of Vehicles using",
      "machine learning",
      "and blockchain"
    ]
  },
  {
    "href": "https://books.google.com/books?hl=de&lr=&id=sc2qDQAAQBAJ&oi=fnd&pg=PP1&dq=geolocation+machine+learning&ots=CGOYL9UcIg&sig=Gg0SB9_sh7-UsFEhPqqE90F1YJk",
    "id": "bOYma1dRMWUJ",
    "childNodes": [
      "Advanced",
      "machine learning",
      "with Python"
    ]
  },
  {
    "href": "https://ieeexplore.ieee.org/abstract/document/10623617/",
    "id": "h05m2BCtZ2oJ",
    "childNodes": [
      "Simulation of multispectral and hyperspectral EO products for onboard",
      "Machine Learning",
      "application"
    ]
  },
  {
    "href": "http://proceedings.mlr.press/v97/wu19e",
    "id": "wgMHWvm6wPAJ",
    "childNodes": [
      "Simplifying graph convolutional networks"
    ]
  },
  {
    "href": "https://link.springer.com/article/10.1007/s41870-023-01358-9",
    "id": "1KGmniYgscMJ",
    "childNodes": [
      "Downlink throughput prediction using",
      "machine learning",
      "models on 4G-LTE networks"
    ]
  },
  {
    "href": "http://proceedings.mlr.press/v66/yates17a",
    "id": "bY5vn2pW4XQJ",
    "childNodes": [
      "Arousal detection for biometric data in built environments using",
      "machine learning"
    ]
  },
  {
    "href": "https://journal.lu.lv/JISIB/article/view/2368",
    "id": "rRodRBNiAMgJ",
    "childNodes": [
      "A comparative analysis with",
      "machine learning",
      "of public data governance and AI policies in the European Union, United States, and China"
    ]
  }
]