[
  {
    "href": "https://books.google.com/books?hl=de&lr=&id=tx2CDwAAQBAJ&oi=fnd&pg=PP1&dq=geolocation+machine+learning&ots=ul3KpIn8mq&sig=I4Q3Spea6tMColw-dSP0PCuowEc",
    "id": "0LFIOGGwSvkJ",
    "childNodes": [
      "Hands-On",
      "Machine Learning",
      "for Algorithmic Trading: Design and implement investment strategies based on smart algorithms that learn from data using …"
    ]
  },
  {
    "href": "https://www.mdpi.com/2072-4292/14/3/541",
    "id": "qgMSyLAWfc0J",
    "childNodes": [
      "Designing a European-wide crop type mapping approach based on",
      "machine learning",
      "algorithms using LUCAS field survey and Sentinel-2 data"
    ]
  },
  {
    "href": "https://www.mdpi.com/2504-446X/6/6/145",
    "id": "dJml3zv1_6oJ",
    "childNodes": [
      "Resource management in 5G networks assisted by UAV base stations:",
      "Machine learning",
      "for overloaded Macrocell prediction based on users' temporal and …"
    ]
  },
  {
    "href": "https://www.sciencedirect.com/science/article/pii/S1161030121001064",
    "id": "ixWxSD8VK8sJ",
    "childNodes": [
      "Machine learning",
      "approaches can reduce environmental data requirements for regional yield potential simulation"
    ]
  },
  {
    "href": "https://www.tandfonline.com/doi/abs/10.1080/13658816.2025.2460051",
    "id": "65hFwqmopgMJ",
    "childNodes": [
      "Geospatiality: the effect of topics on the presence of",
      "geolocation",
      "in English text data"
    ]
  },
  {
    "href": "https://www.mdpi.com/2072-4292/11/2/128",
    "id": "CLPfJEehCyQJ",
    "childNodes": [
      "Soil salinity mapping using SAR sentinel-1 data and advanced",
      "machine learning",
      "algorithms: A case study at Ben Tre Province of the Mekong River Delta (Vietnam)"
    ]
  },
  {
    "href": "https://ieeexplore.ieee.org/abstract/document/9060213/",
    "id": "UP7MIjR6bwEJ",
    "childNodes": [
      "Road traffic event detection using twitter data,",
      "machine learning",
      ", and apache spark"
    ]
  },
  {
    "href": "https://www.sciencedirect.com/science/article/pii/S1309104218306032",
    "id": "mKpPGzLciLIJ",
    "childNodes": [
      "Assessing PM2. 5 concentrations in Tehran, Iran, from space using MAIAC, deep blue, and dark target AOD and",
      "machine learning",
      "algorithms"
    ]
  },
  {
    "href": "https://www.mdpi.com/2072-4292/14/5/1140",
    "id": "Vl2TJ_2uuUEJ",
    "childNodes": [
      "Predicting canopy chlorophyll content in sugarcane crops using",
      "machine learning",
      "algorithms and spectral vegetation indices derived from UAV multispectral imagery"
    ]
  },
  {
    "href": "https://www.sciencedirect.com/science/article/pii/S0926580522001820",
    "id": "mSCKhxMOnckJ",
    "childNodes": [
      "Machine learning",
      "algorithms for monitoring pavement performance"
    ]
  }
]