[
  {
    "href": "https://www.spiedigitallibrary.org/conference-proceedings-of-spie/11414/1141405/Discrimination-between-and-geolocation-of-cotton-and-palmer-amaranth-using/10.1117/12.2559083.short",
    "id": "obgLWN0FHDIJ",
    "childNodes": [
      "Discrimination between and",
      "geolocation",
      "of cotton and palmer amaranth using spectral and geometric data"
    ]
  },
  {
    "href": "https://www.sciencedirect.com/science/article/pii/S0034425721000730",
    "id": "fC4G-Snd_n8J",
    "childNodes": [
      "Automatic detection and classification of low-level orographic precipitation processes from space-borne radars using",
      "machine learning"
    ]
  },
  {
    "href": "https://repositorio.ipcb.pt/entities/publication/59e5a022-1d4a-476d-8da2-34fa2924a1b6",
    "id": "Fg96asUXw6IJ",
    "childNodes": [
      "Development of a system for identification and",
      "geolocation",
      "of diseases, pests and anomalies in agricultural crops"
    ]
  },
  {
    "href": "https://www.mdpi.com/1424-8220/18/11/4073",
    "id": "iRy32akKEdYJ",
    "childNodes": [
      "Enhancement of localization systems in NLOS urban scenario with multipath ray tracing fingerprints and",
      "machine learning"
    ]
  },
  {
    "href": "https://www.dline.info/jisr/fulltext/v6n2/v6n2_3.pdf",
    "id": "dr64O8-rZjkJ",
    "childNodes": [
      "Machine learning",
      "solutions for controlling cyberbullying and cyberstalking"
    ]
  },
  {
    "href": "https://essd.copernicus.org/preprints/essd-2024-206/",
    "id": "_bAuE2PC6vQJ",
    "childNodes": [
      "A Sentinel-2",
      "Machine Learning",
      "Dataset for Tree Species Classification in Germany"
    ]
  },
  {
    "href": "https://hal.science/hal-03766504/document",
    "id": "lpEanp1N_RIJ",
    "childNodes": [
      "Numerical parametric study to classify and estimate pavement characteristics using GPR and",
      "machine learning",
      "methods"
    ]
  },
  {
    "href": "https://arxiv.org/abs/1806.07842",
    "id": "K74idMPHS1MJ",
    "childNodes": [
      "Gamification for education of the digitally native generation by means of virtual reality, augmented reality,",
      "machine learning",
      ", and brain-computing interfaces in …"
    ]
  },
  {
    "href": "https://amt.copernicus.org/articles/13/2257/2020/",
    "id": "biTEQvuQcd8J",
    "childNodes": [
      "A",
      "machine",
      "-",
      "learning",
      "-based cloud detection and thermodynamic-phase classification algorithm using passive spectral observations"
    ]
  },
  {
    "href": "https://journals.lww.com/cinjournal/fulltext/2023/09000/automatic_detection_of_twitter_users_who_express.12.aspx",
    "id": "RepzPgcfYMkJ",
    "childNodes": [
      "Automatic detection of twitter users who express chronic stress experiences via supervised",
      "machine learning",
      "and natural language processing"
    ]
  }
]