[
  {
    "href": "https://ieeexplore.ieee.org/abstract/document/9976984/",
    "id": "pA4cKHYWxAUJ",
    "childNodes": [
      "Coral Reef Image Collections for",
      "Machine Learning",
      ", Mapping, and Monitoring"
    ]
  },
  {
    "href": "https://www.mdpi.com/1424-8220/23/11/5243",
    "id": "h2X4aRIs39oJ",
    "childNodes": [
      "Machine learning",
      "techniques for developing remotely monitored central nervous system biomarkers using wearable sensors: a narrative literature review"
    ]
  },
  {
    "href": "https://ieeexplore.ieee.org/abstract/document/9799336/",
    "id": "sP11cIVt594J",
    "childNodes": [
      "Reliability of ip",
      "geolocation",
      "services for assessing the compliance of international data transfers"
    ]
  },
  {
    "href": "https://ieeexplore.ieee.org/abstract/document/9855495/",
    "id": "rHHyZSfS6jAJ",
    "childNodes": [
      "Binary and Fractional MODIS Snow Cover Mapping Boosted by",
      "Machine Learning",
      "and Big Landsat Data"
    ]
  },
  {
    "href": "https://www.mdpi.com/2072-4292/15/3/812",
    "id": "kULUdOlxvmwJ",
    "childNodes": [
      "Spatial downscaling and gap-filling of SMAP soil moisture to high resolution using MODIS surface variables and",
      "machine learning",
      "approaches over ShanDian River …"
    ]
  },
  {
    "href": "https://proceedings.mlr.press/v37/xiao15.html",
    "id": "CFdxrHmDDxUJ",
    "childNodes": [
      "Is feature selection secure against training data poisoning?"
    ]
  },
  {
    "href": "https://er.chdtu.edu.ua/handle/ChSTU/4979",
    "id": "sQKTIAgH2ooJ",
    "childNodes": [
      "Future prospects: AI and",
      "machine learning",
      "in cloud-based SIP trunking"
    ]
  },
  {
    "href": "https://pdfs.semanticscholar.org/8f23/6621d621f88beab49434ed66a096b963a95d.pdf",
    "id": "G7i_yCW4eI4J",
    "childNodes": [
      "Machine learning",
      "based access control framework for the Internet of Things"
    ]
  },
  {
    "href": "https://www.frontiersin.org/articles/10.3389/fphar.2021.648805/full",
    "id": "CWyWlt5MZAgJ",
    "childNodes": [
      "Predicting drug-induced liver injury using",
      "machine learning",
      "on a diverse set of predictors"
    ]
  },
  {
    "href": "https://ieeexplore.ieee.org/abstract/document/8524369/",
    "id": "JlMRF2VxoQwJ",
    "childNodes": [
      "A study on the integration of",
      "machine learning",
      "in wireless communication"
    ]
  }
]