[
  {
    "href": "https://ieeexplore.ieee.org/abstract/document/9797230/",
    "id": "XDYMDkC9720J",
    "childNodes": [
      "A novel",
      "machine learning",
      "-based scheme for spectrum sharing in virtualized 5G networks"
    ]
  },
  {
    "href": "https://onlinelibrary.wiley.com/doi/abs/10.1155/2022/3696140",
    "id": "FjjUWtzXSE0J",
    "childNodes": [
      "[Retracted] The Role of",
      "Machine Learning",
      "in E‐",
      "Learning",
      "Using the Web and AI‐Enabled Mobile Applications"
    ]
  },
  {
    "href": "https://www.academia.edu/download/102292222/TSP_CMC_33682.pdf",
    "id": "akZTHWQmwuwJ",
    "childNodes": [
      "A Review of",
      "Machine Learning",
      "Techniques in Cyberbullying Detection."
    ]
  },
  {
    "href": "https://www.mdpi.com/2072-4292/13/18/3777",
    "id": "6KOrlGwP5F8J",
    "childNodes": [
      "Mapping canopy heights in dense tropical forests using low-cost UAV-derived photogrammetric point clouds and",
      "machine learning",
      "approaches"
    ]
  },
  {
    "href": "https://theses.hal.science/tel-03206311/",
    "id": "xuVNWtVwlfsJ",
    "childNodes": [
      "Contributions to RSSI-based",
      "geolocation"
    ]
  },
  {
    "href": "https://ieeexplore.ieee.org/abstract/document/6553087/",
    "id": "9JMMMMSBm1gJ",
    "childNodes": [
      "RFI detection algorithm: Accurate",
      "geolocation",
      "of the interfering sources in SMOS images"
    ]
  },
  {
    "href": "https://onlinelibrary.wiley.com/doi/abs/10.1111/tgis.13264",
    "id": "GZxn0gsx5j8J",
    "childNodes": [
      "DGAG: A Novel Approach That Detects Green Areas With",
      "Geolocation",
      "From Large‐Scale Satellite Imaging Instance Segmentation and GIS Application"
    ]
  },
  {
    "href": "https://www.mdpi.com/2076-3417/10/2/500",
    "id": "-ucR6hUqXjoJ",
    "childNodes": [
      "GPS-based indoor/outdoor detection scheme using",
      "machine learning",
      "techniques"
    ]
  },
  {
    "href": "https://ieeexplore.ieee.org/abstract/document/7925566/",
    "id": "eJ9ghq62SD0J",
    "childNodes": [
      "NLOS identification and mitigation for",
      "geolocation",
      "using least-squares support vector machines"
    ]
  },
  {
    "href": "https://www.sciencedirect.com/science/article/pii/S157495412200067X",
    "id": "Hx-KtIywbfUJ",
    "childNodes": [
      "Field-scale rice yield prediction from Sentinel-2 monthly image composites using",
      "machine learning",
      "algorithms"
    ]
  }
]