[
  {
    "href": "https://www.intereuroconf.com/index.php/ipsn/article/view/1686",
    "id": "nnHBzfDMuMcJ",
    "childNodes": [
      "Improvement of methods of",
      "geolocation",
      "map for monitoring of cluster activity of regions and development of the basis of web cards"
    ]
  },
  {
    "href": "https://www.nature.com/articles/s41598-024-71197-6",
    "id": "fVLek3BP6hYJ",
    "childNodes": [
      "Geospatial data for peer-to-peer communication among autonomous vehicles using optimized",
      "machine learning",
      "algorithm"
    ]
  },
  {
    "href": "https://www.mdpi.com/2224-2708/13/4/43",
    "id": "r5Q862NrFRcJ",
    "childNodes": [
      "Smart Stick Navigation System for Visually Impaired Based on",
      "Machine Learning",
      "Algorithms Using Sensors Data"
    ]
  },
  {
    "href": "https://journals.lww.com/co-psychiatry/fulltext/2020/07000/machine_learning_approaches_to_substance_abuse.8.aspx",
    "id": "tymRzBcR5zIJ",
    "childNodes": [
      "Machine",
      "-",
      "learning",
      "approaches to substance-abuse research: emerging trends and their implications"
    ]
  },
  {
    "href": "https://www.jmir.org/2017/8/e289/'%20+%20match%20+%20'",
    "id": "J1tovHj48woJ",
    "childNodes": [
      "A collaborative approach to identifying social media markers of schizophrenia by employing",
      "machine learning",
      "and clinical appraisals"
    ]
  },
  {
    "href": "https://link.springer.com/article/10.1007/s13222-016-0221-x",
    "id": "fAkm9b3GT1kJ",
    "childNodes": [
      "On textual analysis and",
      "machine learning",
      "for cyberstalking detection"
    ]
  },
  {
    "href": "https://www.annualreviews.org/content/journals/10.1146/annurev-clinpsy-080921-073212",
    "id": "vYtbSDx1XzkJ",
    "childNodes": [
      "Machine learning",
      "and the digital measurement of psychological health"
    ]
  },
  {
    "href": "https://www.ingentaconnect.com/content/stc/tc/2022/00000069/00000004/art00008",
    "id": "8z8LQq1maGUJ",
    "childNodes": [
      "Localizing content: The roles of technical & professional communicators and",
      "machine learning",
      "in personalized chatbot responses"
    ]
  },
  {
    "href": "https://eric.ed.gov/?id=EJ1227158",
    "id": "WDMfNvpL1T8J",
    "childNodes": [
      "Media Literacy Education in the Age of",
      "Machine Learning",
      "."
    ]
  },
  {
    "href": "https://iopscience.iop.org/article/10.1088/1748-9326/abbd01/meta",
    "id": "8IWz_X_USEAJ",
    "childNodes": [
      "Machine learning",
      "for aquatic plastic litter detection, classification and quantification (APLASTIC-Q)"
    ]
  }
]