[
  {
    "href": "https://elib.psu.by/handle/123456789/37030",
    "id": "LYMt4FlWX9UJ",
    "childNodes": [
      "Geolocation",
      "-related data clustering methods"
    ]
  },
  {
    "href": "https://books.google.com/books?hl=de&lr=&id=qfsOEAAAQBAJ&oi=fnd&pg=PR7&dq=geolocation+machine+learning&ots=qhSNG2ZwJo&sig=6QvDuwlijuP99db8izGhUAdB1J0",
    "id": "pvXEzZoQPTQJ",
    "childNodes": [
      "Machine learning",
      "and big data analytics paradigms: Analysis, applications and challenges"
    ]
  },
  {
    "href": "https://ieeexplore.ieee.org/abstract/document/10325362/",
    "id": "kflVQ4x2El4J",
    "childNodes": [
      "A systematic literature review on",
      "machine learning",
      "in shared mobility"
    ]
  },
  {
    "href": "https://www.mdpi.com/2072-4292/12/8/1295",
    "id": "AyzUw33qRF8J",
    "childNodes": [
      "Evaluation of prescribed fires from unmanned aerial vehicles (UAVs) imagery and",
      "machine learning",
      "algorithms"
    ]
  },
  {
    "href": "https://www.mdpi.com/2073-4433/12/5/606",
    "id": "NxyZ97rzQ6wJ",
    "childNodes": [
      "Aerosol and cloud detection using",
      "machine learning",
      "algorithms and space-based lidar data"
    ]
  },
  {
    "href": "https://www.emerald.com/insight/content/doi/10.1108/JAOC-08-2020-0107/full/html",
    "id": "6tO8kvVE9ZIJ",
    "childNodes": [
      "Management accounting and the concepts of exploratory data analysis and unsupervised",
      "machine learning",
      ": a literature study and future directions"
    ]
  },
  {
    "href": "https://journals.sagepub.com/doi/abs/10.1177/0972753121990175",
    "id": "AqTKHUv5bdAJ",
    "childNodes": [
      "A review of publicly available automatic brain segmentation methodologies,",
      "machine learning",
      "models, recent advancements, and their comparison"
    ]
  },
  {
    "href": "https://www.mdpi.com/2624-7402/5/4/125",
    "id": "TfaYkP7-rgQJ",
    "childNodes": [
      "Multispectral Vegetation Indices and",
      "Machine Learning",
      "Approaches for Durum Wheat (",
      "I",
      "Desf.) Yield Prediction across Different Varieties"
    ]
  },
  {
    "href": "https://arxiv.org/abs/1708.04358",
    "id": "cjf-D1OBl1QJ",
    "childNodes": [
      "Continuous representation of location for",
      "geolocation",
      "and lexical dialectology using mixture density networks"
    ]
  },
  {
    "href": "https://www.jmir.org/2018/6/e10136/",
    "id": "-w4Ogx4yVWcJ",
    "childNodes": [
      "Detecting recovery problems just in time: Application of automated linguistic analysis and supervised",
      "machine learning",
      "to an online substance abuse forum"
    ]
  }
]