[
  {
    "href": "https://www.sciencedirect.com/science/article/pii/S0034425722005326",
    "id": "Hqb2mEJKJ8QJ",
    "childNodes": [
      "The retrieval of aerosol optical properties based on a random forest",
      "machine learning",
      "approach: Exploration of geostationary satellite images"
    ]
  },
  {
    "href": "https://www.sciencedirect.com/science/article/pii/S0278434314001629",
    "id": "wBuj_7rSeZYJ",
    "childNodes": [
      "Mapping seabed sediments: Comparison of manual, geostatistical, object-based image analysis and",
      "machine learning",
      "approaches"
    ]
  },
  {
    "href": "https://www.sciencedirect.com/science/article/pii/S004896972200818X",
    "id": "XC0b-ER85FwJ",
    "childNodes": [
      "A framework for separating natural and anthropogenic contributions to evapotranspiration of human-managed land covers in watersheds based on",
      "machine learning"
    ]
  },
  {
    "href": "https://vtechworks.lib.vt.edu/bitstreams/3abb96e2-fe84-45f0-9cda-8f16c25cc782/download",
    "id": "b6OuEJRDGywJ",
    "childNodes": [
      "Leveraging",
      "Geolocation",
      "Data to Flag Suspicious Actors"
    ]
  },
  {
    "href": "https://www.sciencedirect.com/science/article/pii/S1618866723000821",
    "id": "KrJ-KfbeidgJ",
    "childNodes": [
      "COVID-19 pandemic changes the recreational use of Moscow parks in space and time: Outcomes from crowd-sourcing and",
      "machine learning"
    ]
  },
  {
    "href": "https://www.researchsquare.com/article/rs-2994545/latest",
    "id": "rSv4dHQgBkAJ",
    "childNodes": [
      "Selection Method of Cross Border E-commerce Overseas Warehouse Partners Based on Social Networks",
      "Geolocation",
      "Prediction and ELECTRE II"
    ]
  },
  {
    "href": "https://www.sciencedirect.com/science/article/pii/S092427161930262X",
    "id": "cQOXCQMuZAkJ",
    "childNodes": [
      "Estimating wheat yields in Australia using climate records, satellite image time series and",
      "machine learning",
      "methods"
    ]
  },
  {
    "href": "https://ojs.aaai.org/index.php/ICWSM/article/view/19349",
    "id": "swsejjK6VBoJ",
    "childNodes": [
      "Identification of twitter bots based on an explainable",
      "machine learning",
      "framework: the US 2020 elections case study"
    ]
  },
  {
    "href": "https://iopscience.iop.org/article/10.1088/1748-9326/ab1b7d/meta",
    "id": "kMzSPS9pQKwJ",
    "childNodes": [
      "How can Big Data and",
      "machine learning",
      "benefit environment and water management: a survey of methods, applications, and future directions"
    ]
  },
  {
    "href": "https://onepetro.org/ARMAUSRMS/proceedings-abstract/ARMA20/All-ARMA20/447628",
    "id": "9qktMg3QrVgJ",
    "childNodes": [
      "Machine learning",
      "assisted geosteering"
    ]
  }
]