[
  {
    "href": "https://link.springer.com/article/10.1007/S42979-021-00592-X",
    "id": "6AFBYl1fXa8J",
    "childNodes": [
      "Machine learning",
      ": Algorithms, real-world applications and research directions"
    ]
  },
  {
    "href": "https://onlinelibrary.wiley.com/doi/abs/10.1111/risa.14244",
    "id": "PnX0-la7ySsJ",
    "childNodes": [
      "Posthurricane damage assessment using satellite imagery and",
      "geolocation",
      "features"
    ]
  },
  {
    "href": "https://ieeexplore.ieee.org/abstract/document/10214926/",
    "id": "__crnY02mtMJ",
    "childNodes": [
      "Ripgeo: Robust street-level ip",
      "geolocation"
    ]
  },
  {
    "href": "https://www.sciencedirect.com/science/article/pii/S0261517722002023",
    "id": "Hwq4cPP9ZdAJ",
    "childNodes": [
      "Who is a tourist? Classifying international urban tourists using",
      "machine learning"
    ]
  },
  {
    "href": "https://www.mdpi.com/0718-1876/17/1/9",
    "id": "S0tdr-q8YwkJ",
    "childNodes": [
      "Customer churn in retail e-commerce business: Spatial and",
      "machine learning",
      "approach"
    ]
  },
  {
    "href": "https://mhealth.jmir.org/2021/3/e24465",
    "id": "NhRtPB3g6ZgJ",
    "childNodes": [
      "Predicting emotional states using behavioral markers derived from passively sensed data: data-driven",
      "machine learning",
      "approach"
    ]
  },
  {
    "href": "https://d-nb.info/118575959X/34",
    "id": "lVPbzSxeLLgJ",
    "childNodes": [
      "An effective approach for",
      "geolocation",
      "prediction in twitter streams using clustering based discretization"
    ]
  },
  {
    "href": "https://www.academia.edu/download/104940615/2201.05518v1.pdf",
    "id": "bpi_GYj2SaYJ",
    "childNodes": [
      "UGV-UAV object",
      "geolocation",
      "in unstructured environments"
    ]
  },
  {
    "href": "https://www.mdpi.com/2071-1050/14/9/5189",
    "id": "hMvZEsin6g8J",
    "childNodes": [
      "Agroforestry suitability for planning site-specific interventions using",
      "machine learning",
      "approaches"
    ]
  },
  {
    "href": "https://ieeexplore.ieee.org/abstract/document/8531759/",
    "id": "N_pj5oatGN4J",
    "childNodes": [
      "Machine learning",
      "approach to RF transmitter identification"
    ]
  }
]