[
  {
    "href": "https://ieeexplore.ieee.org/abstract/document/8804786/",
    "id": "wVC8oYvDoTUJ",
    "childNodes": [
      "A case for",
      "machine learning",
      "in edge-oriented computing to enhance mobility as a service"
    ]
  },
  {
    "href": "https://ieeexplore.ieee.org/abstract/document/9738256/",
    "id": "kzFMxngIYJQJ",
    "childNodes": [
      "Machine Learning",
      "and the Internet Of Things for Smart Buildings: A state of the art survey"
    ]
  },
  {
    "href": "https://www.mdpi.com/2079-9292/9/6/1033",
    "id": "TZQMJX0UcKAJ",
    "childNodes": [
      "Exploring malware behavior of webpages using",
      "machine learning",
      "technique: An empirical study"
    ]
  },
  {
    "href": "https://ieeexplore.ieee.org/abstract/document/9514853/",
    "id": "rQxne7WG9fMJ",
    "childNodes": [
      "IoV-based collision avoidance architecture using",
      "machine learning",
      "prediction"
    ]
  },
  {
    "href": "https://aclanthology.org/2020.nlpcovid19-2.37/",
    "id": "M0j2eh7k4e0J",
    "childNodes": [
      "Real-time classification,",
      "geolocation",
      "and interactive visualization of COVID-19 information shared on social media to better understand global developments"
    ]
  },
  {
    "href": "https://content.iospress.com/articles/journal-of-intelligent-and-fuzzy-systems/ifs210458",
    "id": "sI6IMu3HRecJ",
    "childNodes": [
      "Efficient detection of hacker community based on twitter data using complex networks and",
      "machine learning",
      "algorithm"
    ]
  },
  {
    "href": "https://www.nature.com/articles/s41598-023-28939-9",
    "id": "-m8QrVD_UgkJ",
    "childNodes": [
      "Deep",
      "learning",
      "and data fusion to estimate surface soil moisture from multi-sensor satellite images"
    ]
  },
  {
    "href": "https://arxiv.org/abs/2408.12116",
    "id": "zbahw6PRwo8J",
    "childNodes": [
      "Geolocation",
      "representation from large language models are generic enhancers for spatio-temporal",
      "learning"
    ]
  },
  {
    "href": "https://www.tandfonline.com/doi/abs/10.1080/10494820.2018.1525411",
    "id": "_GW-8E9RU0gJ",
    "childNodes": [
      "Teaching",
      "machine learning",
      "in robotics interactively: the case of reinforcement",
      "learning",
      "with Lego",
      "SUP",
      "Mindstorms"
    ]
  },
  {
    "href": "https://library.oapen.org/handle/20.500.12657/51239",
    "id": "TGDf29vAFkcJ",
    "childNodes": [
      "The novel in the Spanish Silver Age: a digital analysis of genre using",
      "machine learning"
    ]
  }
]